insert into SUBSCRIPTIONS (Id_SUBSCRIPTIONS, name, price, max_lesson_access, picture, description) values (1, 'Free', 0, 1, 'http://dummyimage.com/249x103.png/5fa2dd/ffffff', 'vestibulum velit id pretium iaculis diam erat fermentum justo nec condimentum neque sapien');
insert into SUBSCRIPTIONS (Id_SUBSCRIPTIONS, name, price, max_lesson_access, picture, description) values (2, 'Starter', 9.90, 5, 'http://dummyimage.com/202x150.png/5fa2dd/ffffff', 'pretium iaculis justo in hac habitasse platea dictumst etiam faucibus cursus urna');
insert into SUBSCRIPTIONS (Id_SUBSCRIPTIONS, name, price, max_lesson_access, picture, description) values (3, 'Master', 19, 9999, 'http://dummyimage.com/158x149.png/5fa2dd/ffffff', 'dis parturient montes nascetur ridiculus mus vivamus vestibulum sagittis sapien cum sociis natoque penatibus et');
insert into LANGUAGES (Id_LANGUAGES, name) values (1, 'Hebrew');
insert into LANGUAGES (Id_LANGUAGES, name) values (2, 'Hindi');
insert into LANGUAGES (Id_LANGUAGES, name) values (3, 'Amharic');
insert into LANGUAGES (Id_LANGUAGES, name) values (4, 'Zulu');
insert into LANGUAGES (Id_LANGUAGES, name) values (5, 'Czech');
insert into LANGUAGES (Id_LANGUAGES, name) values (6, 'Bengali');
insert into LANGUAGES (Id_LANGUAGES, name) values (7, 'Oriya');
insert into LANGUAGES (Id_LANGUAGES, name) values (8, 'Tok Pisin');
insert into LANGUAGES (Id_LANGUAGES, name) values (9, 'Swedish');
insert into LANGUAGES (Id_LANGUAGES, name) values (10, 'Arabic');
insert into LANGUAGES (Id_LANGUAGES, name) values (11, 'Indonesian');
insert into LANGUAGES (Id_LANGUAGES, name) values (12, 'Kashmiri');
insert into LANGUAGES (Id_LANGUAGES, name) values (13, 'Tamil');
insert into LANGUAGES (Id_LANGUAGES, name) values (14, 'Portuguese');
insert into LANGUAGES (Id_LANGUAGES, name) values (15, 'Kazakh');
insert into LANGUAGES (Id_LANGUAGES, name) values (16, 'Aymara');
insert into LANGUAGES (Id_LANGUAGES, name) values (17, 'Kannada');
insert into LANGUAGES (Id_LANGUAGES, name) values (18, 'Khmer');
insert into LANGUAGES (Id_LANGUAGES, name) values (19, 'Simlish');
insert into LANGUAGES (Id_LANGUAGES, name) values (20, 'Tsonga');
insert into USERS (Id_USERS, email, password, firstName, lastName, profilePicture, isCreatedAt, lastSeen, isBlocked, Id_LANGUAGES) values (1, 'contractor@gmail.com', '$2a$10$riRbN.D/HwKnudJzLSMOMuxOLCdN3PYUGp/h7HxDViL4kqwCc2/iC', 'Jaynell', 'Jozaitis', 'http://dummyimage.com/140x166.png/cc0000/ffffff', '2020-05-18 02:12:10', '2022-09-19 14:42:47', 'service-desk', 12);
insert into USERS (Id_USERS, email, password, firstName, lastName, profilePicture, isCreatedAt, lastSeen, isBlocked, Id_LANGUAGES) values (2, 'cpassingham1@unesco.org', '$2a$04$tQbqj3P9jTkMnpkk6lZjN.YEMWscZV97qwX.6SsUBZPQ3EJ2UYIfG', 'Cello', 'Passingham', 'http://dummyimage.com/249x133.png/cc0000/ffffff', '2021-06-16 18:01:37', '2022-08-05 01:35:39', 'context-sensitive', 10);
insert into USERS (Id_USERS, email, password, firstName, lastName, profilePicture, isCreatedAt, lastSeen, isBlocked, Id_LANGUAGES) values (3, 'dhosby2@smugmug.com', '$2a$04$5YnZXm6FGhJZ0mCEapjhKu6NXK8d7Kc6Hubhcl/zBGkgNhW1/E06W', 'Deeann', 'Hosby', 'http://dummyimage.com/104x103.png/ff4444/ffffff', '2020-10-07 07:42:14', '2021-09-07 04:44:15', 'application', 7);
insert into USERS (Id_USERS, email, password, firstName, lastName, profilePicture, isCreatedAt, lastSeen, isBlocked, Id_LANGUAGES) values (4, 'lmealham3@fda.gov', '$2a$04$OcFasgilEytZAwFJSjASze4ukxdquiSUKS8sLPGEMrRH8lSJWld9e', 'Lane', 'Mealham', 'http://dummyimage.com/248x131.png/dddddd/000000', '2020-07-21 05:11:45', '2023-03-09 09:24:34', 'capability', 18);
insert into USERS (Id_USERS, email, password, firstName, lastName, profilePicture, isCreatedAt, lastSeen, isBlocked, Id_LANGUAGES) values (5, 'rjarlmann4@unblog.fr', '$2a$04$OxqtUbGUezeRg58co/bvQ.FZgjUGU8qQ1SjVA0lbpilP/THN87Spe', 'Raddie', 'Jarlmann', 'http://dummyimage.com/114x159.png/5fa2dd/ffffff', '2023-05-10 19:08:31', '2023-06-05 02:59:46', 'foreground', 16);
insert into USERS (Id_USERS, email, password, firstName, lastName, profilePicture, isCreatedAt, lastSeen, isBlocked, Id_LANGUAGES) values (6, 'idunbavin5@nydailynews.com', '$2a$04$hFelbG0FAfqYBvjyUvJX8uspiA4sfEf221/5YjsFSo6lLvM.xepL.', 'Ingram', 'Dunbavin', 'http://dummyimage.com/168x175.png/cc0000/ffffff', '2022-08-26 17:56:19', '2023-04-16 11:40:30', 'needs-based', 18);
insert into USERS (Id_USERS, email, password, firstName, lastName, profilePicture, isCreatedAt, lastSeen, isBlocked, Id_LANGUAGES) values (7, 'ajennens6@seattletimes.com', '$2a$04$Hn9scdoDDp26OmG6hD9Ts.3gUN/TT/m45GkF4pJgcYgCjhl9gB052', 'Angelina', 'Jennens', 'http://dummyimage.com/117x190.png/ff4444/ffffff', '2021-10-22 14:18:30', '2021-12-08 20:57:55', 'cohesive', 11);
insert into USERS (Id_USERS, email, password, firstName, lastName, profilePicture, isCreatedAt, lastSeen, isBlocked, Id_LANGUAGES) values (8, 'jsartain7@hao123.com', '$2a$04$jEuHlDsneZ92Harb2ryeduJcDFHUeD3IrKSz/mY3G1g4kwlqw4C6S', 'Jefferey', 'Sartain', 'http://dummyimage.com/144x130.png/cc0000/ffffff', '2022-07-11 12:21:58', '2021-05-06 12:52:29', 'Multi-tiered', 14);
insert into USERS (Id_USERS, email, password, firstName, lastName, profilePicture, isCreatedAt, lastSeen, isBlocked, Id_LANGUAGES) values (9, 'bsimao8@mozilla.com', '$2a$04$cyc/wOQbWaKAG2bkIf.2ZeL22nb63.RihM4axhwWoQLzVWywmEkiu', 'Britte', 'Simao', 'http://dummyimage.com/160x233.png/dddddd/000000', '2022-07-19 14:51:39', '2022-10-11 12:28:50', 'User-friendly', 3);
insert into USERS (Id_USERS, email, password, firstName, lastName, profilePicture, isCreatedAt, lastSeen, isBlocked, Id_LANGUAGES) values (10, 'edasent9@yellowbook.com', '$2a$04$vUcW/Oas4pWsWcwSS/qzo.OFc5NCXZn5KSlLbfrZqf2A2XaFpk/la', 'Eddi', 'Dasent', 'http://dummyimage.com/144x188.png/cc0000/ffffff', '2020-04-07 02:15:05', '2021-06-03 08:27:19', 'ability', 15);
insert into USERS (Id_USERS, email, password, firstName, lastName, profilePicture, isCreatedAt, lastSeen, isBlocked, Id_LANGUAGES) values (11, 'yhatheralla@reuters.com', '$2a$04$HzNlEmmNTICDp3U5m2pQPOnoAaxHVBufQrAWIdQ53VWLvuAeMObmO', 'Yardley', 'Hatherall', 'http://dummyimage.com/175x177.png/ff4444/ffffff', '2022-12-18 21:54:51', '2021-12-04 11:34:55', 'Exclusive', 9);
insert into USERS (Id_USERS, email, password, firstName, lastName, profilePicture, isCreatedAt, lastSeen, isBlocked, Id_LANGUAGES) values (12, 'sloddonb@google.com.au', '$2a$04$sDRsUk7ZzdbKX0pIQL769.9XJ0wm0vXg7YuCf993N7aFvTR9aJICy', 'Sigvard', 'Loddon', 'http://dummyimage.com/243x118.png/cc0000/ffffff', '2020-10-27 15:27:23', '2020-10-02 01:18:14', 'emulation', 3);
insert into USERS (Id_USERS, email, password, firstName, lastName, profilePicture, isCreatedAt, lastSeen, isBlocked, Id_LANGUAGES) values (13, 'plerhinanc@fc2.com', '$2a$04$R/8T80y0sAzy2kli2VIwuuT18ufNZZ1F1hv0rJzXTCKz0Kf9r7E.G', 'Perren', 'Lerhinan', 'http://dummyimage.com/124x221.png/dddddd/000000', '2021-07-24 22:01:43', '2020-06-30 09:23:24', 'well-modulated', 3);
insert into USERS (Id_USERS, email, password, firstName, lastName, profilePicture, isCreatedAt, lastSeen, isBlocked, Id_LANGUAGES) values (14, 'pwharramd@prlog.org', '$2a$04$UC9HFX5UdIokq2.2dX/yfeEE7e63pv/YOCx9WV2F1/HSbfaPsDtcC', 'Pietrek', 'Wharram', 'http://dummyimage.com/152x112.png/ff4444/ffffff', '2023-02-20 20:20:57', '2021-04-04 19:02:23', 'Monitored', 12);
insert into USERS (Id_USERS, email, password, firstName, lastName, profilePicture, isCreatedAt, lastSeen, isBlocked, Id_LANGUAGES) values (15, 'dtappere@cornell.edu', '$2a$04$48.20e4dYLfQ19bQWi06uO3DvMJsHNFt85iaLFBf8GwNSh87l8lgi', 'Delcina', 'Tapper', 'http://dummyimage.com/224x242.png/cc0000/ffffff', '2020-09-26 10:24:24', '2020-11-21 20:43:02', 'Streamlined', 18);
insert into USERS (Id_USERS, email, password, firstName, lastName, profilePicture, isCreatedAt, lastSeen, isBlocked, Id_LANGUAGES) values (16, 'aforseyf@so-net.ne.jp', '$2a$04$gL2B3STw3cDjYY95N0Flk.cK7F2uD2C5.sToK8KH.MwK.KTqMK4ZS', 'Alfredo', 'Forsey', 'http://dummyimage.com/173x115.png/ff4444/ffffff', '2023-01-07 03:43:53', '2021-03-08 03:27:45', 'definition', 9);
insert into USERS (Id_USERS, email, password, firstName, lastName, profilePicture, isCreatedAt, lastSeen, isBlocked, Id_LANGUAGES) values (17, 'hjesseg@va.gov', '$2a$04$2h5OzyqihG0O8E123jb01ehjVuqo3Bncf8JfH4rKuVWfzECySXLvO', 'Haily', 'Jesse', 'http://dummyimage.com/108x173.png/5fa2dd/ffffff', '2020-01-09 01:36:47', '2023-03-14 10:33:27', 'Ameliorated', 2);
insert into USERS (Id_USERS, email, password, firstName, lastName, profilePicture, isCreatedAt, lastSeen, isBlocked, Id_LANGUAGES) values (18, 'cmorandoh@hhs.gov', '$2a$04$cvDXZ0GRLn.qo/fDiPkgBuBIHs5.csUB69ei5tqs7d5yp9Cby5trW', 'Cass', 'Morando', 'http://dummyimage.com/184x174.png/ff4444/ffffff', '2020-11-07 12:56:17', '2023-05-23 05:21:24', '24 hour', 11);
insert into USERS (Id_USERS, email, password, firstName, lastName, profilePicture, isCreatedAt, lastSeen, isBlocked, Id_LANGUAGES) values (19, 'mpenwelli@soup.io', '$2a$04$PJ.PI4FekQR3AR4WcTjBPeTAL2Y8HsEyi1m3V0x6wn8rJqWUU5Pyy', 'Miranda', 'Penwell', 'http://dummyimage.com/136x239.png/ff4444/ffffff', '2021-03-23 22:59:29', '2022-08-11 18:25:02', 'knowledge base', 14);
insert into USERS (Id_USERS, email, password, firstName, lastName, profilePicture, isCreatedAt, lastSeen, isBlocked, Id_LANGUAGES) values (20, 'mmarrionj@discuz.net', '$2a$04$APLMn0eSBRpUtkRRz/t15eeRHs7dxSc/6D4TRmYqwpKYPj.Qzcy72', 'Merola', 'Marrion', 'http://dummyimage.com/202x200.png/5fa2dd/ffffff', '2021-01-09 18:11:53', '2020-06-07 06:39:22', 'homogeneous', 7);
insert into USERS (Id_USERS, email, password, firstName, lastName, profilePicture, isCreatedAt, lastSeen, isBlocked, Id_LANGUAGES) values (21, 'admin@gmail.com', '$2a$10$riRbN.D/HwKnudJzLSMOMuxOLCdN3PYUGp/h7HxDViL4kqwCc2/iC', 'Carolann', 'Scudamore', 'http://dummyimage.com/145x122.png/5fa2dd/ffffff', '2022-06-16 19:47:59', '2020-12-19 18:11:00', 'Business-focused', 17);
insert into USERS (Id_USERS, email, password, firstName, lastName, profilePicture, isCreatedAt, lastSeen, isBlocked, Id_LANGUAGES) values (22, 'cgorbelll@mozilla.org', '$2a$04$BBItmttZR/ELFGm3UGKVu.fdDEW.d1nFFls6VLHpU0bCgph088GMq', 'Cherida', 'Gorbell', 'http://dummyimage.com/223x244.png/ff4444/ffffff', '2020-02-06 02:31:43', '2021-11-11 13:59:32', '4th generation', 19);
insert into USERS (Id_USERS, email, password, firstName, lastName, profilePicture, isCreatedAt, lastSeen, isBlocked, Id_LANGUAGES) values (23, 'edisbreym@wsj.com', '$2a$04$oBfjcmHW2VJJ0G4b3w7kduL7yNexSxAQVZiccNonZRXpWqrFT2dtW', 'Ewell', 'Disbrey', 'http://dummyimage.com/179x222.png/cc0000/ffffff', '2020-09-30 18:38:12', '2020-12-13 16:00:51', 'attitude', 14);
insert into USERS (Id_USERS, email, password, firstName, lastName, profilePicture, isCreatedAt, lastSeen, isBlocked, Id_LANGUAGES) values (24, 'agarthlandn@bandcamp.com', '$2a$04$A/3b8ry4NLaSn1Hp3ZK7Dum6645FPeftsKrj/ZNi.CGVrEt/i6cP2', 'Albertine', 'Garthland', 'http://dummyimage.com/131x200.png/5fa2dd/ffffff', '2021-05-13 01:13:59', '2020-09-24 17:01:20', 'demand-driven', 9);
insert into USERS (Id_USERS, email, password, firstName, lastName, profilePicture, isCreatedAt, lastSeen, isBlocked, Id_LANGUAGES) values (25, 'hvergineo@plala.or.jp', '$2a$04$t0hEBvaERq9Z/H5AH3lBOu.9mrX2ko6eSKVNA3i3UWeAud0XaaH/q', 'Henriette', 'Vergine', 'http://dummyimage.com/136x103.png/ff4444/ffffff', '2020-11-13 14:20:18', '2021-04-08 15:51:01', 'synergy', 2);
insert into USERS (Id_USERS, email, password, firstName, lastName, profilePicture, isCreatedAt, lastSeen, isBlocked, Id_LANGUAGES) values (26, 'cbartleyp@mtv.com', '$2a$04$0OQee7Bgzx9jNZKl5mGCie/GSrV56Y0a1H7SE9csXWFou9W7dkA.W', 'Clarita', 'Bartley', 'http://dummyimage.com/162x245.png/dddddd/000000', '2020-11-05 11:08:08', '2021-06-07 20:28:42', 'methodology', 9);
insert into USERS (Id_USERS, email, password, firstName, lastName, profilePicture, isCreatedAt, lastSeen, isBlocked, Id_LANGUAGES) values (27, 'wlaityq@google.pl', '$2a$04$gTcEJUsHCP/AI7DosoIeGOGD8oL8/UJE/PJdS.qzguDXJdEQQQ89.', 'Woodrow', 'Laity', 'http://dummyimage.com/165x197.png/5fa2dd/ffffff', '2021-01-18 18:24:40', '2021-11-20 06:46:12', 'system engine', 18);
insert into USERS (Id_USERS, email, password, firstName, lastName, profilePicture, isCreatedAt, lastSeen, isBlocked, Id_LANGUAGES) values (28, 'hdomleor@harvard.edu', '$2a$04$pedm22omwKlD5Wo5CkXvC.hmNfOx7Rq3D9V5U1mX37Ul/kQYSr7.C', 'Hale', 'Domleo', 'http://dummyimage.com/111x249.png/cc0000/ffffff', '2022-09-26 17:39:55', '2022-04-12 14:24:17', 'Upgradable', 19);
insert into USERS (Id_USERS, email, password, firstName, lastName, profilePicture, isCreatedAt, lastSeen, isBlocked, Id_LANGUAGES) values (29, 'lrebbecks@geocities.com', '$2a$04$baYsONkzWQ1HG9kMayzZIO4OW30oMP9prkCDdeTS0p4euVXuLqIMa', 'Leonanie', 'Rebbeck', 'http://dummyimage.com/123x229.png/ff4444/ffffff', '2021-08-16 20:12:11', '2022-07-11 13:10:34', 'composite', 13);
insert into USERS (Id_USERS, email, password, firstName, lastName, profilePicture, isCreatedAt, lastSeen, isBlocked, Id_LANGUAGES) values (30, 'mthyingt@geocities.com', '$2a$04$7DdndswscieYP9vbviLSbuXlYqqMzpKpqeEwDBnwgZFR1hskIXxce', 'Margalo', 'Thying', 'http://dummyimage.com/114x212.png/ff4444/ffffff', '2021-10-30 09:28:41', '2023-03-03 08:14:45', 'content-based', 4);
insert into USERS (Id_USERS, email, password, firstName, lastName, profilePicture, isCreatedAt, lastSeen, isBlocked, Id_LANGUAGES) values (31, 'user@gmail.com', '$2a$10$riRbN.D/HwKnudJzLSMOMuxOLCdN3PYUGp/h7HxDViL4kqwCc2/iC', 'Philippa', 'Swindin', 'http://dummyimage.com/180x185.png/5fa2dd/ffffff', '2021-01-07 07:58:08', '2020-10-06 15:49:16', 'multimedia', 16);
insert into USERS (Id_USERS, email, password, firstName, lastName, profilePicture, isCreatedAt, lastSeen, isBlocked, Id_LANGUAGES) values (32, 'awillesonv@skype.com', '$2a$04$n4dNpHbtpJyFvBmg6GmQOOpzk56zmwgr/KrEf7vDUE4bMpoHODCDq', 'Angus', 'Willeson', 'http://dummyimage.com/166x136.png/dddddd/000000', '2020-02-19 16:31:58', '2021-10-08 07:00:13', 'tertiary', 17);
insert into USERS (Id_USERS, email, password, firstName, lastName, profilePicture, isCreatedAt, lastSeen, isBlocked, Id_LANGUAGES) values (33, 'gslowcockw@trellian.com', '$2a$04$uOMncKe/lbQI9sIMCrW4F.mp3lgp8FI74rm1hOQSsFi0ndTLZvzqW', 'Gertruda', 'Slowcock', 'http://dummyimage.com/158x230.png/ff4444/ffffff', '2020-05-21 23:24:08', '2020-05-26 00:27:41', 'interactive', 10);
insert into USERS (Id_USERS, email, password, firstName, lastName, profilePicture, isCreatedAt, lastSeen, isBlocked, Id_LANGUAGES) values (34, 'kdanetx@nifty.com', '$2a$04$YLAIfaeKSh2dBw//Jlae/OAuFha/IhGyh5OZ8vz/7aOcVuLeNf5vG', 'Ky', 'Danet', 'http://dummyimage.com/197x218.png/cc0000/ffffff', '2021-02-27 16:51:38', '2021-02-23 04:26:11', 'reciprocal', 1);
insert into USERS (Id_USERS, email, password, firstName, lastName, profilePicture, isCreatedAt, lastSeen, isBlocked, Id_LANGUAGES) values (35, 'ccardosoy@pagesperso-orange.fr', '$2a$04$AG1JEUk6YkMAvzvGPiJ4SeNKKPULyl1lvGedOOZ3SRT/QubdzGGM6', 'Cecile', 'Cardoso', 'http://dummyimage.com/202x130.png/ff4444/ffffff', '2021-01-21 13:10:16', '2022-03-16 03:21:30', 'frame', 15);
insert into USERS (Id_USERS, email, password, firstName, lastName, profilePicture, isCreatedAt, lastSeen, isBlocked, Id_LANGUAGES) values (36, 'eeykelhofz@booking.com', '$2a$04$nJwsPlVyG94c8VTXKXUXoOPKYp.wjaNckUbXnlTQWFfDSPTEuhc/i', 'Erich', 'Eykelhof', 'http://dummyimage.com/247x131.png/5fa2dd/ffffff', '2021-05-14 13:56:04', '2023-05-01 23:30:34', '24/7', 16);
insert into USERS (Id_USERS, email, password, firstName, lastName, profilePicture, isCreatedAt, lastSeen, isBlocked, Id_LANGUAGES) values (37, 'cbasley10@chicagotribune.com', '$2a$04$8wZdZp04G0q3itTB1CnfdubQ8Q0W1x2fyPDGFVVWYkY6gtPQ5PcIS', 'Creight', 'Basley', 'http://dummyimage.com/205x146.png/dddddd/000000', '2023-01-29 01:43:45', '2021-06-12 21:42:36', 'projection', 9);
insert into USERS (Id_USERS, email, password, firstName, lastName, profilePicture, isCreatedAt, lastSeen, isBlocked, Id_LANGUAGES) values (38, 'fbuessen11@unicef.org', '$2a$04$oeCqibw776zI4VwVglcEzug20R6/5hm8CJzGbpdb6HJtRHYnw78fC', 'Fidelio', 'Buessen', 'http://dummyimage.com/157x104.png/dddddd/000000', '2021-06-07 09:10:54', '2020-06-24 20:35:05', 'intangible', 1);
insert into USERS (Id_USERS, email, password, firstName, lastName, profilePicture, isCreatedAt, lastSeen, isBlocked, Id_LANGUAGES) values (39, 'mbreydin12@ft.com', '$2a$04$jcgJEai.spnm3vjP4A8kheRmZsoYU1AqxDD3GMKfUgU5IEbaABqTK', 'Marshal', 'Breydin', 'http://dummyimage.com/198x195.png/ff4444/ffffff', '2023-02-21 22:08:46', '2023-02-19 20:25:46', 'archive', 18);
insert into USERS (Id_USERS, email, password, firstName, lastName, profilePicture, isCreatedAt, lastSeen, isBlocked, Id_LANGUAGES) values (40, 'whasley13@stanford.edu', '$2a$04$/pbNi6KXkqMSl3mzlUjfmOkQXbNr1VPuXrMKP/Bh3HfxDU3Mg14lu', 'Wain', 'Hasley', 'http://dummyimage.com/179x228.png/ff4444/ffffff', '2020-10-28 06:15:10', '2023-03-20 08:58:54', 'encoding', 15);
insert into USERS (Id_USERS, email, password, firstName, lastName, profilePicture, isCreatedAt, lastSeen, isBlocked, Id_LANGUAGES) values (41, 'hwyeld14@nba.com', '$2a$04$/6vljS0m2/vTEMsJ/KGOPO6CguTeD9JOeivU.tUQjQE5LRfvKzjyu', 'Hynda', 'Wyeld', 'http://dummyimage.com/169x234.png/dddddd/000000', '2022-02-02 22:04:41', '2021-09-26 00:33:24', 'global', 14);
insert into USERS (Id_USERS, email, password, firstName, lastName, profilePicture, isCreatedAt, lastSeen, isBlocked, Id_LANGUAGES) values (42, 'vbaudet15@irs.gov', '$2a$04$5m30dRdDLlVknh8i5av2Ye3B0UHf/ppoluL1R/f4Gczf7PkjySuBu', 'Vladamir', 'Baudet', 'http://dummyimage.com/194x148.png/dddddd/000000', '2020-09-03 00:48:17', '2020-10-29 09:45:38', 'transitional', 18);
insert into USERS (Id_USERS, email, password, firstName, lastName, profilePicture, isCreatedAt, lastSeen, isBlocked, Id_LANGUAGES) values (43, 'fgaudin16@51.la', '$2a$04$gW4iaLc4jbUg5C8J4csYjepOFQLYiJ3O8zA1to6OhhMDxQq0sm.Wm', 'Florencia', 'Gaudin', 'http://dummyimage.com/126x184.png/5fa2dd/ffffff', '2020-08-25 01:44:37', '2020-03-27 23:30:15', 'well-modulated', 7);
insert into USERS (Id_USERS, email, password, firstName, lastName, profilePicture, isCreatedAt, lastSeen, isBlocked, Id_LANGUAGES) values (44, 'gravenshear17@feedburner.com', '$2a$04$VRim9CGXm/Z4Xgm1adQ7TeDor39QUC.Qp44a92AkG4lhUnV5.cYsi', 'Gertrude', 'Ravenshear', 'http://dummyimage.com/119x182.png/cc0000/ffffff', '2022-11-18 08:49:18', '2021-12-12 13:47:43', 'Visionary', 2);
insert into USERS (Id_USERS, email, password, firstName, lastName, profilePicture, isCreatedAt, lastSeen, isBlocked, Id_LANGUAGES) values (45, 'dlemin18@nature.com', '$2a$04$Epxk5rqd8rdqHBn/LKD3EuJJdQ3wEaG4ifsVsyCutHmva3nbSTjG6', 'Duky', 'Lemin', 'http://dummyimage.com/149x248.png/cc0000/ffffff', '2023-02-09 23:17:48', '2022-04-08 03:52:41', 'Cloned', 18);
insert into USERS (Id_USERS, email, password, firstName, lastName, profilePicture, isCreatedAt, lastSeen, isBlocked, Id_LANGUAGES) values (46, 'orobbel19@virginia.edu', '$2a$04$DDryU1gG.yHT1oJmbrKUQOfhMgyO9RVznZPFGbj0I5ima8ObPo.Li', 'Olivie', 'Robbel', 'http://dummyimage.com/201x229.png/cc0000/ffffff', '2021-06-28 18:28:18', '2020-05-11 05:12:37', 'hardware', 17);
insert into USERS (Id_USERS, email, password, firstName, lastName, profilePicture, isCreatedAt, lastSeen, isBlocked, Id_LANGUAGES) values (47, 'blumbly1a@cnbc.com', '$2a$04$QinsOUpTPuiFcTXN4roeFugV3j1LyHjlfOstTNWpQ2A3qwlwdRMEC', 'Brooks', 'Lumbly', 'http://dummyimage.com/160x172.png/cc0000/ffffff', '2020-10-01 02:18:59', '2020-12-15 21:38:56', 'definition', 2);
insert into USERS (Id_USERS, email, password, firstName, lastName, profilePicture, isCreatedAt, lastSeen, isBlocked, Id_LANGUAGES) values (48, 'brubie1b@wikispaces.com', '$2a$04$5jl/cd7vw8U.ZYq1HLw/duUSqZHHmvB1BqY.I.QIXOmPyjA1K85.S', 'Barbara', 'Rubie', 'http://dummyimage.com/173x193.png/dddddd/000000', '2020-06-13 04:07:29', '2020-12-20 04:59:34', 'empowering', 9);
insert into USERS (Id_USERS, email, password, firstName, lastName, profilePicture, isCreatedAt, lastSeen, isBlocked, Id_LANGUAGES) values (49, 'cwhitcombe1c@1und1.de', '$2a$04$D2AkwysZQQ9b/jh5crewReohuRJl5ezdt4lujavqNao9cheJIWrT6', 'Chlo', 'Whitcombe', 'http://dummyimage.com/198x146.png/5fa2dd/ffffff', '2021-10-24 18:22:55', '2023-02-05 13:13:27', 'Adaptive', 7);
insert into USERS (Id_USERS, email, password, firstName, lastName, profilePicture, isCreatedAt, lastSeen, isBlocked, Id_LANGUAGES) values (50, 'cmccaghan1d@google.com.au', '$2a$04$IpTD9od2cE9sOG4ty.StLuSd/izGWTaL/JALoA/60NO5Niml80SP6', 'Charita', 'McCaghan', 'http://dummyimage.com/176x161.png/ff4444/ffffff', '2023-05-23 21:03:59', '2021-05-24 13:25:17', '3rd generation', 14);
insert into USERS (Id_USERS, email, password, firstName, lastName, profilePicture, isCreatedAt, lastSeen, isBlocked, Id_LANGUAGES) values (51, 'jseamon1e@slideshare.net', '$2a$04$EjQOSh2RQhlNFW0iw4HzfOSxR8FDqNvp6Hmq4HkSUP3rdm00sYRwa', 'Jaquelyn', 'Seamon', 'http://dummyimage.com/221x164.png/dddddd/000000', '2021-08-08 19:04:00', '2022-01-27 03:45:21', 'encryption', 12);
insert into USERS (Id_USERS, email, password, firstName, lastName, profilePicture, isCreatedAt, lastSeen, isBlocked, Id_LANGUAGES) values (52, 'hjizhaki1f@samsung.com', '$2a$04$LTnKp1ZcFMmL1CYZx3TJaeDfczuOAfpyNpgDPa7zIEKczoAmN35iu', 'Henrik', 'Jizhaki', 'http://dummyimage.com/122x197.png/cc0000/ffffff', '2021-11-19 08:53:15', '2020-12-21 07:45:28', 'solution-oriented', 17);
insert into USERS (Id_USERS, email, password, firstName, lastName, profilePicture, isCreatedAt, lastSeen, isBlocked, Id_LANGUAGES) values (53, 'emattocks1g@amazonaws.com', '$2a$04$P3cMv9gYvClm9GZybfclkedvwvX0xV6.6t3oiCwiadSotCMNBhtnO', 'Electra', 'Mattocks', 'http://dummyimage.com/215x240.png/dddddd/000000', '2021-02-09 08:33:10', '2021-09-23 07:22:55', 'Profit-focused', 9);
insert into USERS (Id_USERS, email, password, firstName, lastName, profilePicture, isCreatedAt, lastSeen, isBlocked, Id_LANGUAGES) values (54, 'hyuryichev1h@zdnet.com', '$2a$04$7jmVlxau3/HfljtdnlAZYO4ZpaHSeCr.Zjhgt3qOsMGfD2OyR4RTW', 'Hilliard', 'Yuryichev', 'http://dummyimage.com/206x123.png/dddddd/000000', '2022-06-19 12:57:22', '2021-01-30 11:00:45', 'logistical', 3);
insert into USERS (Id_USERS, email, password, firstName, lastName, profilePicture, isCreatedAt, lastSeen, isBlocked, Id_LANGUAGES) values (55, 'gblacklock1i@cpanel.net', '$2a$04$HFqzpwY65URUbUoyDbC.COV8bHt6PigSwGyrRaJriH/aTMdcRPkHW', 'Gerry', 'Blacklock', 'http://dummyimage.com/211x217.png/ff4444/ffffff', '2020-08-04 19:22:27', '2020-12-16 23:45:32', 'interactive', 2);
insert into USERS (Id_USERS, email, password, firstName, lastName, profilePicture, isCreatedAt, lastSeen, isBlocked, Id_LANGUAGES) values (56, 'lbradmore1j@wordpress.com', '$2a$04$ctS64T.cKlESv3NuIUz/2eezDogFwfqha/575./Yce0pc8a8isGOi', 'Lora', 'Bradmore', 'http://dummyimage.com/111x242.png/dddddd/000000', '2021-01-21 15:56:53', '2021-10-12 16:31:03', 'stable', 10);
insert into USERS (Id_USERS, email, password, firstName, lastName, profilePicture, isCreatedAt, lastSeen, isBlocked, Id_LANGUAGES) values (57, 'llowres1k@zimbio.com', '$2a$04$HzuoNO.eLI.Unc4CVtdZD.fdyK4vVJ4Jmc5N8eFM7jIV1HhYpKp6O', 'Lonnie', 'Lowres', 'http://dummyimage.com/159x118.png/ff4444/ffffff', '2020-10-03 02:33:08', '2022-03-09 05:41:29', 'real-time', 2);
insert into USERS (Id_USERS, email, password, firstName, lastName, profilePicture, isCreatedAt, lastSeen, isBlocked, Id_LANGUAGES) values (58, 'oleydon1l@rediff.com', '$2a$04$QY2Qv/ZG3r7X9agXn1czSujwKyJ8j/aH6uiZ4eMM9T8vXNmvF8ti.', 'Olivero', 'Leydon', 'http://dummyimage.com/196x144.png/dddddd/000000', '2022-05-19 22:40:32', '2020-12-23 03:34:04', 'Focused', 15);
insert into USERS (Id_USERS, email, password, firstName, lastName, profilePicture, isCreatedAt, lastSeen, isBlocked, Id_LANGUAGES) values (59, 'dbeckerleg1m@istockphoto.com', '$2a$04$JaFYM8sUSu/O0Sf2SHaOQ.5bCY7rOC6h3pUmtGBrAOaSSfYxZ1NNa', 'Darb', 'Beckerleg', 'http://dummyimage.com/246x242.png/cc0000/ffffff', '2022-06-01 15:00:09', '2021-07-12 01:26:47', 'Secured', 12);
insert into USERS (Id_USERS, email, password, firstName, lastName, profilePicture, isCreatedAt, lastSeen, isBlocked, Id_LANGUAGES) values (60, 'mdiloway1n@unicef.org', '$2a$04$au7bxzYpuMWa6efCCrDkfeZQMCZDnR9bwk4KCkEjxIL6DrzFb1NJu', 'Matthus', 'Diloway', 'http://dummyimage.com/114x150.png/dddddd/000000', '2022-01-03 01:11:59', '2021-03-10 08:31:13', 'system engine', 11);
insert into USERS (Id_USERS, email, password, firstName, lastName, profilePicture, isCreatedAt, lastSeen, isBlocked, Id_LANGUAGES) values (61, 'hscorton1o@huffingtonpost.com', '$2a$04$9JbHJCiJCpz1dQIwMVYa4.T6LOJrTuww.bXI3WmjWVioazE.zo4ra', 'Hugh', 'Scorton', 'http://dummyimage.com/137x172.png/cc0000/ffffff', '2022-11-25 12:30:04', '2022-03-27 14:08:35', 'secured line', 10);
insert into USERS (Id_USERS, email, password, firstName, lastName, profilePicture, isCreatedAt, lastSeen, isBlocked, Id_LANGUAGES) values (62, 'emcleoid1p@webmd.com', '$2a$04$roqjMXsjlxI0FySAhBHnIu6ov/b/jJwgAyexAp3Rhjlwsfy4S.zAG', 'Elenore', 'McLeoid', 'http://dummyimage.com/181x106.png/ff4444/ffffff', '2023-02-07 22:31:33', '2020-01-31 08:37:16', 'explicit', 8);
insert into USERS (Id_USERS, email, password, firstName, lastName, profilePicture, isCreatedAt, lastSeen, isBlocked, Id_LANGUAGES) values (63, 'ygroomebridge1q@xing.com', '$2a$04$Y3WGObV4h/7CPaaq9XCzguqTGjpWXNV2qyaB.pmeVowVs8guyeLH.', 'Yorker', 'Groomebridge', 'http://dummyimage.com/216x176.png/dddddd/000000', '2021-08-18 23:09:40', '2020-04-20 10:11:23', 'explicit', 15);
insert into USERS (Id_USERS, email, password, firstName, lastName, profilePicture, isCreatedAt, lastSeen, isBlocked, Id_LANGUAGES) values (64, 'abattye1r@youku.com', '$2a$04$mPy95sAN3KgWAEZ.GB1.ZuIuNPt1avlUPvzZVTbSFginXwUc4q5LG', 'Alleyn', 'Battye', 'http://dummyimage.com/189x208.png/cc0000/ffffff', '2021-06-08 09:04:42', '2020-08-27 22:57:56', 'array', 4);
insert into USERS (Id_USERS, email, password, firstName, lastName, profilePicture, isCreatedAt, lastSeen, isBlocked, Id_LANGUAGES) values (65, 'eschnitter1s@cnn.com', '$2a$04$kdwOvryPvBcnn8bHtLYtte2A5sN4baXYQLz6F/NzdUubXGeVbVhs2', 'Emmie', 'Schnitter', 'http://dummyimage.com/143x155.png/dddddd/000000', '2020-10-25 18:48:29', '2022-09-06 02:51:43', 'throughput', 8);
insert into USERS (Id_USERS, email, password, firstName, lastName, profilePicture, isCreatedAt, lastSeen, isBlocked, Id_LANGUAGES) values (66, 'gjeffs1t@tiny.cc', '$2a$04$TYzCWdLQezvVpKDIyIUkseVqVdaPfv2wuUvd8yQqe0P2P51OB9r1O', 'Gannon', 'Jeffs', 'http://dummyimage.com/211x170.png/dddddd/000000', '2022-10-03 22:59:02', '2023-05-24 17:46:34', 'uniform', 16);
insert into USERS (Id_USERS, email, password, firstName, lastName, profilePicture, isCreatedAt, lastSeen, isBlocked, Id_LANGUAGES) values (67, 'kstuchbury1u@uiuc.edu', '$2a$04$bhMgD9ehny.HCcJ6WKwerODmdMm0MiQGn3HKk7qW8tjQfh1moZYK6', 'Kenny', 'Stuchbury', 'http://dummyimage.com/175x154.png/cc0000/ffffff', '2020-06-09 19:14:42', '2021-04-30 02:38:11', 'website', 2);
insert into USERS (Id_USERS, email, password, firstName, lastName, profilePicture, isCreatedAt, lastSeen, isBlocked, Id_LANGUAGES) values (68, 'wtraise1v@example.com', '$2a$04$E6T9BwVY58uEvYyYxtebMuBNu6sy7cuHYv59Nc5aQyVyZHPBuZUse', 'Wendye', 'Traise', 'http://dummyimage.com/172x226.png/ff4444/ffffff', '2022-04-29 13:43:23', '2022-07-29 12:11:33', 'ability', 12);
insert into USERS (Id_USERS, email, password, firstName, lastName, profilePicture, isCreatedAt, lastSeen, isBlocked, Id_LANGUAGES) values (69, 'bhawkett1w@parallels.com', '$2a$04$adNSQDIn7N.ffOj/A4QkTuJv7K0I6DIwNtIfMkP.cfFURJh9F87B.', 'Bartolomeo', 'Hawkett', 'http://dummyimage.com/183x183.png/dddddd/000000', '2022-02-03 05:41:30', '2020-07-08 06:14:32', 'Diverse', 19);
insert into USERS (Id_USERS, email, password, firstName, lastName, profilePicture, isCreatedAt, lastSeen, isBlocked, Id_LANGUAGES) values (70, 'adugue1x@sohu.com', '$2a$04$1UhCaBu9l/nB8y86RxtuLum.f60jvXi7BuZ.kMMUmq8VG7A0SpIZ6', 'Aubree', 'Dugue', 'http://dummyimage.com/188x223.png/5fa2dd/ffffff', '2021-05-22 11:37:18', '2022-03-05 14:50:13', 'holistic', 12);
insert into USERS (Id_USERS, email, password, firstName, lastName, profilePicture, isCreatedAt, lastSeen, isBlocked, Id_LANGUAGES) values (71, 'gnudds1y@ocn.ne.jp', '$2a$04$GPW1TbcLW2qK/cCaZDXih.ZQ8F7Tp3l/juvJ18d86NEELE81pEX.C', 'Gunar', 'Nudds', 'http://dummyimage.com/143x170.png/dddddd/000000', '2021-02-19 17:09:51', '2021-03-01 21:18:53', 'next generation', 6);
insert into USERS (Id_USERS, email, password, firstName, lastName, profilePicture, isCreatedAt, lastSeen, isBlocked, Id_LANGUAGES) values (72, 'dstonner1z@feedburner.com', '$2a$04$Qz6a/IpWOz1LlxEIS9QXDuYh96c86ewDqACwnsm9vrNzWTKON22DW', 'Dorthea', 'Stonner', 'http://dummyimage.com/231x133.png/5fa2dd/ffffff', '2021-05-10 07:34:41', '2020-06-27 08:48:35', 'orchestration', 11);
insert into USERS (Id_USERS, email, password, firstName, lastName, profilePicture, isCreatedAt, lastSeen, isBlocked, Id_LANGUAGES) values (73, 'aradford20@hhs.gov', '$2a$04$D2oYOReMG/5ij6OvkcyGZuIzVxR864PE69hzeSelSBVEXAG70a5xu', 'Arv', 'Radford', 'http://dummyimage.com/195x228.png/ff4444/ffffff', '2021-08-29 01:43:14', '2022-02-02 19:58:10', 'encompassing', 8);
insert into USERS (Id_USERS, email, password, firstName, lastName, profilePicture, isCreatedAt, lastSeen, isBlocked, Id_LANGUAGES) values (74, 'ccafe21@zimbio.com', '$2a$04$EDVF1i8OP1FzsNPDptgpW.NME0FjE3qLXLmi2MEMAdYwuquKzfwpa', 'Cortie', 'Cafe', 'http://dummyimage.com/250x106.png/cc0000/ffffff', '2020-05-11 11:15:58', '2022-05-27 22:13:52', 'access', 2);
insert into USERS (Id_USERS, email, password, firstName, lastName, profilePicture, isCreatedAt, lastSeen, isBlocked, Id_LANGUAGES) values (75, 'rmcgeachy22@pagesperso-orange.fr', '$2a$04$3/6DhwlCU6NrT6mmZAUvZ.5s9A39H3LAFhhupkbggw3dDWHv2WcbK', 'Roobbie', 'McGeachy', 'http://dummyimage.com/131x162.png/cc0000/ffffff', '2021-03-29 10:46:36', '2022-10-19 08:16:21', 'Intuitive', 19);
insert into USERS (Id_USERS, email, password, firstName, lastName, profilePicture, isCreatedAt, lastSeen, isBlocked, Id_LANGUAGES) values (76, 'toseman23@timesonline.co.uk', '$2a$04$1zkH/o2PVZRZzpQU9VYXzu67x4DfdTbRNt6qeMFktGZABpMLs8y0y', 'Tish', 'Oseman', 'http://dummyimage.com/222x110.png/dddddd/000000', '2021-03-09 06:04:24', '2021-05-27 07:00:14', 'archive', 18);
insert into USERS (Id_USERS, email, password, firstName, lastName, profilePicture, isCreatedAt, lastSeen, isBlocked, Id_LANGUAGES) values (77, 'gloveitt24@army.mil', '$2a$04$3mqR3QyzDVgzIOWreU6I1u8h4HJ28JrMboZCE2jWBwuxx84c2eEB.', 'Glyn', 'Loveitt', 'http://dummyimage.com/143x192.png/dddddd/000000', '2020-07-11 16:27:09', '2023-04-15 18:39:38', 'algorithm', 14);
insert into USERS (Id_USERS, email, password, firstName, lastName, profilePicture, isCreatedAt, lastSeen, isBlocked, Id_LANGUAGES) values (78, 'gwallington25@elpais.com', '$2a$04$jX7jV53ENSiPH9dXHkxlaeniD1FPm/F.W4wOYyyIdzVi2YFU3gnXe', 'Giustino', 'Wallington', 'http://dummyimage.com/131x212.png/cc0000/ffffff', '2022-02-26 00:59:26', '2020-12-04 17:00:16', 'value-added', 7);
insert into USERS (Id_USERS, email, password, firstName, lastName, profilePicture, isCreatedAt, lastSeen, isBlocked, Id_LANGUAGES) values (79, 'arozzier26@stanford.edu', '$2a$04$vEUt6PHnAU7ls6yWt3nqHO86yvvUiNuvfd.a7k7rwQ7HNKIUHpYDa', 'Alex', 'Rozzier', 'http://dummyimage.com/135x114.png/dddddd/000000', '2021-12-07 07:19:26', '2023-05-06 11:55:52', 'forecast', 8);
insert into USERS (Id_USERS, email, password, firstName, lastName, profilePicture, isCreatedAt, lastSeen, isBlocked, Id_LANGUAGES) values (80, 'mlaydon27@mlb.com', '$2a$04$iXbQ8lzWgp6WLEo5TaJ0I.UALHvWEQqdfQ9DRFnarpXeYOx45Y6VW', 'Mia', 'Laydon', 'http://dummyimage.com/112x224.png/5fa2dd/ffffff', '2020-08-13 20:11:19', '2023-01-14 22:46:37', 'info-mediaries', 19);
insert into USERS (Id_USERS, email, password, firstName, lastName, profilePicture, isCreatedAt, lastSeen, isBlocked, Id_LANGUAGES) values (81, 'mellinor28@ezinearticles.com', '$2a$04$larzZLHtAeIJR9AZdO3lv.4OJI5qbcoK/URRRYxvAH8tuxqsAnXOC', 'Magnum', 'Ellinor', 'http://dummyimage.com/200x250.png/ff4444/ffffff', '2021-05-04 17:55:57', '2023-04-30 07:33:06', 'adapter', 9);
insert into USERS (Id_USERS, email, password, firstName, lastName, profilePicture, isCreatedAt, lastSeen, isBlocked, Id_LANGUAGES) values (82, 'zsandry29@bigcartel.com', '$2a$04$T7XMyPbeu6g8VoOg8pHZR.XR9R0Kzm.Ha29JJ1FQFb8mtoZO144hq', 'Zacherie', 'Sandry', 'http://dummyimage.com/174x233.png/cc0000/ffffff', '2022-03-15 16:01:05', '2021-08-23 14:46:18', 'Reduced', 8);
insert into USERS (Id_USERS, email, password, firstName, lastName, profilePicture, isCreatedAt, lastSeen, isBlocked, Id_LANGUAGES) values (83, 'cdurant2a@reddit.com', '$2a$04$uVGy8OqFlRO6SYY6uOHC6.DsijU9ZgIqdC4Pk679XxTqq9rgTutpO', 'Cathi', 'Durant', 'http://dummyimage.com/153x130.png/ff4444/ffffff', '2020-05-07 21:59:07', '2023-05-03 08:22:14', 'array', 16);
insert into USERS (Id_USERS, email, password, firstName, lastName, profilePicture, isCreatedAt, lastSeen, isBlocked, Id_LANGUAGES) values (84, 'dquilty2b@washington.edu', '$2a$04$f7RMr7eDQM44dQb9kHutvu3kbeJonHMc9gpDRqaDvQYQ8HyAM0E4C', 'Damita', 'Quilty', 'http://dummyimage.com/209x226.png/ff4444/ffffff', '2020-01-21 12:57:24', '2020-08-21 17:39:44', 'contextually-based', 8);
insert into USERS (Id_USERS, email, password, firstName, lastName, profilePicture, isCreatedAt, lastSeen, isBlocked, Id_LANGUAGES) values (85, 'htawton2c@dagondesign.com', '$2a$04$UL3UNLRldFT9t/tEwWPGW.r9ICKnCbK8ZT80dVctj74K1mAIT7YXS', 'Hunfredo', 'Tawton', 'http://dummyimage.com/202x102.png/5fa2dd/ffffff', '2021-08-09 18:11:37', '2020-05-24 21:19:46', 'website', 1);
insert into USERS (Id_USERS, email, password, firstName, lastName, profilePicture, isCreatedAt, lastSeen, isBlocked, Id_LANGUAGES) values (86, 'jaiken2d@noaa.gov', '$2a$04$b0sLBeYX/Mdbypqmv39beeq1rjc6bRka/zYrU6XSA4U6TKxbRcfay', 'Jasen', 'Aiken', 'http://dummyimage.com/194x100.png/ff4444/ffffff', '2023-04-14 20:51:30', '2023-06-07 11:09:41', 'hierarchy', 9);
insert into USERS (Id_USERS, email, password, firstName, lastName, profilePicture, isCreatedAt, lastSeen, isBlocked, Id_LANGUAGES) values (87, 'rstienham2e@google.com.au', '$2a$04$Kbviy2nk2DV2AWBagbMnQemP99cGUXm8GTeMec/cZDPYSrZz50wKO', 'Rem', 'Stienham', 'http://dummyimage.com/147x111.png/5fa2dd/ffffff', '2022-03-05 08:43:59', '2021-02-17 21:25:34', 'forecast', 14);
insert into USERS (Id_USERS, email, password, firstName, lastName, profilePicture, isCreatedAt, lastSeen, isBlocked, Id_LANGUAGES) values (88, 'ddussy2f@sphinn.com', '$2a$04$adNBnOGvAxAi34M1ZOPKXOuuEH8u0.perZah4RFcu3hRhZTcAPnRS', 'Dolf', 'Dussy', 'http://dummyimage.com/136x232.png/ff4444/ffffff', '2020-09-23 18:15:03', '2020-05-01 10:29:10', 'open system', 14);
insert into USERS (Id_USERS, email, password, firstName, lastName, profilePicture, isCreatedAt, lastSeen, isBlocked, Id_LANGUAGES) values (89, 'jpeschka2g@google.com.br', '$2a$04$PSeTfRo3UJEaV.2nwDpwYuprkemtA4Kkrq3cmQy60gPiJTbd0JtvK', 'Janos', 'Peschka', 'http://dummyimage.com/195x163.png/ff4444/ffffff', '2020-08-05 19:50:28', '2021-10-27 21:24:02', 'Multi-lateral', 4);
insert into USERS (Id_USERS, email, password, firstName, lastName, profilePicture, isCreatedAt, lastSeen, isBlocked, Id_LANGUAGES) values (90, 'pmeads2h@usnews.com', '$2a$04$hNLEY98WmLu8mmCiJ401LeCiqLMhh89i6XZZfE5NA7VZPvaivI3rS', 'Paco', 'Meads', 'http://dummyimage.com/108x168.png/cc0000/ffffff', '2022-01-08 17:35:55', '2023-05-08 07:04:53', 'solution', 18);
insert into USERS (Id_USERS, email, password, firstName, lastName, profilePicture, isCreatedAt, lastSeen, isBlocked, Id_LANGUAGES) values (91, 'cbleibaum2i@princeton.edu', '$2a$04$FMgLQPqe/gFChKPIVHhOD.yC9tQYmKn0HgCzPrliy8QUe5Enik676', 'Cam', 'Bleibaum', 'http://dummyimage.com/188x216.png/cc0000/ffffff', '2020-05-04 00:55:10', '2020-05-10 23:55:38', 'protocol', 14);
insert into USERS (Id_USERS, email, password, firstName, lastName, profilePicture, isCreatedAt, lastSeen, isBlocked, Id_LANGUAGES) values (92, 'rsimister2j@discovery.com', '$2a$04$UCIlUfJFpGCqJN2f97On9u2adxTwCfeIXbCFKm6pTfyBWoU3hekBe', 'Ronnie', 'Simister', 'http://dummyimage.com/204x146.png/cc0000/ffffff', '2021-03-10 21:11:58', '2022-11-27 21:21:04', 'User-friendly', 4);
insert into USERS (Id_USERS, email, password, firstName, lastName, profilePicture, isCreatedAt, lastSeen, isBlocked, Id_LANGUAGES) values (93, 'jsowden2k@reference.com', '$2a$04$vzMbXHBe0HZ5JD7vO4IIE.04NJ3mYska2Mr3ugcOnL1yEBzC15E.e', 'Jessa', 'Sowden', 'http://dummyimage.com/197x240.png/ff4444/ffffff', '2021-12-11 12:03:47', '2021-06-15 02:03:01', 'encompassing', 10);
insert into USERS (Id_USERS, email, password, firstName, lastName, profilePicture, isCreatedAt, lastSeen, isBlocked, Id_LANGUAGES) values (94, 'llimer2l@simplemachines.org', '$2a$04$8VSlH1GYFLlWcb4WXAhb.eTHT/qPwhUw1blTwG.9jx7TkDoFRo19e', 'Lainey', 'Limer', 'http://dummyimage.com/165x143.png/cc0000/ffffff', '2021-09-27 17:30:09', '2022-03-27 05:03:49', 'zero tolerance', 3);
insert into USERS (Id_USERS, email, password, firstName, lastName, profilePicture, isCreatedAt, lastSeen, isBlocked, Id_LANGUAGES) values (95, 'pbassill2m@addtoany.com', '$2a$04$k/a9m7ck/VJK7sUUI4iaH.CTebw.ysM.gJ8muqJCBWzB.Re76u7A.', 'Percy', 'Bassill', 'http://dummyimage.com/138x212.png/dddddd/000000', '2022-10-14 20:00:03', '2020-11-27 22:11:51', 'actuating', 18);
insert into USERS (Id_USERS, email, password, firstName, lastName, profilePicture, isCreatedAt, lastSeen, isBlocked, Id_LANGUAGES) values (96, 'gpiccop2n@chicagotribune.com', '$2a$04$NoJLjLUhlhEsl6xBFDHCTOMcL5A4K2.Yw9VM/45jfwH22b3LHHeVC', 'Gerhardt', 'Piccop', 'http://dummyimage.com/241x146.png/ff4444/ffffff', '2023-05-20 15:30:34', '2023-05-09 15:48:45', 'Implemented', 3);
insert into USERS (Id_USERS, email, password, firstName, lastName, profilePicture, isCreatedAt, lastSeen, isBlocked, Id_LANGUAGES) values (97, 'wgarthland2o@hud.gov', '$2a$04$wRP4CxB.Wn3ypZnQsG8M1uMigYvXKADdk0htIy.jiqxmDc82hMhhW', 'Westbrooke', 'Garthland', 'http://dummyimage.com/146x175.png/cc0000/ffffff', '2023-04-08 07:36:19', '2022-12-16 04:21:51', 'Implemented', 3);
insert into USERS (Id_USERS, email, password, firstName, lastName, profilePicture, isCreatedAt, lastSeen, isBlocked, Id_LANGUAGES) values (98, 'dbolzmann2p@skyrock.com', '$2a$04$jAoBRwFtLqVK.DMKLXiY.unH6mBJLMMUPcTidF3ne66UF/AHLYcYa', 'Dianne', 'Bolzmann', 'http://dummyimage.com/225x132.png/5fa2dd/ffffff', '2022-09-23 00:31:27', '2022-10-15 02:14:08', 'zero administration', 6);
insert into USERS (Id_USERS, email, password, firstName, lastName, profilePicture, isCreatedAt, lastSeen, isBlocked, Id_LANGUAGES) values (99, 'rpostans2q@jigsy.com', '$2a$04$knccycA8bxbKJP0mn/q/2.LKEHwweOuQMF3PUvCUXFVUA5rs1fgIi', 'Ralf', 'Postans', 'http://dummyimage.com/112x127.png/5fa2dd/ffffff', '2023-01-19 06:15:09', '2021-11-11 00:04:57', 'open architecture', 11);
insert into USERS (Id_USERS, email, password, firstName, lastName, profilePicture, isCreatedAt, lastSeen, isBlocked, Id_LANGUAGES) values (100, 'olarne2r@mozilla.org', '$2a$04$AYnmJNL7G2RDf3CvMRPF.e0mIDCnH2SBJsP75fBQM.HC5jPrbbzbK', 'Ola', 'Larne', 'http://dummyimage.com/107x186.png/cc0000/ffffff', '2020-12-18 18:36:17', '2020-02-19 01:07:46', 'framework', 17);
insert into CONTRACTOR_TYPES (Id_CONTRACTOR_TYPES, name) values (1, 'Editor');
insert into CONTRACTOR_TYPES (Id_CONTRACTOR_TYPES, name) values (2, 'Junior Executive');
insert into CONTRACTOR_TYPES (Id_CONTRACTOR_TYPES, name) values (3, 'Geological Engineer');
insert into CONTRACTOR_TYPES (Id_CONTRACTOR_TYPES, name) values (4, 'Health Coach IV');
insert into CONTRACTOR_TYPES (Id_CONTRACTOR_TYPES, name) values (5, 'Geological Technologist');
insert into CONTRACTOR_TYPES (Id_CONTRACTOR_TYPES, name) values (6, 'Human Resources Assistant IV');
insert into CONTRACTOR_TYPES (Id_CONTRACTOR_TYPES, name) values (7, 'Internal Auditor');
insert into CONTRACTOR_TYPES (Id_CONTRACTOR_TYPES, name) values (8, 'Database Administrator III');
insert into CONTRACTOR_TYPES (Id_CONTRACTOR_TYPES, name) values (9, 'Dental Hygienist');
insert into CONTRACTOR_TYPES (Id_CONTRACTOR_TYPES, name) values (10, 'Occupational Therapist');
insert into CONTRACTORS (Id_CONTRACTORS, presentation, contractStart, contractEnd, Id_CONTRACTOR_TYPES, Id_USERS) values (1, 'integer non velit donec diam neque vestibulum eget vulputate ut', '2020-03-29 11:38:33', '2022-08-11 01:16:30', 5, 1);
insert into CONTRACTORS (Id_CONTRACTORS, presentation, contractStart, contractEnd, Id_CONTRACTOR_TYPES, Id_USERS) values (2, 'donec ut dolor morbi vel lectus in quam fringilla rhoncus mauris enim leo rhoncus sed vestibulum', '2021-02-01 18:07:31', '2020-10-18 07:11:11', 1, 2);
insert into CONTRACTORS (Id_CONTRACTORS, presentation, contractStart, contractEnd, Id_CONTRACTOR_TYPES, Id_USERS) values (3, 'nam ultrices libero non mattis pulvinar nulla pede ullamcorper augue a suscipit nulla elit ac', '2022-08-13 02:53:11', '2021-05-08 21:19:41', 4, 3);
insert into CONTRACTORS (Id_CONTRACTORS, presentation, contractStart, contractEnd, Id_CONTRACTOR_TYPES, Id_USERS) values (4, 'dolor vel est donec odio justo sollicitudin ut suscipit a feugiat et eros', '2022-05-24 18:28:13', '2020-07-09 04:45:09', 3, 4);
insert into CONTRACTORS (Id_CONTRACTORS, presentation, contractStart, contractEnd, Id_CONTRACTOR_TYPES, Id_USERS) values (5, 'vel nisl duis ac nibh fusce lacus purus aliquet at feugiat non pretium quis lectus suspendisse potenti in eleifend', '2021-05-23 13:36:07', '2022-11-25 11:07:05', 2, 5);
insert into CONTRACTORS (Id_CONTRACTORS, presentation, contractStart, contractEnd, Id_CONTRACTOR_TYPES, Id_USERS) values (6, 'eu sapien cursus vestibulum proin eu mi nulla ac enim in tempor turpis nec euismod', '2020-03-11 08:01:59', '2023-06-04 15:22:11', 9, 6);
insert into CONTRACTORS (Id_CONTRACTORS, presentation, contractStart, contractEnd, Id_CONTRACTOR_TYPES, Id_USERS) values (7, 'mattis odio donec vitae nisi nam ultrices libero non mattis pulvinar nulla pede', '2022-12-31 18:21:19', '2022-11-23 19:14:38', 9, 7);
insert into CONTRACTORS (Id_CONTRACTORS, presentation, contractStart, contractEnd, Id_CONTRACTOR_TYPES, Id_USERS) values (8, 'placerat ante nulla justo aliquam quis turpis eget elit sodales scelerisque mauris sit amet eros suspendisse accumsan tortor quis turpis', '2022-12-12 11:58:18', '2022-09-09 16:22:20', 10, 8);
insert into CONTRACTORS (Id_CONTRACTORS, presentation, contractStart, contractEnd, Id_CONTRACTOR_TYPES, Id_USERS) values (9, 'enim lorem ipsum dolor sit amet consectetuer adipiscing elit proin interdum mauris non ligula pellentesque ultrices phasellus id', '2020-02-17 10:17:16', '2020-10-27 06:31:16', 5, 9);
insert into CONTRACTORS (Id_CONTRACTORS, presentation, contractStart, contractEnd, Id_CONTRACTOR_TYPES, Id_USERS) values (10, 'pretium iaculis diam erat fermentum justo nec condimentum neque sapien placerat ante nulla justo aliquam quis turpis eget', '2022-08-12 01:42:17', '2020-05-27 00:46:14', 6, 10);
insert into CONTRACTORS (Id_CONTRACTORS, presentation, contractStart, contractEnd, Id_CONTRACTOR_TYPES, Id_USERS) values (11, 'id ornare imperdiet sapien urna pretium nisl ut volutpat sapien arcu sed augue aliquam erat volutpat in congue etiam', '2022-07-15 00:00:53', '2020-12-15 21:40:45', 2, 11);
insert into CONTRACTORS (Id_CONTRACTORS, presentation, contractStart, contractEnd, Id_CONTRACTOR_TYPES, Id_USERS) values (12, 'tellus semper interdum mauris ullamcorper purus sit amet nulla quisque arcu libero rutrum ac lobortis vel dapibus at diam', '2022-01-15 10:13:05', '2020-04-27 06:31:00', 8, 12);
insert into CONTRACTORS (Id_CONTRACTORS, presentation, contractStart, contractEnd, Id_CONTRACTOR_TYPES, Id_USERS) values (13, 'massa volutpat convallis morbi odio odio elementum eu interdum eu tincidunt in', '2020-01-23 17:17:25', '2020-11-30 06:58:54', 4, 13);
insert into CONTRACTORS (Id_CONTRACTORS, presentation, contractStart, contractEnd, Id_CONTRACTOR_TYPES, Id_USERS) values (14, 'ornare consequat lectus in est risus auctor sed tristique in tempus sit amet sem fusce consequat nulla', '2022-07-07 08:08:28', '2022-02-25 23:05:35', 9, 14);
insert into CONTRACTORS (Id_CONTRACTORS, presentation, contractStart, contractEnd, Id_CONTRACTOR_TYPES, Id_USERS) values (15, 'amet nulla quisque arcu libero rutrum ac lobortis vel dapibus at diam nam tristique tortor eu pede', '2021-07-22 03:49:00', '2023-01-08 00:34:44', 2, 15);
insert into CONTRACTORS (Id_CONTRACTORS, presentation, contractStart, contractEnd, Id_CONTRACTOR_TYPES, Id_USERS) values (16, 'lacinia nisi venenatis tristique fusce congue diam id ornare imperdiet sapien urna pretium nisl ut volutpat sapien arcu', '2021-10-23 13:50:11', '2022-11-21 07:07:25', 2, 16);
insert into CONTRACTORS (Id_CONTRACTORS, presentation, contractStart, contractEnd, Id_CONTRACTOR_TYPES, Id_USERS) values (17, 'pulvinar lobortis est phasellus sit amet erat nulla tempus vivamus', '2022-10-16 07:13:47', '2021-03-19 03:22:01', 5, 17);
insert into CONTRACTORS (Id_CONTRACTORS, presentation, contractStart, contractEnd, Id_CONTRACTOR_TYPES, Id_USERS) values (18, 'leo rhoncus sed vestibulum sit amet cursus id turpis integer aliquet massa id lobortis convallis tortor risus dapibus augue', '2021-09-30 17:44:23', '2022-10-02 11:08:39', 1, 18);
insert into CONTRACTORS (Id_CONTRACTORS, presentation, contractStart, contractEnd, Id_CONTRACTOR_TYPES, Id_USERS) values (19, 'magnis dis parturient montes nascetur ridiculus mus vivamus vestibulum sagittis sapien cum sociis natoque', '2023-03-01 07:12:13', '2021-02-15 10:47:31', 3, 19);
insert into CONTRACTORS (Id_CONTRACTORS, presentation, contractStart, contractEnd, Id_CONTRACTOR_TYPES, Id_USERS) values (20, 'cum sociis natoque penatibus et magnis dis parturient montes nascetur ridiculus mus etiam vel augue vestibulum rutrum', '2021-04-16 15:49:38', '2020-11-07 02:18:40', 3, 20);
insert into MANAGERS (Id_MANAGERS, isItemManager, isClientManager, isContractorManager, isSuperAdmin, Id_USERS) values (1, true, true, true, true, 21);
insert into MANAGERS (Id_MANAGERS, isItemManager, isClientManager, isContractorManager, isSuperAdmin, Id_USERS) values (2, true, true, true, false, 22);
insert into MANAGERS (Id_MANAGERS, isItemManager, isClientManager, isContractorManager, isSuperAdmin, Id_USERS) values (3, false, false, true, false, 23);
insert into MANAGERS (Id_MANAGERS, isItemManager, isClientManager, isContractorManager, isSuperAdmin, Id_USERS) values (4, false, true, false, false, 24);
insert into MANAGERS (Id_MANAGERS, isItemManager, isClientManager, isContractorManager, isSuperAdmin, Id_USERS) values (5, true, true, false, false, 25);
insert into MANAGERS (Id_MANAGERS, isItemManager, isClientManager, isContractorManager, isSuperAdmin, Id_USERS) values (6, true, false, true, false, 26);
insert into MANAGERS (Id_MANAGERS, isItemManager, isClientManager, isContractorManager, isSuperAdmin, Id_USERS) values (7, true, true, true, false, 27);
insert into MANAGERS (Id_MANAGERS, isItemManager, isClientManager, isContractorManager, isSuperAdmin, Id_USERS) values (8, true, false, true, false, 28);
insert into MANAGERS (Id_MANAGERS, isItemManager, isClientManager, isContractorManager, isSuperAdmin, Id_USERS) values (9, true, false, true, false, 29);
insert into MANAGERS (Id_MANAGERS, isItemManager, isClientManager, isContractorManager, isSuperAdmin, Id_USERS) values (10, false, false, false, false, 30);
insert into CLIENTS (Id_CLIENTS, fidelityPoints, streetName, country, city, streetNumber, phoneNumber, subscription, keepSubscription, Id_USERS) values (1, 51, 'Veith', 'Sweden', 'Stockholm', '618', '683-980-9845', 1, false, 31);
insert into CLIENTS (Id_CLIENTS, fidelityPoints, streetName, country, city, streetNumber, phoneNumber, subscription, keepSubscription, Id_USERS) values (2, 96, 'Esker', 'Portugal', 'Arão', '249', '840-224-3996', 2, false, 32);
insert into CLIENTS (Id_CLIENTS, fidelityPoints, streetName, country, city, streetNumber, phoneNumber, subscription, keepSubscription, Id_USERS) values (3, 12, 'Birchwood', 'Indonesia', 'Cililitan', '14', '959-516-0575', 3, true, 33);
insert into CLIENTS (Id_CLIENTS, fidelityPoints, streetName, country, city, streetNumber, phoneNumber, subscription, keepSubscription, Id_USERS) values (4, 290, 'Bunker Hill', 'China', 'Baitang', '57421', '570-883-1297', 2, true, 34);
insert into CLIENTS (Id_CLIENTS, fidelityPoints, streetName, country, city, streetNumber, phoneNumber, subscription, keepSubscription, Id_USERS) values (5, 180, 'Meadow Valley', 'Canada', 'Greenwood', '6411', '427-735-2536', 2, false, 35);
insert into CLIENTS (Id_CLIENTS, fidelityPoints, streetName, country, city, streetNumber, phoneNumber, subscription, keepSubscription, Id_USERS) values (6, 40, 'Morrow', 'Poland', 'Marianowo', '3', '696-506-0961', 1, false, 36);
insert into CLIENTS (Id_CLIENTS, fidelityPoints, streetName, country, city, streetNumber, phoneNumber, subscription, keepSubscription, Id_USERS) values (7, 215, 'Elmside', 'Brazil', 'Três Rios', '8634', '808-861-8225', 3, true, 37);
insert into CLIENTS (Id_CLIENTS, fidelityPoints, streetName, country, city, streetNumber, phoneNumber, subscription, keepSubscription, Id_USERS) values (8, 294, '1st', 'Ethiopia', 'Korem', '82', '471-163-3253', 1, true, 38);
insert into CLIENTS (Id_CLIENTS, fidelityPoints, streetName, country, city, streetNumber, phoneNumber, subscription, keepSubscription, Id_USERS) values (9, 212, 'Westerfield', 'Nepal', 'Dailekh', '82', '382-112-9495', 1, false, 39);
insert into CLIENTS (Id_CLIENTS, fidelityPoints, streetName, country, city, streetNumber, phoneNumber, subscription, keepSubscription, Id_USERS) values (10, 178, 'Merchant', 'Brazil', 'Altamira', '754', '263-758-1699', 3, true, 40);
insert into CLIENTS (Id_CLIENTS, fidelityPoints, streetName, country, city, streetNumber, phoneNumber, subscription, keepSubscription, Id_USERS) values (11, 2, 'Forest', 'France', 'Roissy Charles-de-Gaulle', '4', '792-496-5366', 1, true, 41);
insert into CLIENTS (Id_CLIENTS, fidelityPoints, streetName, country, city, streetNumber, phoneNumber, subscription, keepSubscription, Id_USERS) values (12, 272, 'Elgar', 'Poland', 'Siemkowice', '1', '479-832-0042', 2, true, 42);
insert into CLIENTS (Id_CLIENTS, fidelityPoints, streetName, country, city, streetNumber, phoneNumber, subscription, keepSubscription, Id_USERS) values (13, 214, 'Moland', 'Ukraine', 'Yampil’', '52704', '655-972-5877', 1, true, 43);
insert into CLIENTS (Id_CLIENTS, fidelityPoints, streetName, country, city, streetNumber, phoneNumber, subscription, keepSubscription, Id_USERS) values (14, 162, 'Montana', 'Portugal', 'Nelas', '40087', '650-360-7197', 1, false, 44);
insert into CLIENTS (Id_CLIENTS, fidelityPoints, streetName, country, city, streetNumber, phoneNumber, subscription, keepSubscription, Id_USERS) values (15, 40, 'Aberg', 'Portugal', 'Celeirós', '8025', '615-878-8471', 1, false, 45);
insert into CLIENTS (Id_CLIENTS, fidelityPoints, streetName, country, city, streetNumber, phoneNumber, subscription, keepSubscription, Id_USERS) values (16, 121, 'Grover', 'Russia', 'Yedogon', '78812', '342-177-2865', 3, true, 46);
insert into CLIENTS (Id_CLIENTS, fidelityPoints, streetName, country, city, streetNumber, phoneNumber, subscription, keepSubscription, Id_USERS) values (17, 230, 'Spohn', 'Japan', 'Takikawa', '5734', '244-895-8448', 2, false, 47);
insert into CLIENTS (Id_CLIENTS, fidelityPoints, streetName, country, city, streetNumber, phoneNumber, subscription, keepSubscription, Id_USERS) values (18, 97, 'Dottie', 'France', 'Saint-Quentin-en-Yvelines', '4687', '118-985-7879', 6, true, 48);
insert into CLIENTS (Id_CLIENTS, fidelityPoints, streetName, country, city, streetNumber, phoneNumber, subscription, keepSubscription, Id_USERS) values (19, 115, 'Maple Wood', 'Serbia', 'Pančevo', '824', '384-543-1065', 3, false, 49);
insert into CLIENTS (Id_CLIENTS, fidelityPoints, streetName, country, city, streetNumber, phoneNumber, subscription, keepSubscription, Id_USERS) values (20, 232, 'Orin', 'Indonesia', 'Kadubamban', '165', '632-914-6788', 1, true, 50);
insert into CLIENTS (Id_CLIENTS, fidelityPoints, streetName, country, city, streetNumber, phoneNumber, subscription, keepSubscription, Id_USERS) values (21, 170, 'Moulton', 'China', 'Sanjiazi', '2', '876-121-8191', 1, false, 51);
insert into CLIENTS (Id_CLIENTS, fidelityPoints, streetName, country, city, streetNumber, phoneNumber, subscription, keepSubscription, Id_USERS) values (22, 84, 'Meadow Valley', 'China', 'Boshan', '6963', '850-313-7378', 2, false, 52);
insert into CLIENTS (Id_CLIENTS, fidelityPoints, streetName, country, city, streetNumber, phoneNumber, subscription, keepSubscription, Id_USERS) values (23, 86, 'Graedel', 'Indonesia', 'Dadaha', '9', '643-110-9022', 3, true, 53);
insert into CLIENTS (Id_CLIENTS, fidelityPoints, streetName, country, city, streetNumber, phoneNumber, subscription, keepSubscription, Id_USERS) values (24, 236, 'Canary', 'China', 'Fuhe', '8172', '391-857-8793', 1, false, 54);
insert into CLIENTS (Id_CLIENTS, fidelityPoints, streetName, country, city, streetNumber, phoneNumber, subscription, keepSubscription, Id_USERS) values (25, 274, 'Golf Course', 'Russia', 'Talnakh', '6', '184-578-9774', 3, false, 55);
insert into CLIENTS (Id_CLIENTS, fidelityPoints, streetName, country, city, streetNumber, phoneNumber, subscription, keepSubscription, Id_USERS) values (26, 86, 'Birchwood', 'Canada', 'Magrath', '7157', '278-590-2716', 1, false, 56);
insert into CLIENTS (Id_CLIENTS, fidelityPoints, streetName, country, city, streetNumber, phoneNumber, subscription, keepSubscription, Id_USERS) values (27, 210, '6th', 'Indonesia', 'Walakeri', '63273', '332-460-4803', 2, true, 57);
insert into CLIENTS (Id_CLIENTS, fidelityPoints, streetName, country, city, streetNumber, phoneNumber, subscription, keepSubscription, Id_USERS) values (28, 86, 'Forster', 'Peru', 'Chancay', '13', '908-631-6595', 3, false, 58);
insert into CLIENTS (Id_CLIENTS, fidelityPoints, streetName, country, city, streetNumber, phoneNumber, subscription, keepSubscription, Id_USERS) values (29, 256, 'Hagan', 'Russia', 'Kaliningrad', '9529', '639-377-6268', 2, true, 59);
insert into CLIENTS (Id_CLIENTS, fidelityPoints, streetName, country, city, streetNumber, phoneNumber, subscription, keepSubscription, Id_USERS) values (30, 241, 'Maple Wood', 'Chad', 'Béboto', '59', '395-546-7746', 2, true, 60);
insert into CLIENTS (Id_CLIENTS, fidelityPoints, streetName, country, city, streetNumber, phoneNumber, subscription, keepSubscription, Id_USERS) values (31, 56, 'Sommers', 'China', 'Honghua’erji', '41700', '694-649-1167', 1, true, 61);
insert into CLIENTS (Id_CLIENTS, fidelityPoints, streetName, country, city, streetNumber, phoneNumber, subscription, keepSubscription, Id_USERS) values (32, 59, 'Northwestern', 'Sweden', 'Ljungskile', '3', '719-736-6959', 1, true, 62);
insert into CLIENTS (Id_CLIENTS, fidelityPoints, streetName, country, city, streetNumber, phoneNumber, subscription, keepSubscription, Id_USERS) values (33, 86, 'John Wall', 'Kosovo', 'Dubova (Driloni)', '829', '259-918-9722', 1, false, 63);
insert into CLIENTS (Id_CLIENTS, fidelityPoints, streetName, country, city, streetNumber, phoneNumber, subscription, keepSubscription, Id_USERS) values (34, 47, 'Brown', 'Philippines', 'Siasi', '32949', '550-912-2909', 2, false, 64);
insert into CLIENTS (Id_CLIENTS, fidelityPoints, streetName, country, city, streetNumber, phoneNumber, subscription, keepSubscription, Id_USERS) values (35, 116, 'Stoughton', 'Indonesia', 'Wadungasri', '10517', '922-182-0112', 4, true, 65);
insert into CLIENTS (Id_CLIENTS, fidelityPoints, streetName, country, city, streetNumber, phoneNumber, subscription, keepSubscription, Id_USERS) values (36, 92, 'Swallow', 'China', 'Huacheng', '9572', '754-883-2864', 3, false, 66);
insert into CLIENTS (Id_CLIENTS, fidelityPoints, streetName, country, city, streetNumber, phoneNumber, subscription, keepSubscription, Id_USERS) values (37, 93, 'Manley', 'Zambia', 'Kawambwa', '0939', '844-924-9663', 1, true, 67);
insert into CLIENTS (Id_CLIENTS, fidelityPoints, streetName, country, city, streetNumber, phoneNumber, subscription, keepSubscription, Id_USERS) values (38, 59, 'Merchant', 'China', 'Zilang', '076', '912-323-0729', 1, false, 68);
insert into CLIENTS (Id_CLIENTS, fidelityPoints, streetName, country, city, streetNumber, phoneNumber, subscription, keepSubscription, Id_USERS) values (39, 63, 'Anniversary', 'Albania', 'Karinë', '5770', '952-337-0544', 2, true, 69);
insert into CLIENTS (Id_CLIENTS, fidelityPoints, streetName, country, city, streetNumber, phoneNumber, subscription, keepSubscription, Id_USERS) values (40, 233, 'Arkansas', 'Poland', 'Polkowice', '45', '324-722-1130', 1, false, 70);
insert into CLIENTS (Id_CLIENTS, fidelityPoints, streetName, country, city, streetNumber, phoneNumber, subscription, keepSubscription, Id_USERS) values (41, 277, 'Farmco', 'China', 'Zhifang', '5318', '558-293-2442', 1, true, 71);
insert into CLIENTS (Id_CLIENTS, fidelityPoints, streetName, country, city, streetNumber, phoneNumber, subscription, keepSubscription, Id_USERS) values (42, 288, 'Tennyson', 'Argentina', 'La Plata', '8', '839-770-0940', 2, false, 72);
insert into CLIENTS (Id_CLIENTS, fidelityPoints, streetName, country, city, streetNumber, phoneNumber, subscription, keepSubscription, Id_USERS) values (43, 79, 'Prairieview', 'Indonesia', 'Tegalgede', '51506', '680-847-0563', 1, true, 73);
insert into CLIENTS (Id_CLIENTS, fidelityPoints, streetName, country, city, streetNumber, phoneNumber, subscription, keepSubscription, Id_USERS) values (44, 160, 'Ohio', 'Malta', 'Mellieħa', '68413', '150-846-8826', 2, false, 74);
insert into CLIENTS (Id_CLIENTS, fidelityPoints, streetName, country, city, streetNumber, phoneNumber, subscription, keepSubscription, Id_USERS) values (45, 202, 'Magdeline', 'Iraq', 'Nāḩiyat Hīrān', '7673', '180-404-6080', 3, false, 75);
insert into CLIENTS (Id_CLIENTS, fidelityPoints, streetName, country, city, streetNumber, phoneNumber, subscription, keepSubscription, Id_USERS) values (46, 282, 'Dottie', 'China', 'Wan’an', '9', '319-398-1866', 3, true, 76);
insert into CLIENTS (Id_CLIENTS, fidelityPoints, streetName, country, city, streetNumber, phoneNumber, subscription, keepSubscription, Id_USERS) values (47, 54, 'Red Cloud', 'Indonesia', 'Sawahan', '58', '481-597-5002', 1, true, 77);
insert into CLIENTS (Id_CLIENTS, fidelityPoints, streetName, country, city, streetNumber, phoneNumber, subscription, keepSubscription, Id_USERS) values (48, 62, 'Cherokee', 'Russia', 'Staryy Urukh', '9187', '987-623-9702', 1, false, 78);
insert into CLIENTS (Id_CLIENTS, fidelityPoints, streetName, country, city, streetNumber, phoneNumber, subscription, keepSubscription, Id_USERS) values (49, 138, 'Pawling', 'Greece', 'Ambelókipoi', '352', '302-982-8451', 2, true, 79);
insert into CLIENTS (Id_CLIENTS, fidelityPoints, streetName, country, city, streetNumber, phoneNumber, subscription, keepSubscription, Id_USERS) values (50, 240, 'Vera', 'Sweden', 'Solna', '74', '143-165-6925', 1, false, 80);
insert into CLIENTS (Id_CLIENTS, fidelityPoints, streetName, country, city, streetNumber, phoneNumber, subscription, keepSubscription, Id_USERS) values (51, 194, 'Moose', 'New Zealand', 'Burnham', '96905', '104-625-7316', 2, false, 81);
insert into CLIENTS (Id_CLIENTS, fidelityPoints, streetName, country, city, streetNumber, phoneNumber, subscription, keepSubscription, Id_USERS) values (52, 167, 'Sherman', 'Tanzania', 'Kihangara', '2059', '321-547-3738', 2, true, 82);
insert into CLIENTS (Id_CLIENTS, fidelityPoints, streetName, country, city, streetNumber, phoneNumber, subscription, keepSubscription, Id_USERS) values (53, 171, 'High Crossing', 'Indonesia', 'Talun', '245', '645-950-7512', 1, true, 83);
insert into CLIENTS (Id_CLIENTS, fidelityPoints, streetName, country, city, streetNumber, phoneNumber, subscription, keepSubscription, Id_USERS) values (54, 67, 'Golf', 'China', 'Zhenlong', '58', '945-907-2250', 3, false, 84);
insert into CLIENTS (Id_CLIENTS, fidelityPoints, streetName, country, city, streetNumber, phoneNumber, subscription, keepSubscription, Id_USERS) values (55, 162, 'Dottie', 'Indonesia', 'Glagahan', '3', '645-587-9545', 3, true, 85);
insert into CLIENTS (Id_CLIENTS, fidelityPoints, streetName, country, city, streetNumber, phoneNumber, subscription, keepSubscription, Id_USERS) values (56, 70, 'Fordem', 'Portugal', 'Espinho', '662', '877-851-0895', 1, false, 86);
insert into CLIENTS (Id_CLIENTS, fidelityPoints, streetName, country, city, streetNumber, phoneNumber, subscription, keepSubscription, Id_USERS) values (57, 36, 'Mallory', 'Indonesia', 'Cerenti', '1', '621-421-3506', 3, true, 87);
insert into CLIENTS (Id_CLIENTS, fidelityPoints, streetName, country, city, streetNumber, phoneNumber, subscription, keepSubscription, Id_USERS) values (58, 71, 'Laurel', 'Czech Republic', 'Malá Strana', '46', '325-278-7815', 1, false, 88);
insert into CLIENTS (Id_CLIENTS, fidelityPoints, streetName, country, city, streetNumber, phoneNumber, subscription, keepSubscription, Id_USERS) values (59, 167, 'Butterfield', 'Poland', 'Okocim', '798', '900-853-2153', 2, true, 89);
insert into CLIENTS (Id_CLIENTS, fidelityPoints, streetName, country, city, streetNumber, phoneNumber, subscription, keepSubscription, Id_USERS) values (60, 289, 'Di Loreto', 'Greece', 'Kálamos', '77', '208-184-8379', 1, true, 90);
insert into CLIENTS (Id_CLIENTS, fidelityPoints, streetName, country, city, streetNumber, phoneNumber, subscription, keepSubscription, Id_USERS) values (61, 197, 'Iowa', 'Poland', 'Wolbrom', '08816', '607-928-6497', 1, false, 91);
insert into CLIENTS (Id_CLIENTS, fidelityPoints, streetName, country, city, streetNumber, phoneNumber, subscription, keepSubscription, Id_USERS) values (62, 141, 'Buell', 'Indonesia', 'Kerek', '167', '686-540-7109', 3, false, 92);
insert into CLIENTS (Id_CLIENTS, fidelityPoints, streetName, country, city, streetNumber, phoneNumber, subscription, keepSubscription, Id_USERS) values (63, 71, 'Calypso', 'China', 'Longshi', '1', '289-291-7270', 1, true, 93);
insert into CLIENTS (Id_CLIENTS, fidelityPoints, streetName, country, city, streetNumber, phoneNumber, subscription, keepSubscription, Id_USERS) values (64, 109, 'Kennedy', 'Croatia', 'Lepoglava', '9', '150-768-5316', 3, false, 94);
insert into CLIENTS (Id_CLIENTS, fidelityPoints, streetName, country, city, streetNumber, phoneNumber, subscription, keepSubscription, Id_USERS) values (65, 279, 'Express', 'Cuba', 'Ciego de Ávila', '1347', '415-281-6272', 2, true, 95);
insert into CLIENTS (Id_CLIENTS, fidelityPoints, streetName, country, city, streetNumber, phoneNumber, subscription, keepSubscription, Id_USERS) values (66, 156, 'Ohio', 'Indonesia', 'Cicapar', '97', '315-282-2671', 1, true, 96);
insert into CLIENTS (Id_CLIENTS, fidelityPoints, streetName, country, city, streetNumber, phoneNumber, subscription, keepSubscription, Id_USERS) values (67, 147, 'Ryan', 'United Kingdom', 'Upton', '7', '880-955-4150', 2, false, 97);
insert into CLIENTS (Id_CLIENTS, fidelityPoints, streetName, country, city, streetNumber, phoneNumber, subscription, keepSubscription, Id_USERS) values (68, 96, 'Parkside', 'France', 'Carcassonne', '48689', '302-554-5308', 1, false, 98);
insert into CLIENTS (Id_CLIENTS, fidelityPoints, streetName, country, city, streetNumber, phoneNumber, subscription, keepSubscription, Id_USERS) values (69, 17, 'Green', 'China', 'Lingbei', '8', '760-118-0422', 1, true, 99);
insert into CLIENTS (Id_CLIENTS, fidelityPoints, streetName, country, city, streetNumber, phoneNumber, subscription, keepSubscription, Id_USERS) values (70, 92, 'Buena Vista', 'China', 'Zhouling', '46', '769-965-7737', 2, true, 100);
insert into BILLS (Id_BILLS, name, type, createdAt, Id_USERS) values (1, 'http://dummyimage.com/212x219.png/ff4444/ffffff', 'Female', '2022-07-04 21:24:24', 92);
insert into BILLS (Id_BILLS, name, type, createdAt, Id_USERS) values (2, 'http://dummyimage.com/216x216.png/dddddd/000000', 'Female', '2023-01-26 11:35:03', 92);
insert into BILLS (Id_BILLS, name, type, createdAt, Id_USERS) values (3, 'http://dummyimage.com/162x149.png/dddddd/000000', 'Female', '2021-05-02 02:00:56', 62);
insert into BILLS (Id_BILLS, name, type, createdAt, Id_USERS) values (4, 'http://dummyimage.com/241x129.png/ff4444/ffffff', 'Male', '2021-05-03 20:50:31', 42);
insert into BILLS (Id_BILLS, name, type, createdAt, Id_USERS) values (5, 'http://dummyimage.com/101x136.png/cc0000/ffffff', 'Male', '2023-01-11 20:00:41', 36);
insert into BILLS (Id_BILLS, name, type, createdAt, Id_USERS) values (6, 'http://dummyimage.com/211x126.png/ff4444/ffffff', 'Polygender', '2020-08-20 16:33:42', 60);
insert into BILLS (Id_BILLS, name, type, createdAt, Id_USERS) values (7, 'http://dummyimage.com/104x142.png/5fa2dd/ffffff', 'Non-binary', '2020-07-13 23:39:43', 45);
insert into BILLS (Id_BILLS, name, type, createdAt, Id_USERS) values (8, 'http://dummyimage.com/223x213.png/cc0000/ffffff', 'Male', '2023-01-04 20:00:35', 98);
insert into BILLS (Id_BILLS, name, type, createdAt, Id_USERS) values (9, 'http://dummyimage.com/200x138.png/ff4444/ffffff', 'Agender', '2021-04-02 10:29:51', 98);
insert into BILLS (Id_BILLS, name, type, createdAt, Id_USERS) values (10, 'http://dummyimage.com/201x180.png/5fa2dd/ffffff', 'Female', '2021-11-15 08:29:57', 58);
insert into BILLS (Id_BILLS, name, type, createdAt, Id_USERS) values (11, 'http://dummyimage.com/148x202.png/dddddd/000000', 'Male', '2022-06-14 17:45:34', 42);
insert into BILLS (Id_BILLS, name, type, createdAt, Id_USERS) values (12, 'http://dummyimage.com/120x136.png/cc0000/ffffff', 'Male', '2021-06-17 22:08:19', 63);
insert into BILLS (Id_BILLS, name, type, createdAt, Id_USERS) values (13, 'http://dummyimage.com/158x118.png/dddddd/000000', 'Male', '2022-09-06 14:30:53', 94);
insert into BILLS (Id_BILLS, name, type, createdAt, Id_USERS) values (14, 'http://dummyimage.com/216x120.png/dddddd/000000', 'Female', '2022-12-01 20:07:27', 64);
insert into BILLS (Id_BILLS, name, type, createdAt, Id_USERS) values (15, 'http://dummyimage.com/235x198.png/5fa2dd/ffffff', 'Male', '2020-02-12 06:39:04', 32);
insert into BILLS (Id_BILLS, name, type, createdAt, Id_USERS) values (16, 'http://dummyimage.com/241x194.png/dddddd/000000', 'Female', '2021-06-19 18:13:06', 80);
insert into BILLS (Id_BILLS, name, type, createdAt, Id_USERS) values (17, 'http://dummyimage.com/139x114.png/dddddd/000000', 'Female', '2021-09-07 21:06:23', 43);
insert into BILLS (Id_BILLS, name, type, createdAt, Id_USERS) values (18, 'http://dummyimage.com/241x116.png/5fa2dd/ffffff', 'Male', '2021-06-02 18:53:11', 99);
insert into BILLS (Id_BILLS, name, type, createdAt, Id_USERS) values (19, 'http://dummyimage.com/227x216.png/ff4444/ffffff', 'Male', '2022-03-16 02:12:00', 53);
insert into BILLS (Id_BILLS, name, type, createdAt, Id_USERS) values (20, 'http://dummyimage.com/199x149.png/dddddd/000000', 'Bigender', '2021-07-16 09:45:02', 69);
insert into BILLS (Id_BILLS, name, type, createdAt, Id_USERS) values (21, 'http://dummyimage.com/190x187.png/dddddd/000000', 'Female', '2020-02-18 12:13:18', 85);
insert into BILLS (Id_BILLS, name, type, createdAt, Id_USERS) values (22, 'http://dummyimage.com/159x126.png/5fa2dd/ffffff', 'Female', '2022-09-04 13:29:41', 40);
insert into BILLS (Id_BILLS, name, type, createdAt, Id_USERS) values (23, 'http://dummyimage.com/142x220.png/dddddd/000000', 'Non-binary', '2023-03-10 13:00:27', 74);
insert into BILLS (Id_BILLS, name, type, createdAt, Id_USERS) values (24, 'http://dummyimage.com/119x150.png/ff4444/ffffff', 'Female', '2022-10-29 12:52:36', 45);
insert into BILLS (Id_BILLS, name, type, createdAt, Id_USERS) values (25, 'http://dummyimage.com/138x243.png/cc0000/ffffff', 'Male', '2021-08-10 13:09:31', 66);
insert into BILLS (Id_BILLS, name, type, createdAt, Id_USERS) values (26, 'http://dummyimage.com/177x119.png/cc0000/ffffff', 'Female', '2023-04-03 00:29:48', 93);
insert into BILLS (Id_BILLS, name, type, createdAt, Id_USERS) values (27, 'http://dummyimage.com/223x105.png/ff4444/ffffff', 'Female', '2020-03-11 11:52:23', 63);
insert into BILLS (Id_BILLS, name, type, createdAt, Id_USERS) values (28, 'http://dummyimage.com/141x123.png/dddddd/000000', 'Male', '2020-02-09 19:34:24', 35);
insert into BILLS (Id_BILLS, name, type, createdAt, Id_USERS) values (29, 'http://dummyimage.com/235x231.png/dddddd/000000', 'Female', '2022-01-12 10:45:08', 36);
insert into BILLS (Id_BILLS, name, type, createdAt, Id_USERS) values (30, 'http://dummyimage.com/166x116.png/dddddd/000000', 'Male', '2020-11-19 17:44:28', 91);
insert into BILLS (Id_BILLS, name, type, createdAt, Id_USERS) values (31, 'http://dummyimage.com/208x139.png/ff4444/ffffff', 'Male', '2023-03-04 10:27:57', 47);
insert into BILLS (Id_BILLS, name, type, createdAt, Id_USERS) values (32, 'http://dummyimage.com/168x229.png/ff4444/ffffff', 'Female', '2023-03-15 20:26:23', 76);
insert into BILLS (Id_BILLS, name, type, createdAt, Id_USERS) values (33, 'http://dummyimage.com/195x224.png/5fa2dd/ffffff', 'Female', '2021-01-18 12:21:26', 61);
insert into BILLS (Id_BILLS, name, type, createdAt, Id_USERS) values (34, 'http://dummyimage.com/216x166.png/5fa2dd/ffffff', 'Male', '2023-03-13 10:54:59', 71);
insert into BILLS (Id_BILLS, name, type, createdAt, Id_USERS) values (35, 'http://dummyimage.com/222x166.png/cc0000/ffffff', 'Male', '2020-12-06 05:29:59', 79);
insert into BILLS (Id_BILLS, name, type, createdAt, Id_USERS) values (36, 'http://dummyimage.com/138x101.png/ff4444/ffffff', 'Female', '2022-06-29 17:43:55', 71);
insert into BILLS (Id_BILLS, name, type, createdAt, Id_USERS) values (37, 'http://dummyimage.com/229x111.png/cc0000/ffffff', 'Female', '2020-04-17 22:19:29', 87);
insert into BILLS (Id_BILLS, name, type, createdAt, Id_USERS) values (38, 'http://dummyimage.com/116x166.png/5fa2dd/ffffff', 'Male', '2021-07-05 06:24:55', 70);
insert into BILLS (Id_BILLS, name, type, createdAt, Id_USERS) values (39, 'http://dummyimage.com/119x224.png/cc0000/ffffff', 'Female', '2022-06-17 14:04:58', 52);
insert into BILLS (Id_BILLS, name, type, createdAt, Id_USERS) values (40, 'http://dummyimage.com/243x157.png/5fa2dd/ffffff', 'Female', '2021-05-05 19:08:42', 55);
insert into BILLS (Id_BILLS, name, type, createdAt, Id_USERS) values (41, 'http://dummyimage.com/172x189.png/ff4444/ffffff', 'Polygender', '2021-08-02 15:07:03', 82);
insert into BILLS (Id_BILLS, name, type, createdAt, Id_USERS) values (42, 'http://dummyimage.com/161x205.png/5fa2dd/ffffff', 'Male', '2022-12-20 11:44:48', 93);
insert into BILLS (Id_BILLS, name, type, createdAt, Id_USERS) values (43, 'http://dummyimage.com/242x207.png/cc0000/ffffff', 'Male', '2020-07-15 16:57:59', 74);
insert into BILLS (Id_BILLS, name, type, createdAt, Id_USERS) values (44, 'http://dummyimage.com/218x110.png/ff4444/ffffff', 'Male', '2022-03-15 19:36:18', 41);
insert into BILLS (Id_BILLS, name, type, createdAt, Id_USERS) values (45, 'http://dummyimage.com/213x190.png/cc0000/ffffff', 'Male', '2023-05-07 15:47:24', 40);
insert into BILLS (Id_BILLS, name, type, createdAt, Id_USERS) values (46, 'http://dummyimage.com/239x212.png/5fa2dd/ffffff', 'Male', '2023-04-20 12:36:18', 42);
insert into BILLS (Id_BILLS, name, type, createdAt, Id_USERS) values (47, 'http://dummyimage.com/147x247.png/dddddd/000000', 'Female', '2022-08-29 14:04:37', 44);
insert into BILLS (Id_BILLS, name, type, createdAt, Id_USERS) values (48, 'http://dummyimage.com/160x124.png/cc0000/ffffff', 'Female', '2022-12-24 01:47:00', 48);
insert into BILLS (Id_BILLS, name, type, createdAt, Id_USERS) values (49, 'http://dummyimage.com/216x180.png/ff4444/ffffff', 'Male', '2020-04-11 13:17:32', 65);
insert into BILLS (Id_BILLS, name, type, createdAt, Id_USERS) values (50, 'http://dummyimage.com/156x131.png/dddddd/000000', 'Male', '2020-02-19 17:57:07', 51);
insert into BILLS (Id_BILLS, name, type, createdAt, Id_USERS) values (51, 'http://dummyimage.com/123x212.png/ff4444/ffffff', 'Male', '2021-12-22 06:54:35', 50);
insert into BILLS (Id_BILLS, name, type, createdAt, Id_USERS) values (52, 'http://dummyimage.com/183x177.png/dddddd/000000', 'Female', '2022-03-18 17:23:57', 93);
insert into BILLS (Id_BILLS, name, type, createdAt, Id_USERS) values (53, 'http://dummyimage.com/199x249.png/cc0000/ffffff', 'Female', '2022-05-20 23:49:07', 100);
insert into BILLS (Id_BILLS, name, type, createdAt, Id_USERS) values (54, 'http://dummyimage.com/212x105.png/cc0000/ffffff', 'Male', '2021-02-22 21:56:31', 63);
insert into BILLS (Id_BILLS, name, type, createdAt, Id_USERS) values (55, 'http://dummyimage.com/199x221.png/5fa2dd/ffffff', 'Male', '2021-04-04 12:18:35', 98);
insert into BILLS (Id_BILLS, name, type, createdAt, Id_USERS) values (56, 'http://dummyimage.com/228x207.png/dddddd/000000', 'Male', '2020-10-29 00:04:49', 77);
insert into BILLS (Id_BILLS, name, type, createdAt, Id_USERS) values (57, 'http://dummyimage.com/219x177.png/ff4444/ffffff', 'Male', '2023-04-06 04:03:20', 81);
insert into BILLS (Id_BILLS, name, type, createdAt, Id_USERS) values (58, 'http://dummyimage.com/221x223.png/cc0000/ffffff', 'Female', '2023-01-02 16:42:56', 79);
insert into BILLS (Id_BILLS, name, type, createdAt, Id_USERS) values (59, 'http://dummyimage.com/128x150.png/cc0000/ffffff', 'Female', '2020-04-23 16:03:19', 34);
insert into BILLS (Id_BILLS, name, type, createdAt, Id_USERS) values (60, 'http://dummyimage.com/199x124.png/dddddd/000000', 'Female', '2020-09-05 08:51:24', 97);
insert into BILLS (Id_BILLS, name, type, createdAt, Id_USERS) values (61, 'http://dummyimage.com/175x247.png/5fa2dd/ffffff', 'Male', '2023-06-09 13:25:07', 33);
insert into BILLS (Id_BILLS, name, type, createdAt, Id_USERS) values (62, 'http://dummyimage.com/175x226.png/ff4444/ffffff', 'Male', '2021-05-29 03:28:46', 92);
insert into BILLS (Id_BILLS, name, type, createdAt, Id_USERS) values (63, 'http://dummyimage.com/227x218.png/ff4444/ffffff', 'Male', '2020-06-21 01:55:14', 55);
insert into BILLS (Id_BILLS, name, type, createdAt, Id_USERS) values (64, 'http://dummyimage.com/228x232.png/cc0000/ffffff', 'Male', '2021-12-13 15:29:39', 59);
insert into BILLS (Id_BILLS, name, type, createdAt, Id_USERS) values (65, 'http://dummyimage.com/242x108.png/cc0000/ffffff', 'Male', '2020-06-08 04:57:51', 100);
insert into BILLS (Id_BILLS, name, type, createdAt, Id_USERS) values (66, 'http://dummyimage.com/218x117.png/dddddd/000000', 'Male', '2022-07-31 16:05:44', 40);
insert into BILLS (Id_BILLS, name, type, createdAt, Id_USERS) values (67, 'http://dummyimage.com/122x163.png/cc0000/ffffff', 'Male', '2020-10-08 10:47:30', 57);
insert into BILLS (Id_BILLS, name, type, createdAt, Id_USERS) values (68, 'http://dummyimage.com/115x127.png/dddddd/000000', 'Female', '2023-06-09 01:13:04', 53);
insert into BILLS (Id_BILLS, name, type, createdAt, Id_USERS) values (69, 'http://dummyimage.com/215x169.png/cc0000/ffffff', 'Male', '2022-10-02 11:47:45', 64);
insert into BILLS (Id_BILLS, name, type, createdAt, Id_USERS) values (70, 'http://dummyimage.com/218x229.png/cc0000/ffffff', 'Agender', '2022-03-02 00:44:05', 60);
insert into BILLS (Id_BILLS, name, type, createdAt, Id_USERS) values (71, 'http://dummyimage.com/192x117.png/dddddd/000000', 'Female', '2020-06-09 11:49:09', 50);
insert into BILLS (Id_BILLS, name, type, createdAt, Id_USERS) values (72, 'http://dummyimage.com/179x105.png/ff4444/ffffff', 'Male', '2021-05-08 13:32:48', 75);
insert into BILLS (Id_BILLS, name, type, createdAt, Id_USERS) values (73, 'http://dummyimage.com/224x238.png/cc0000/ffffff', 'Male', '2022-10-30 08:10:10', 87);
insert into BILLS (Id_BILLS, name, type, createdAt, Id_USERS) values (74, 'http://dummyimage.com/191x143.png/5fa2dd/ffffff', 'Female', '2021-10-20 06:27:51', 51);
insert into BILLS (Id_BILLS, name, type, createdAt, Id_USERS) values (75, 'http://dummyimage.com/170x140.png/5fa2dd/ffffff', 'Male', '2022-04-11 21:33:11', 86);
insert into BILLS (Id_BILLS, name, type, createdAt, Id_USERS) values (76, 'http://dummyimage.com/249x140.png/5fa2dd/ffffff', 'Female', '2023-05-06 13:02:23', 70);
insert into BILLS (Id_BILLS, name, type, createdAt, Id_USERS) values (77, 'http://dummyimage.com/218x146.png/dddddd/000000', 'Male', '2022-02-02 10:33:51', 99);
insert into BILLS (Id_BILLS, name, type, createdAt, Id_USERS) values (78, 'http://dummyimage.com/175x193.png/dddddd/000000', 'Female', '2022-06-28 13:51:17', 92);
insert into BILLS (Id_BILLS, name, type, createdAt, Id_USERS) values (79, 'http://dummyimage.com/211x126.png/dddddd/000000', 'Male', '2020-04-14 20:01:22', 70);
insert into BILLS (Id_BILLS, name, type, createdAt, Id_USERS) values (80, 'http://dummyimage.com/185x117.png/ff4444/ffffff', 'Polygender', '2022-03-30 09:03:03', 93);
insert into BILLS (Id_BILLS, name, type, createdAt, Id_USERS) values (81, 'http://dummyimage.com/148x139.png/ff4444/ffffff', 'Male', '2021-05-01 09:55:41', 39);
insert into BILLS (Id_BILLS, name, type, createdAt, Id_USERS) values (82, 'http://dummyimage.com/167x170.png/ff4444/ffffff', 'Female', '2021-02-19 05:32:47', 87);
insert into BILLS (Id_BILLS, name, type, createdAt, Id_USERS) values (83, 'http://dummyimage.com/158x189.png/5fa2dd/ffffff', 'Male', '2022-07-27 14:24:58', 70);
insert into BILLS (Id_BILLS, name, type, createdAt, Id_USERS) values (84, 'http://dummyimage.com/153x171.png/dddddd/000000', 'Male', '2022-05-21 23:20:00', 98);
insert into BILLS (Id_BILLS, name, type, createdAt, Id_USERS) values (85, 'http://dummyimage.com/202x226.png/dddddd/000000', 'Female', '2022-02-26 23:45:26', 40);
insert into BILLS (Id_BILLS, name, type, createdAt, Id_USERS) values (86, 'http://dummyimage.com/205x139.png/dddddd/000000', 'Female', '2020-04-02 18:00:29', 51);
insert into BILLS (Id_BILLS, name, type, createdAt, Id_USERS) values (87, 'http://dummyimage.com/201x101.png/ff4444/ffffff', 'Female', '2022-10-17 02:26:47', 34);
insert into BILLS (Id_BILLS, name, type, createdAt, Id_USERS) values (88, 'http://dummyimage.com/173x234.png/dddddd/000000', 'Female', '2020-05-29 16:57:15', 39);
insert into BILLS (Id_BILLS, name, type, createdAt, Id_USERS) values (89, 'http://dummyimage.com/148x215.png/dddddd/000000', 'Female', '2020-01-09 14:01:17', 41);
insert into BILLS (Id_BILLS, name, type, createdAt, Id_USERS) values (90, 'http://dummyimage.com/193x243.png/5fa2dd/ffffff', 'Male', '2020-10-18 02:43:19', 61);
insert into BILLS (Id_BILLS, name, type, createdAt, Id_USERS) values (91, 'http://dummyimage.com/187x202.png/5fa2dd/ffffff', 'Male', '2020-12-05 02:21:02', 79);
insert into BILLS (Id_BILLS, name, type, createdAt, Id_USERS) values (92, 'http://dummyimage.com/154x113.png/cc0000/ffffff', 'Male', '2022-01-31 05:16:29', 91);
insert into BILLS (Id_BILLS, name, type, createdAt, Id_USERS) values (93, 'http://dummyimage.com/196x196.png/dddddd/000000', 'Female', '2023-04-29 02:18:19', 82);
insert into BILLS (Id_BILLS, name, type, createdAt, Id_USERS) values (94, 'http://dummyimage.com/164x113.png/5fa2dd/ffffff', 'Male', '2022-12-31 09:29:32', 58);
insert into BILLS (Id_BILLS, name, type, createdAt, Id_USERS) values (95, 'http://dummyimage.com/185x144.png/cc0000/ffffff', 'Male', '2021-10-18 12:49:00', 42);
insert into BILLS (Id_BILLS, name, type, createdAt, Id_USERS) values (96, 'http://dummyimage.com/161x222.png/dddddd/000000', 'Male', '2022-06-13 10:38:38', 79);
insert into BILLS (Id_BILLS, name, type, createdAt, Id_USERS) values (97, 'http://dummyimage.com/208x180.png/5fa2dd/ffffff', 'Female', '2023-02-02 03:26:37', 86);
insert into BILLS (Id_BILLS, name, type, createdAt, Id_USERS) values (98, 'http://dummyimage.com/192x120.png/ff4444/ffffff', 'Female', '2022-07-23 09:15:33', 41);
insert into BILLS (Id_BILLS, name, type, createdAt, Id_USERS) values (99, 'http://dummyimage.com/135x210.png/dddddd/000000', 'Female', '2021-05-31 22:02:57', 49);
insert into BILLS (Id_BILLS, name, type, createdAt, Id_USERS) values (100, 'http://dummyimage.com/165x238.png/cc0000/ffffff', 'Genderfluid', '2023-03-06 11:07:30', 83);
insert into BILLS (Id_BILLS, name, type, createdAt, Id_USERS) values (101, 'http://dummyimage.com/112x250.png/5fa2dd/ffffff', 'Female', '2023-04-19 04:01:56', 42);
insert into BILLS (Id_BILLS, name, type, createdAt, Id_USERS) values (102, 'http://dummyimage.com/145x103.png/dddddd/000000', 'Female', '2021-02-26 07:56:45', 80);
insert into BILLS (Id_BILLS, name, type, createdAt, Id_USERS) values (103, 'http://dummyimage.com/230x160.png/dddddd/000000', 'Female', '2022-01-06 08:29:20', 46);
insert into BILLS (Id_BILLS, name, type, createdAt, Id_USERS) values (104, 'http://dummyimage.com/213x154.png/5fa2dd/ffffff', 'Female', '2023-04-22 20:07:28', 31);
insert into BILLS (Id_BILLS, name, type, createdAt, Id_USERS) values (105, 'http://dummyimage.com/107x198.png/5fa2dd/ffffff', 'Male', '2022-07-20 18:47:45', 87);
insert into BILLS (Id_BILLS, name, type, createdAt, Id_USERS) values (106, 'http://dummyimage.com/148x178.png/ff4444/ffffff', 'Female', '2022-09-22 14:04:35', 31);
insert into BILLS (Id_BILLS, name, type, createdAt, Id_USERS) values (107, 'http://dummyimage.com/246x224.png/5fa2dd/ffffff', 'Female', '2020-08-21 08:04:35', 100);
insert into BILLS (Id_BILLS, name, type, createdAt, Id_USERS) values (108, 'http://dummyimage.com/128x114.png/dddddd/000000', 'Female', '2021-04-19 07:48:05', 49);
insert into BILLS (Id_BILLS, name, type, createdAt, Id_USERS) values (109, 'http://dummyimage.com/109x151.png/dddddd/000000', 'Male', '2022-06-10 01:12:54', 90);
insert into BILLS (Id_BILLS, name, type, createdAt, Id_USERS) values (110, 'http://dummyimage.com/173x161.png/5fa2dd/ffffff', 'Male', '2020-05-30 17:09:59', 84);
insert into BILLS (Id_BILLS, name, type, createdAt, Id_USERS) values (111, 'http://dummyimage.com/192x229.png/dddddd/000000', 'Bigender', '2020-02-13 17:41:09', 32);
insert into BILLS (Id_BILLS, name, type, createdAt, Id_USERS) values (112, 'http://dummyimage.com/115x184.png/5fa2dd/ffffff', 'Male', '2022-11-03 03:13:56', 97);
insert into BILLS (Id_BILLS, name, type, createdAt, Id_USERS) values (113, 'http://dummyimage.com/131x227.png/cc0000/ffffff', 'Male', '2021-07-28 16:50:12', 40);
insert into BILLS (Id_BILLS, name, type, createdAt, Id_USERS) values (114, 'http://dummyimage.com/215x119.png/ff4444/ffffff', 'Female', '2022-04-20 20:47:06', 42);
insert into BILLS (Id_BILLS, name, type, createdAt, Id_USERS) values (115, 'http://dummyimage.com/194x193.png/5fa2dd/ffffff', 'Female', '2021-10-19 09:59:16', 100);
insert into BILLS (Id_BILLS, name, type, createdAt, Id_USERS) values (116, 'http://dummyimage.com/176x174.png/ff4444/ffffff', 'Female', '2022-04-22 12:41:44', 90);
insert into BILLS (Id_BILLS, name, type, createdAt, Id_USERS) values (117, 'http://dummyimage.com/126x162.png/ff4444/ffffff', 'Female', '2020-01-06 05:30:05', 42);
insert into BILLS (Id_BILLS, name, type, createdAt, Id_USERS) values (118, 'http://dummyimage.com/177x119.png/ff4444/ffffff', 'Male', '2020-01-10 05:08:52', 94);
insert into BILLS (Id_BILLS, name, type, createdAt, Id_USERS) values (119, 'http://dummyimage.com/213x184.png/ff4444/ffffff', 'Male', '2021-09-14 16:45:31', 37);
insert into BILLS (Id_BILLS, name, type, createdAt, Id_USERS) values (120, 'http://dummyimage.com/189x129.png/dddddd/000000', 'Female', '2021-03-16 14:43:58', 35);
insert into BILLS (Id_BILLS, name, type, createdAt, Id_USERS) values (121, 'http://dummyimage.com/111x198.png/cc0000/ffffff', 'Polygender', '2022-03-30 18:16:41', 45);
insert into BILLS (Id_BILLS, name, type, createdAt, Id_USERS) values (122, 'http://dummyimage.com/196x157.png/ff4444/ffffff', 'Female', '2020-02-06 11:39:17', 79);
insert into BILLS (Id_BILLS, name, type, createdAt, Id_USERS) values (123, 'http://dummyimage.com/104x162.png/cc0000/ffffff', 'Male', '2020-01-21 10:15:01', 44);
insert into BILLS (Id_BILLS, name, type, createdAt, Id_USERS) values (124, 'http://dummyimage.com/118x115.png/ff4444/ffffff', 'Female', '2020-04-05 22:25:44', 50);
insert into BILLS (Id_BILLS, name, type, createdAt, Id_USERS) values (125, 'http://dummyimage.com/191x139.png/cc0000/ffffff', 'Male', '2020-10-30 23:09:52', 88);
insert into BILLS (Id_BILLS, name, type, createdAt, Id_USERS) values (126, 'http://dummyimage.com/199x236.png/dddddd/000000', 'Male', '2021-04-23 21:34:15', 41);
insert into BILLS (Id_BILLS, name, type, createdAt, Id_USERS) values (127, 'http://dummyimage.com/153x162.png/5fa2dd/ffffff', 'Male', '2020-11-12 04:35:48', 38);
insert into BILLS (Id_BILLS, name, type, createdAt, Id_USERS) values (128, 'http://dummyimage.com/235x130.png/dddddd/000000', 'Male', '2022-08-06 06:51:28', 47);
insert into BILLS (Id_BILLS, name, type, createdAt, Id_USERS) values (129, 'http://dummyimage.com/168x191.png/dddddd/000000', 'Female', '2020-05-28 15:14:15', 74);
insert into BILLS (Id_BILLS, name, type, createdAt, Id_USERS) values (130, 'http://dummyimage.com/183x102.png/dddddd/000000', 'Female', '2020-12-28 19:45:41', 87);
insert into BILLS (Id_BILLS, name, type, createdAt, Id_USERS) values (131, 'http://dummyimage.com/213x133.png/cc0000/ffffff', 'Female', '2020-12-07 23:57:02', 70);
insert into BILLS (Id_BILLS, name, type, createdAt, Id_USERS) values (132, 'http://dummyimage.com/164x159.png/dddddd/000000', 'Genderfluid', '2020-01-21 12:06:04', 87);
insert into BILLS (Id_BILLS, name, type, createdAt, Id_USERS) values (133, 'http://dummyimage.com/124x126.png/cc0000/ffffff', 'Genderqueer', '2022-07-21 19:23:01', 74);
insert into BILLS (Id_BILLS, name, type, createdAt, Id_USERS) values (134, 'http://dummyimage.com/215x122.png/dddddd/000000', 'Female', '2020-12-11 09:41:38', 100);
insert into BILLS (Id_BILLS, name, type, createdAt, Id_USERS) values (135, 'http://dummyimage.com/209x160.png/ff4444/ffffff', 'Female', '2020-02-24 19:34:11', 90);
insert into BILLS (Id_BILLS, name, type, createdAt, Id_USERS) values (136, 'http://dummyimage.com/202x226.png/5fa2dd/ffffff', 'Male', '2022-02-11 03:27:19', 97);
insert into BILLS (Id_BILLS, name, type, createdAt, Id_USERS) values (137, 'http://dummyimage.com/168x122.png/ff4444/ffffff', 'Female', '2021-08-31 06:19:33', 61);
insert into BILLS (Id_BILLS, name, type, createdAt, Id_USERS) values (138, 'http://dummyimage.com/230x208.png/ff4444/ffffff', 'Female', '2022-02-27 21:04:22', 36);
insert into BILLS (Id_BILLS, name, type, createdAt, Id_USERS) values (139, 'http://dummyimage.com/104x225.png/dddddd/000000', 'Female', '2020-12-21 21:39:13', 37);
insert into BILLS (Id_BILLS, name, type, createdAt, Id_USERS) values (140, 'http://dummyimage.com/139x122.png/ff4444/ffffff', 'Male', '2020-08-24 12:19:40', 53);
insert into BILLS (Id_BILLS, name, type, createdAt, Id_USERS) values (141, 'http://dummyimage.com/200x249.png/cc0000/ffffff', 'Female', '2021-04-01 23:55:00', 81);
insert into BILLS (Id_BILLS, name, type, createdAt, Id_USERS) values (142, 'http://dummyimage.com/243x113.png/cc0000/ffffff', 'Male', '2021-08-18 00:26:40', 60);
insert into BILLS (Id_BILLS, name, type, createdAt, Id_USERS) values (143, 'http://dummyimage.com/160x120.png/5fa2dd/ffffff', 'Male', '2020-11-21 19:37:35', 76);
insert into BILLS (Id_BILLS, name, type, createdAt, Id_USERS) values (144, 'http://dummyimage.com/104x244.png/cc0000/ffffff', 'Female', '2021-10-05 21:14:00', 45);
insert into BILLS (Id_BILLS, name, type, createdAt, Id_USERS) values (145, 'http://dummyimage.com/143x104.png/ff4444/ffffff', 'Male', '2020-10-30 14:21:19', 72);
insert into BILLS (Id_BILLS, name, type, createdAt, Id_USERS) values (146, 'http://dummyimage.com/118x190.png/ff4444/ffffff', 'Male', '2021-04-23 14:30:17', 59);
insert into BILLS (Id_BILLS, name, type, createdAt, Id_USERS) values (147, 'http://dummyimage.com/135x222.png/cc0000/ffffff', 'Male', '2021-05-17 23:30:37', 55);
insert into BILLS (Id_BILLS, name, type, createdAt, Id_USERS) values (148, 'http://dummyimage.com/227x100.png/5fa2dd/ffffff', 'Male', '2020-01-31 04:48:52', 84);
insert into BILLS (Id_BILLS, name, type, createdAt, Id_USERS) values (149, 'http://dummyimage.com/170x129.png/ff4444/ffffff', 'Female', '2022-10-12 22:59:53', 91);
insert into BILLS (Id_BILLS, name, type, createdAt, Id_USERS) values (150, 'http://dummyimage.com/158x219.png/dddddd/000000', 'Male', '2023-04-20 01:12:13', 90);
insert into BILLS (Id_BILLS, name, type, createdAt, Id_USERS) values (151, 'http://dummyimage.com/144x209.png/cc0000/ffffff', 'Female', '2022-04-24 02:01:18', 100);
insert into BILLS (Id_BILLS, name, type, createdAt, Id_USERS) values (152, 'http://dummyimage.com/122x204.png/ff4444/ffffff', 'Male', '2021-04-05 00:01:12', 81);
insert into BILLS (Id_BILLS, name, type, createdAt, Id_USERS) values (153, 'http://dummyimage.com/186x216.png/dddddd/000000', 'Male', '2023-06-11 03:45:03', 66);
insert into BILLS (Id_BILLS, name, type, createdAt, Id_USERS) values (154, 'http://dummyimage.com/190x165.png/dddddd/000000', 'Female', '2022-04-06 18:48:56', 94);
insert into BILLS (Id_BILLS, name, type, createdAt, Id_USERS) values (155, 'http://dummyimage.com/234x220.png/5fa2dd/ffffff', 'Bigender', '2023-04-09 16:03:43', 54);
insert into BILLS (Id_BILLS, name, type, createdAt, Id_USERS) values (156, 'http://dummyimage.com/165x125.png/ff4444/ffffff', 'Genderqueer', '2023-01-05 18:40:29', 96);
insert into BILLS (Id_BILLS, name, type, createdAt, Id_USERS) values (157, 'http://dummyimage.com/239x150.png/5fa2dd/ffffff', 'Female', '2022-10-05 22:13:18', 48);
insert into BILLS (Id_BILLS, name, type, createdAt, Id_USERS) values (158, 'http://dummyimage.com/209x109.png/5fa2dd/ffffff', 'Male', '2023-01-10 00:09:36', 51);
insert into BILLS (Id_BILLS, name, type, createdAt, Id_USERS) values (159, 'http://dummyimage.com/185x137.png/cc0000/ffffff', 'Male', '2020-11-17 05:03:33', 90);
insert into BILLS (Id_BILLS, name, type, createdAt, Id_USERS) values (160, 'http://dummyimage.com/200x250.png/dddddd/000000', 'Bigender', '2022-04-10 12:10:40', 41);
insert into BILLS (Id_BILLS, name, type, createdAt, Id_USERS) values (161, 'http://dummyimage.com/225x170.png/cc0000/ffffff', 'Genderqueer', '2022-04-17 09:16:44', 84);
insert into BILLS (Id_BILLS, name, type, createdAt, Id_USERS) values (162, 'http://dummyimage.com/117x247.png/ff4444/ffffff', 'Male', '2022-11-22 02:29:04', 41);
insert into BILLS (Id_BILLS, name, type, createdAt, Id_USERS) values (163, 'http://dummyimage.com/130x250.png/dddddd/000000', 'Male', '2020-01-05 09:09:42', 57);
insert into BILLS (Id_BILLS, name, type, createdAt, Id_USERS) values (164, 'http://dummyimage.com/202x206.png/ff4444/ffffff', 'Male', '2021-02-03 08:47:41', 47);
insert into BILLS (Id_BILLS, name, type, createdAt, Id_USERS) values (165, 'http://dummyimage.com/100x244.png/5fa2dd/ffffff', 'Male', '2021-09-29 17:20:23', 63);
insert into BILLS (Id_BILLS, name, type, createdAt, Id_USERS) values (166, 'http://dummyimage.com/154x178.png/dddddd/000000', 'Female', '2021-07-25 03:38:36', 50);
insert into BILLS (Id_BILLS, name, type, createdAt, Id_USERS) values (167, 'http://dummyimage.com/168x154.png/cc0000/ffffff', 'Male', '2022-03-07 05:26:36', 95);
insert into BILLS (Id_BILLS, name, type, createdAt, Id_USERS) values (168, 'http://dummyimage.com/143x222.png/ff4444/ffffff', 'Genderqueer', '2022-02-19 08:08:57', 78);
insert into BILLS (Id_BILLS, name, type, createdAt, Id_USERS) values (169, 'http://dummyimage.com/197x108.png/5fa2dd/ffffff', 'Male', '2023-06-01 19:53:14', 88);
insert into BILLS (Id_BILLS, name, type, createdAt, Id_USERS) values (170, 'http://dummyimage.com/118x113.png/cc0000/ffffff', 'Male', '2020-04-21 17:29:58', 60);
insert into BILLS (Id_BILLS, name, type, createdAt, Id_USERS) values (171, 'http://dummyimage.com/201x208.png/ff4444/ffffff', 'Male', '2021-06-24 14:57:44', 80);
insert into BILLS (Id_BILLS, name, type, createdAt, Id_USERS) values (172, 'http://dummyimage.com/115x202.png/cc0000/ffffff', 'Female', '2020-06-19 13:43:53', 67);
insert into BILLS (Id_BILLS, name, type, createdAt, Id_USERS) values (173, 'http://dummyimage.com/119x152.png/cc0000/ffffff', 'Female', '2021-03-26 07:28:12', 87);
insert into BILLS (Id_BILLS, name, type, createdAt, Id_USERS) values (174, 'http://dummyimage.com/158x148.png/5fa2dd/ffffff', 'Male', '2020-04-04 14:32:30', 31);
insert into BILLS (Id_BILLS, name, type, createdAt, Id_USERS) values (175, 'http://dummyimage.com/181x229.png/ff4444/ffffff', 'Polygender', '2022-05-28 04:36:24', 45);
insert into BILLS (Id_BILLS, name, type, createdAt, Id_USERS) values (176, 'http://dummyimage.com/201x210.png/5fa2dd/ffffff', 'Male', '2022-04-13 09:20:59', 89);
insert into BILLS (Id_BILLS, name, type, createdAt, Id_USERS) values (177, 'http://dummyimage.com/156x178.png/cc0000/ffffff', 'Agender', '2022-12-05 12:16:48', 49);
insert into BILLS (Id_BILLS, name, type, createdAt, Id_USERS) values (178, 'http://dummyimage.com/250x236.png/ff4444/ffffff', 'Female', '2022-03-26 04:05:18', 81);
insert into BILLS (Id_BILLS, name, type, createdAt, Id_USERS) values (179, 'http://dummyimage.com/140x166.png/5fa2dd/ffffff', 'Male', '2021-02-25 17:53:32', 59);
insert into BILLS (Id_BILLS, name, type, createdAt, Id_USERS) values (180, 'http://dummyimage.com/172x202.png/5fa2dd/ffffff', 'Male', '2021-07-12 23:29:12', 70);
insert into BILLS (Id_BILLS, name, type, createdAt, Id_USERS) values (181, 'http://dummyimage.com/166x213.png/5fa2dd/ffffff', 'Male', '2021-02-14 11:17:07', 96);
insert into BILLS (Id_BILLS, name, type, createdAt, Id_USERS) values (182, 'http://dummyimage.com/175x210.png/dddddd/000000', 'Female', '2021-02-16 04:34:58', 67);
insert into BILLS (Id_BILLS, name, type, createdAt, Id_USERS) values (183, 'http://dummyimage.com/162x162.png/dddddd/000000', 'Female', '2023-03-21 20:43:52', 67);
insert into BILLS (Id_BILLS, name, type, createdAt, Id_USERS) values (184, 'http://dummyimage.com/169x148.png/dddddd/000000', 'Female', '2022-12-18 19:52:48', 83);
insert into BILLS (Id_BILLS, name, type, createdAt, Id_USERS) values (185, 'http://dummyimage.com/128x118.png/cc0000/ffffff', 'Female', '2021-08-08 01:43:49', 42);
insert into BILLS (Id_BILLS, name, type, createdAt, Id_USERS) values (186, 'http://dummyimage.com/174x213.png/dddddd/000000', 'Male', '2021-02-03 17:21:47', 52);
insert into BILLS (Id_BILLS, name, type, createdAt, Id_USERS) values (187, 'http://dummyimage.com/101x232.png/5fa2dd/ffffff', 'Agender', '2022-03-07 11:45:42', 53);
insert into BILLS (Id_BILLS, name, type, createdAt, Id_USERS) values (188, 'http://dummyimage.com/207x153.png/ff4444/ffffff', 'Female', '2021-09-10 05:13:21', 67);
insert into BILLS (Id_BILLS, name, type, createdAt, Id_USERS) values (189, 'http://dummyimage.com/160x209.png/ff4444/ffffff', 'Female', '2023-06-02 08:24:47', 51);
insert into BILLS (Id_BILLS, name, type, createdAt, Id_USERS) values (190, 'http://dummyimage.com/121x158.png/cc0000/ffffff', 'Female', '2022-04-14 03:29:39', 77);
insert into BILLS (Id_BILLS, name, type, createdAt, Id_USERS) values (191, 'http://dummyimage.com/195x188.png/ff4444/ffffff', 'Male', '2022-03-11 05:43:20', 79);
insert into BILLS (Id_BILLS, name, type, createdAt, Id_USERS) values (192, 'http://dummyimage.com/154x170.png/ff4444/ffffff', 'Female', '2022-07-07 00:49:04', 34);
insert into BILLS (Id_BILLS, name, type, createdAt, Id_USERS) values (193, 'http://dummyimage.com/155x135.png/5fa2dd/ffffff', 'Non-binary', '2021-07-05 19:21:03', 85);
insert into BILLS (Id_BILLS, name, type, createdAt, Id_USERS) values (194, 'http://dummyimage.com/183x219.png/dddddd/000000', 'Male', '2021-07-15 12:34:13', 64);
insert into BILLS (Id_BILLS, name, type, createdAt, Id_USERS) values (195, 'http://dummyimage.com/211x218.png/dddddd/000000', 'Male', '2021-02-17 08:30:25', 55);
insert into BILLS (Id_BILLS, name, type, createdAt, Id_USERS) values (196, 'http://dummyimage.com/154x239.png/cc0000/ffffff', 'Female', '2023-01-20 15:51:06', 77);
insert into BILLS (Id_BILLS, name, type, createdAt, Id_USERS) values (197, 'http://dummyimage.com/171x112.png/cc0000/ffffff', 'Male', '2023-01-03 12:48:47', 35);
insert into BILLS (Id_BILLS, name, type, createdAt, Id_USERS) values (198, 'http://dummyimage.com/166x190.png/5fa2dd/ffffff', 'Genderqueer', '2022-06-04 02:25:13', 92);
insert into BILLS (Id_BILLS, name, type, createdAt, Id_USERS) values (199, 'http://dummyimage.com/113x142.png/dddddd/000000', 'Male', '2022-10-19 06:59:12', 69);
insert into BILLS (Id_BILLS, name, type, createdAt, Id_USERS) values (200, 'http://dummyimage.com/154x231.png/ff4444/ffffff', 'Female', '2020-02-02 19:26:20', 56);
insert into LESSONS_GROUPS (Id_LESSONS_GROUPS, name) values (1, 'Petit Baguette');
insert into LESSONS_GROUPS (Id_LESSONS_GROUPS, name) values (2, 'Cleaner - Lime Away');
insert into LESSONS_GROUPS (Id_LESSONS_GROUPS, name) values (3, 'Tomatoes - Yellow Hot House');
insert into LESSONS_GROUPS (Id_LESSONS_GROUPS, name) values (4, 'Bacardi Breezer - Strawberry');
insert into LESSONS_GROUPS (Id_LESSONS_GROUPS, name) values (5, 'Peach - Fresh');
insert into LESSONS_GROUPS (Id_LESSONS_GROUPS, name) values (6, 'Bread - Olive');
insert into LESSONS_GROUPS (Id_LESSONS_GROUPS, name) values (7, 'Pasta - Rotini, Colour, Dry');
insert into LESSONS_GROUPS (Id_LESSONS_GROUPS, name) values (8, 'Anchovy Fillets');
insert into LESSONS_GROUPS (Id_LESSONS_GROUPS, name) values (9, 'Soup - Campbells Broccoli');
insert into LESSONS_GROUPS (Id_LESSONS_GROUPS, name) values (10, 'Juice - Lime');
insert into LESSONS_GROUPS (Id_LESSONS_GROUPS, name) values (11, 'Longos - Assorted Sandwich');
insert into LESSONS_GROUPS (Id_LESSONS_GROUPS, name) values (12, 'V8 - Vegetable Cocktail');
insert into LESSONS_GROUPS (Id_LESSONS_GROUPS, name) values (13, 'Wine - Prosecco Valdobienne');
insert into LESSONS_GROUPS (Id_LESSONS_GROUPS, name) values (14, 'Flour - Strong Pizza');
insert into LESSONS_GROUPS (Id_LESSONS_GROUPS, name) values (15, 'Mushroom - Chanterelle Frozen');
insert into LESSONS_GROUPS (Id_LESSONS_GROUPS, name) values (16, 'Soap - Mr.clean Floor Soap');
insert into LESSONS_GROUPS (Id_LESSONS_GROUPS, name) values (17, 'Apples - Sliced / Wedge');
insert into LESSONS_GROUPS (Id_LESSONS_GROUPS, name) values (18, 'Red Cod Fillets - 225g');
insert into LESSONS_GROUPS (Id_LESSONS_GROUPS, name) values (19, 'Beans - Black Bean, Preserved');
insert into LESSONS_GROUPS (Id_LESSONS_GROUPS, name) values (20, 'Beef - Flank Steak');
insert into LESSONS (Id_LESSONS, name, content, description, difficulty, group_display_order, Id_LESSONS_GROUPS) values (1, 'Broom - Push', 'In congue. Etiam justo.', 'erat tortor', 2, 10, 11);
insert into LESSONS (Id_LESSONS, name, content, description, difficulty, group_display_order, Id_LESSONS_GROUPS) values (2, 'Apple - Royal Gala', 'In hac habitasse platea dictumst. Morbi vestibulum, velit id pretium iaculis, diam erat fermentum justo, nec condimentum neque sapien placerat ante.', 'suspendisse potenti in', 1, 7, 4);
insert into LESSONS (Id_LESSONS, name, content, description, difficulty, group_display_order, Id_LESSONS_GROUPS) values (3, 'Water - Spring Water, 355 Ml', 'Etiam faucibus cursus urna. Ut tellus. Nulla ut erat id mauris vulputate elementum. Nullam varius. Nulla facilisi.', 'nulla justo', 1, 4, 7);
insert into LESSONS (Id_LESSONS, name, content, description, difficulty, group_display_order, Id_LESSONS_GROUPS) values (4, 'Energy Drink Bawls', 'Donec odio justo, sollicitudin ut, suscipit a, feugiat et, eros.', 'odio elementum eu', 1, 6, 6);
insert into LESSONS (Id_LESSONS, name, content, description, difficulty, group_display_order, Id_LESSONS_GROUPS) values (5, 'Crackers - Melba Toast', 'Quisque ut erat. Curabitur gravida nisi at nibh. In hac habitasse platea dictumst.', 'justo', 4, 5, 16);
insert into LESSONS (Id_LESSONS, name, content, description, difficulty, group_display_order, Id_LESSONS_GROUPS) values (6, 'Neckerchief Blck', 'Sed sagittis. Nam congue, risus semper porta volutpat, quam pede lobortis ligula, sit amet eleifend pede libero quis orci. Nullam molestie nibh in lectus. Pellentesque at nulla.', 'magna', 4, 10, 1);
insert into LESSONS (Id_LESSONS, name, content, description, difficulty, group_display_order, Id_LESSONS_GROUPS) values (7, 'Pepper - Orange', 'Duis bibendum, felis sed interdum venenatis, turpis enim blandit mi, in porttitor pede justo eu massa. Donec dapibus.', 'eleifend', 1, 5, 8);
insert into LESSONS (Id_LESSONS, name, content, description, difficulty, group_display_order, Id_LESSONS_GROUPS) values (8, 'Curry Paste - Green Masala', 'Nullam porttitor lacus at turpis. Donec posuere metus vitae ipsum. Aliquam non mauris. Morbi non lectus.', 'odio elementum eu', 1, 2, 4);
insert into LESSONS (Id_LESSONS, name, content, description, difficulty, group_display_order, Id_LESSONS_GROUPS) values (9, 'Sprouts - Alfalfa', 'In hac habitasse platea dictumst. Etiam faucibus cursus urna.', 'quis lectus suspendisse', 4, 2, 15);
insert into LESSONS (Id_LESSONS, name, content, description, difficulty, group_display_order, Id_LESSONS_GROUPS) values (10, 'Oil - Canola', 'Integer ac neque. Duis bibendum. Morbi non quam nec dui luctus rutrum.', 'platea dictumst maecenas', 1, 7, 12);
insert into LESSONS (Id_LESSONS, name, content, description, difficulty, group_display_order, Id_LESSONS_GROUPS) values (11, 'Soup - Campbells Mac N Cheese', 'Suspendisse potenti. In eleifend quam a odio.', 'eros vestibulum ac', 2, 7, 1);
insert into LESSONS (Id_LESSONS, name, content, description, difficulty, group_display_order, Id_LESSONS_GROUPS) values (12, 'Chicken Breast Wing On', 'Proin leo odio, porttitor id, consequat in, consequat ut, nulla.', 'ultricies eu nibh', 4, 9, 3);
insert into LESSONS (Id_LESSONS, name, content, description, difficulty, group_display_order, Id_LESSONS_GROUPS) values (13, 'Veal - Nuckle', 'Nunc nisl. Duis bibendum, felis sed interdum venenatis, turpis enim blandit mi, in porttitor pede justo eu massa.', 'in', 5, 9, 9);
insert into LESSONS (Id_LESSONS, name, content, description, difficulty, group_display_order, Id_LESSONS_GROUPS) values (14, 'Towel - Roll White', 'Nunc purus. Phasellus in felis. Donec semper sapien a libero. Nam dui.', 'primis', 3, 8, 12);
insert into LESSONS (Id_LESSONS, name, content, description, difficulty, group_display_order, Id_LESSONS_GROUPS) values (15, 'Coconut - Creamed, Pure', 'Nullam orci pede, venenatis non, sodales sed, tincidunt eu, felis.', 'nibh quisque', 2, 4, 10);
insert into LESSONS (Id_LESSONS, name, content, description, difficulty, group_display_order, Id_LESSONS_GROUPS) values (16, 'Vodka - Hot, Lnferno', 'Donec semper sapien a libero. Nam dui. Proin leo odio, porttitor id, consequat in, consequat ut, nulla. Sed accumsan felis.', 'integer ac', 1, 7, 12);
insert into LESSONS (Id_LESSONS, name, content, description, difficulty, group_display_order, Id_LESSONS_GROUPS) values (17, 'Bag - Regular Kraft 20 Lb', 'Integer pede justo, lacinia eget, tincidunt eget, tempus vel, pede.', 'at dolor', 4, 8, 11);
insert into LESSONS (Id_LESSONS, name, content, description, difficulty, group_display_order, Id_LESSONS_GROUPS) values (18, 'Flour - Strong', 'Morbi ut odio. Cras mi pede, malesuada in, imperdiet et, commodo vulputate, justo. In blandit ultrices enim. Lorem ipsum dolor sit amet, consectetuer adipiscing elit.', 'praesent id', 1, 9, 10);
insert into LESSONS (Id_LESSONS, name, content, description, difficulty, group_display_order, Id_LESSONS_GROUPS) values (19, 'Pork - Backfat', 'Phasellus sit amet erat.', 'orci luctus et', 4, 5, 1);
insert into LESSONS (Id_LESSONS, name, content, description, difficulty, group_display_order, Id_LESSONS_GROUPS) values (20, 'Crab - Meat', 'Morbi quis tortor id nulla ultrices aliquet. Maecenas leo odio, condimentum id, luctus nec, molestie sed, justo. Pellentesque viverra pede ac diam. Cras pellentesque volutpat dui.', 'libero ut', 3, 5, 13);
insert into LESSONS (Id_LESSONS, name, content, description, difficulty, group_display_order, Id_LESSONS_GROUPS) values (21, 'Lychee', 'Morbi ut odio. Cras mi pede, malesuada in, imperdiet et, commodo vulputate, justo.', 'augue vestibulum', 5, 7, 6);
insert into LESSONS (Id_LESSONS, name, content, description, difficulty, group_display_order, Id_LESSONS_GROUPS) values (22, 'Shrimp - Black Tiger 26/30', 'Maecenas tincidunt lacus at velit. Vivamus vel nulla eget eros elementum pellentesque. Quisque porta volutpat erat.', 'libero convallis', 4, 9, 8);
insert into LESSONS (Id_LESSONS, name, content, description, difficulty, group_display_order, Id_LESSONS_GROUPS) values (23, 'Corn - Mini', 'In est risus, auctor sed, tristique in, tempus sit amet, sem.', 'consectetuer eget', 1, 3, 8);
insert into LESSONS (Id_LESSONS, name, content, description, difficulty, group_display_order, Id_LESSONS_GROUPS) values (24, 'Sour Cream', 'Suspendisse accumsan tortor quis turpis. Sed ante. Vivamus tortor. Duis mattis egestas metus.', 'amet', 1, 9, 8);
insert into LESSONS (Id_LESSONS, name, content, description, difficulty, group_display_order, Id_LESSONS_GROUPS) values (25, 'Sugar - Splenda Sweetener', 'Vivamus in felis eu sapien cursus vestibulum. Proin eu mi. Nulla ac enim. In tempor, turpis nec euismod scelerisque, quam turpis adipiscing lorem, vitae mattis nibh ligula nec sem.', 'ante', 1, 2, 5);
insert into LESSONS (Id_LESSONS, name, content, description, difficulty, group_display_order, Id_LESSONS_GROUPS) values (26, 'Pernod', 'Integer pede justo, lacinia eget, tincidunt eget, tempus vel, pede. Morbi porttitor lorem id ligula. Suspendisse ornare consequat lectus. In est risus, auctor sed, tristique in, tempus sit amet, sem.', 'duis ac nibh', 1, 7, 16);
insert into LESSONS (Id_LESSONS, name, content, description, difficulty, group_display_order, Id_LESSONS_GROUPS) values (27, 'Yucca', 'Morbi quis tortor id nulla ultrices aliquet. Maecenas leo odio, condimentum id, luctus nec, molestie sed, justo. Pellentesque viverra pede ac diam. Cras pellentesque volutpat dui. Maecenas tristique, est et tempus semper, est quam pharetra magna, ac consequat metus sapien ut nunc.', 'adipiscing molestie', 1, 10, 1);
insert into LESSONS (Id_LESSONS, name, content, description, difficulty, group_display_order, Id_LESSONS_GROUPS) values (28, 'Pie Filling - Apple', 'Donec odio justo, sollicitudin ut, suscipit a, feugiat et, eros. Vestibulum ac est lacinia nisi venenatis tristique.', 'sit amet justo', 2, 9, 1);
insert into LESSONS (Id_LESSONS, name, content, description, difficulty, group_display_order, Id_LESSONS_GROUPS) values (29, 'Pastry - Mini French Pastries', 'Proin at turpis a pede posuere nonummy.', 'elit proin interdum', 3, 9, 15);
insert into LESSONS (Id_LESSONS, name, content, description, difficulty, group_display_order, Id_LESSONS_GROUPS) values (30, 'Roe - White Fish', 'Sed ante. Vivamus tortor. Duis mattis egestas metus. Aenean fermentum.', 'odio', 5, 1, 13);
insert into LESSONS (Id_LESSONS, name, content, description, difficulty, group_display_order, Id_LESSONS_GROUPS) values (31, 'Star Anise, Whole', 'Nam ultrices, libero non mattis pulvinar, nulla pede ullamcorper augue, a suscipit nulla elit ac nulla. Sed vel enim sit amet nunc viverra dapibus. Nulla suscipit ligula in lacus. Curabitur at ipsum ac tellus semper interdum. Mauris ullamcorper purus sit amet nulla.', 'natoque penatibus', 5, 7, 9);
insert into LESSONS (Id_LESSONS, name, content, description, difficulty, group_display_order, Id_LESSONS_GROUPS) values (32, 'Wine - Periguita Fonseca', 'Integer non velit. Donec diam neque, vestibulum eget, vulputate ut, ultrices vel, augue. Vestibulum ante ipsum primis in faucibus orci luctus et ultrices posuere cubilia Curae; Donec pharetra, magna vestibulum aliquet ultrices, erat tortor sollicitudin mi, sit amet lobortis sapien sapien non mi. Integer ac neque.', 'massa', 5, 6, 1);
insert into LESSONS (Id_LESSONS, name, content, description, difficulty, group_display_order, Id_LESSONS_GROUPS) values (33, 'Vodka - Moskovskaya', 'Morbi quis tortor id nulla ultrices aliquet. Maecenas leo odio, condimentum id, luctus nec, molestie sed, justo. Pellentesque viverra pede ac diam. Cras pellentesque volutpat dui.', 'rutrum', 1, 7, 13);
insert into LESSONS (Id_LESSONS, name, content, description, difficulty, group_display_order, Id_LESSONS_GROUPS) values (34, 'Plums - Red', 'Phasellus in felis.', 'sit amet', 3, 3, 1);
insert into LESSONS (Id_LESSONS, name, content, description, difficulty, group_display_order, Id_LESSONS_GROUPS) values (35, 'Appetizer - Veg Assortment', 'Nunc nisl. Duis bibendum, felis sed interdum venenatis, turpis enim blandit mi, in porttitor pede justo eu massa. Donec dapibus. Duis at velit eu est congue elementum. In hac habitasse platea dictumst.', 'turpis enim blandit', 3, 3, 13);
insert into LESSONS (Id_LESSONS, name, content, description, difficulty, group_display_order, Id_LESSONS_GROUPS) values (36, 'Pork - Loin, Center Cut', 'Mauris enim leo, rhoncus sed, vestibulum sit amet, cursus id, turpis. Integer aliquet, massa id lobortis convallis, tortor risus dapibus augue, vel accumsan tellus nisi eu orci.', 'primis in faucibus', 1, 7, 11);
insert into LESSONS (Id_LESSONS, name, content, description, difficulty, group_display_order, Id_LESSONS_GROUPS) values (37, 'Potatoes - Idaho 100 Count', 'Aliquam quis turpis eget elit sodales scelerisque. Mauris sit amet eros. Suspendisse accumsan tortor quis turpis.', 'erat tortor sollicitudin', 1, 8, 11);
insert into LESSONS (Id_LESSONS, name, content, description, difficulty, group_display_order, Id_LESSONS_GROUPS) values (38, 'Scotch - Queen Anne', 'Praesent blandit. Nam nulla. Integer pede justo, lacinia eget, tincidunt eget, tempus vel, pede. Morbi porttitor lorem id ligula. Suspendisse ornare consequat lectus.', 'elementum', 1, 10, 14);
insert into LESSONS (Id_LESSONS, name, content, description, difficulty, group_display_order, Id_LESSONS_GROUPS) values (39, 'Cookie Dough - Oatmeal Rasin', 'Duis at velit eu est congue elementum. In hac habitasse platea dictumst. Morbi vestibulum, velit id pretium iaculis, diam erat fermentum justo, nec condimentum neque sapien placerat ante.', 'sapien', 4, 3, 5);
insert into LESSONS (Id_LESSONS, name, content, description, difficulty, group_display_order, Id_LESSONS_GROUPS) values (40, 'Vermouth - Sweet, Cinzano', 'Integer ac neque.', 'nullam', 4, 6, 10);
insert into LESSONS (Id_LESSONS, name, content, description, difficulty, group_display_order, Id_LESSONS_GROUPS) values (41, 'Soup - Campbells Beef Noodle', 'Praesent lectus. Vestibulum quam sapien, varius ut, blandit non, interdum in, ante. Vestibulum ante ipsum primis in faucibus orci luctus et ultrices posuere cubilia Curae; Duis faucibus accumsan odio.', 'ipsum integer a', 2, 1, 6);
insert into LESSONS (Id_LESSONS, name, content, description, difficulty, group_display_order, Id_LESSONS_GROUPS) values (42, 'Sauce - Mint', 'Sed sagittis. Nam congue, risus semper porta volutpat, quam pede lobortis ligula, sit amet eleifend pede libero quis orci.', 'sem', 1, 6, 2);
insert into LESSONS (Id_LESSONS, name, content, description, difficulty, group_display_order, Id_LESSONS_GROUPS) values (43, 'Rice - Basmati', 'Vivamus vel nulla eget eros elementum pellentesque.', 'augue aliquam erat', 5, 10, 15);
insert into LESSONS (Id_LESSONS, name, content, description, difficulty, group_display_order, Id_LESSONS_GROUPS) values (44, 'Cup - Translucent 7 Oz Clear', 'Nam congue, risus semper porta volutpat, quam pede lobortis ligula, sit amet eleifend pede libero quis orci.', 'cursus vestibulum proin', 3, 6, 9);
insert into LESSONS (Id_LESSONS, name, content, description, difficulty, group_display_order, Id_LESSONS_GROUPS) values (45, 'Water Chestnut - Canned', 'Nam dui. Proin leo odio, porttitor id, consequat in, consequat ut, nulla. Sed accumsan felis. Ut at dolor quis odio consequat varius.', 'et', 1, 10, 16);
insert into LESSONS (Id_LESSONS, name, content, description, difficulty, group_display_order, Id_LESSONS_GROUPS) values (46, 'Ice Cream Bar - Drumstick', 'Integer pede justo, lacinia eget, tincidunt eget, tempus vel, pede. Morbi porttitor lorem id ligula. Suspendisse ornare consequat lectus. In est risus, auctor sed, tristique in, tempus sit amet, sem.', 'interdum mauris', 3, 6, 3);
insert into LESSONS (Id_LESSONS, name, content, description, difficulty, group_display_order, Id_LESSONS_GROUPS) values (47, 'Drambuie', 'Vestibulum quam sapien, varius ut, blandit non, interdum in, ante. Vestibulum ante ipsum primis in faucibus orci luctus et ultrices posuere cubilia Curae; Duis faucibus accumsan odio. Curabitur convallis.', 'mauris morbi non', 5, 5, 4);
insert into LESSONS (Id_LESSONS, name, content, description, difficulty, group_display_order, Id_LESSONS_GROUPS) values (48, 'Garlic - Peeled', 'Pellentesque viverra pede ac diam. Cras pellentesque volutpat dui. Maecenas tristique, est et tempus semper, est quam pharetra magna, ac consequat metus sapien ut nunc.', 'ultrices', 2, 5, 18);
insert into LESSONS (Id_LESSONS, name, content, description, difficulty, group_display_order, Id_LESSONS_GROUPS) values (49, 'Lotus Root', 'Aenean sit amet justo. Morbi ut odio. Cras mi pede, malesuada in, imperdiet et, commodo vulputate, justo. In blandit ultrices enim.', 'dis parturient', 2, 6, 11);
insert into LESSONS (Id_LESSONS, name, content, description, difficulty, group_display_order, Id_LESSONS_GROUPS) values (50, 'Wine - Rhine Riesling Wolf Blass', 'Nullam varius.', 'nec sem duis', 4, 6, 11);
insert into LESSONS (Id_LESSONS, name, content, description, difficulty, group_display_order, Id_LESSONS_GROUPS) values (51, 'Limes', 'Maecenas pulvinar lobortis est. Phasellus sit amet erat. Nulla tempus. Vivamus in felis eu sapien cursus vestibulum. Proin eu mi.', 'condimentum neque', 3, 4, 9);
insert into LESSONS (Id_LESSONS, name, content, description, difficulty, group_display_order, Id_LESSONS_GROUPS) values (52, 'Frangelico', 'Morbi non quam nec dui luctus rutrum. Nulla tellus. In sagittis dui vel nisl. Duis ac nibh.', 'justo eu', 3, 6, 16);
insert into LESSONS (Id_LESSONS, name, content, description, difficulty, group_display_order, Id_LESSONS_GROUPS) values (53, 'Chocolate - Milk, Callets', 'Morbi odio odio, elementum eu, interdum eu, tincidunt in, leo.', 'phasellus', 2, 5, 3);
insert into LESSONS (Id_LESSONS, name, content, description, difficulty, group_display_order, Id_LESSONS_GROUPS) values (54, 'Soup - Campbells Pasta Fagioli', 'Suspendisse accumsan tortor quis turpis.', 'viverra', 1, 9, 8);
insert into LESSONS (Id_LESSONS, name, content, description, difficulty, group_display_order, Id_LESSONS_GROUPS) values (55, 'Gherkin', 'Suspendisse potenti. Nullam porttitor lacus at turpis. Donec posuere metus vitae ipsum.', 'ipsum primis in', 1, 8, 11);
insert into LESSONS (Id_LESSONS, name, content, description, difficulty, group_display_order, Id_LESSONS_GROUPS) values (56, 'Star Anise, Whole', 'Donec vitae nisi. Nam ultrices, libero non mattis pulvinar, nulla pede ullamcorper augue, a suscipit nulla elit ac nulla. Sed vel enim sit amet nunc viverra dapibus. Nulla suscipit ligula in lacus.', 'curae nulla', 1, 5, 10);
insert into LESSONS (Id_LESSONS, name, content, description, difficulty, group_display_order, Id_LESSONS_GROUPS) values (57, 'Ice Cream Bar - Rolo Cone', 'Integer aliquet, massa id lobortis convallis, tortor risus dapibus augue, vel accumsan tellus nisi eu orci. Mauris lacinia sapien quis libero.', 'sapien', 5, 4, 2);
insert into LESSONS (Id_LESSONS, name, content, description, difficulty, group_display_order, Id_LESSONS_GROUPS) values (58, 'Basil - Thai', 'Curabitur gravida nisi at nibh.', 'eget', 2, 5, 7);
insert into LESSONS (Id_LESSONS, name, content, description, difficulty, group_display_order, Id_LESSONS_GROUPS) values (59, 'Catfish - Fillets', 'Vestibulum ante ipsum primis in faucibus orci luctus et ultrices posuere cubilia Curae; Donec pharetra, magna vestibulum aliquet ultrices, erat tortor sollicitudin mi, sit amet lobortis sapien sapien non mi. Integer ac neque. Duis bibendum. Morbi non quam nec dui luctus rutrum. Nulla tellus.', 'et ultrices posuere', 2, 2, 18);
insert into LESSONS (Id_LESSONS, name, content, description, difficulty, group_display_order, Id_LESSONS_GROUPS) values (60, 'Uniform Linen Charge', 'Proin eu mi. Nulla ac enim. In tempor, turpis nec euismod scelerisque, quam turpis adipiscing lorem, vitae mattis nibh ligula nec sem. Duis aliquam convallis nunc. Proin at turpis a pede posuere nonummy.', 'purus aliquet', 5, 1, 12);
insert into LESSONS (Id_LESSONS, name, content, description, difficulty, group_display_order, Id_LESSONS_GROUPS) values (61, 'Turkey - Oven Roast Breast', 'Aliquam quis turpis eget elit sodales scelerisque. Mauris sit amet eros.', 'nec', 3, 8, 11);
insert into LESSONS (Id_LESSONS, name, content, description, difficulty, group_display_order, Id_LESSONS_GROUPS) values (62, 'Coconut Milk - Unsweetened', 'Proin interdum mauris non ligula pellentesque ultrices.', 'justo eu', 3, 2, 15);
insert into LESSONS (Id_LESSONS, name, content, description, difficulty, group_display_order, Id_LESSONS_GROUPS) values (63, 'Cake - Cheese Cake 9 Inch', 'Mauris enim leo, rhoncus sed, vestibulum sit amet, cursus id, turpis. Integer aliquet, massa id lobortis convallis, tortor risus dapibus augue, vel accumsan tellus nisi eu orci. Mauris lacinia sapien quis libero. Nullam sit amet turpis elementum ligula vehicula consequat.', 'ut', 4, 6, 9);
insert into LESSONS (Id_LESSONS, name, content, description, difficulty, group_display_order, Id_LESSONS_GROUPS) values (64, 'Salmon - Canned', 'Vestibulum ante ipsum primis in faucibus orci luctus et ultrices posuere cubilia Curae; Mauris viverra diam vitae quam. Suspendisse potenti. Nullam porttitor lacus at turpis. Donec posuere metus vitae ipsum.', 'convallis', 3, 1, 18);
insert into LESSONS (Id_LESSONS, name, content, description, difficulty, group_display_order, Id_LESSONS_GROUPS) values (65, 'Hot Chocolate - Individual', 'Vestibulum sed magna at nunc commodo placerat. Praesent blandit. Nam nulla. Integer pede justo, lacinia eget, tincidunt eget, tempus vel, pede. Morbi porttitor lorem id ligula.', 'libero', 4, 10, 5);
insert into LESSONS (Id_LESSONS, name, content, description, difficulty, group_display_order, Id_LESSONS_GROUPS) values (66, 'Praline Paste', 'Duis bibendum.', 'dictumst morbi', 1, 10, 10);
insert into LESSONS (Id_LESSONS, name, content, description, difficulty, group_display_order, Id_LESSONS_GROUPS) values (67, 'Apple - Granny Smith', 'In hac habitasse platea dictumst. Morbi vestibulum, velit id pretium iaculis, diam erat fermentum justo, nec condimentum neque sapien placerat ante.', 'elementum nullam varius', 3, 3, 7);
insert into LESSONS (Id_LESSONS, name, content, description, difficulty, group_display_order, Id_LESSONS_GROUPS) values (68, 'Wine - Duboeuf Beaujolais', 'Morbi quis tortor id nulla ultrices aliquet. Maecenas leo odio, condimentum id, luctus nec, molestie sed, justo.', 'volutpat eleifend', 4, 9, 15);
insert into LESSONS (Id_LESSONS, name, content, description, difficulty, group_display_order, Id_LESSONS_GROUPS) values (69, 'Cocoa Powder - Natural', 'Vivamus vestibulum sagittis sapien. Cum sociis natoque penatibus et magnis dis parturient montes, nascetur ridiculus mus. Etiam vel augue. Vestibulum rutrum rutrum neque.', 'ipsum', 1, 6, 9);
insert into LESSONS (Id_LESSONS, name, content, description, difficulty, group_display_order, Id_LESSONS_GROUPS) values (70, 'Dooleys Toffee', 'Morbi porttitor lorem id ligula. Suspendisse ornare consequat lectus. In est risus, auctor sed, tristique in, tempus sit amet, sem.', 'suspendisse potenti', 1, 10, 7);
insert into LESSONS (Id_LESSONS, name, content, description, difficulty, group_display_order, Id_LESSONS_GROUPS) values (71, 'Emulsifier', 'Suspendisse accumsan tortor quis turpis. Sed ante. Vivamus tortor. Duis mattis egestas metus.', 'quis', 2, 5, 12);
insert into LESSONS (Id_LESSONS, name, content, description, difficulty, group_display_order, Id_LESSONS_GROUPS) values (72, 'Tomatoes - Hot House', 'Nullam porttitor lacus at turpis. Donec posuere metus vitae ipsum. Aliquam non mauris.', 'sit amet', 4, 3, 15);
insert into LESSONS (Id_LESSONS, name, content, description, difficulty, group_display_order, Id_LESSONS_GROUPS) values (73, 'Foil Wrap', 'Integer pede justo, lacinia eget, tincidunt eget, tempus vel, pede. Morbi porttitor lorem id ligula. Suspendisse ornare consequat lectus. In est risus, auctor sed, tristique in, tempus sit amet, sem. Fusce consequat.', 'vel nisl duis', 2, 10, 5);
insert into LESSONS (Id_LESSONS, name, content, description, difficulty, group_display_order, Id_LESSONS_GROUPS) values (74, 'Loquat', 'Suspendisse accumsan tortor quis turpis. Sed ante. Vivamus tortor.', 'ipsum', 5, 9, 10);
insert into LESSONS (Id_LESSONS, name, content, description, difficulty, group_display_order, Id_LESSONS_GROUPS) values (75, 'Anchovy Fillets', 'Vivamus vel nulla eget eros elementum pellentesque. Quisque porta volutpat erat. Quisque erat eros, viverra eget, congue eget, semper rutrum, nulla. Nunc purus. Phasellus in felis.', 'dictumst etiam faucibus', 5, 1, 8);
insert into LESSONS (Id_LESSONS, name, content, description, difficulty, group_display_order, Id_LESSONS_GROUPS) values (76, 'Apple - Macintosh', 'Donec ut mauris eget massa tempor convallis. Nulla neque libero, convallis eget, eleifend luctus, ultricies eu, nibh. Quisque id justo sit amet sapien dignissim vestibulum. Vestibulum ante ipsum primis in faucibus orci luctus et ultrices posuere cubilia Curae; Nulla dapibus dolor vel est. Donec odio justo, sollicitudin ut, suscipit a, feugiat et, eros.', 'posuere', 3, 7, 13);
insert into LESSONS (Id_LESSONS, name, content, description, difficulty, group_display_order, Id_LESSONS_GROUPS) values (77, 'Juice - Clamato, 341 Ml', 'Nulla nisl. Nunc nisl. Duis bibendum, felis sed interdum venenatis, turpis enim blandit mi, in porttitor pede justo eu massa. Donec dapibus.', 'dui vel', 3, 4, 7);
insert into LESSONS (Id_LESSONS, name, content, description, difficulty, group_display_order, Id_LESSONS_GROUPS) values (78, 'Wine - White, Riesling, Semi - Dry', 'Donec dapibus.', 'erat', 4, 1, 6);
insert into LESSONS (Id_LESSONS, name, content, description, difficulty, group_display_order, Id_LESSONS_GROUPS) values (79, 'Wine - White, Lindemans Bin 95', 'Donec semper sapien a libero.', 'velit nec', 4, 6, 18);
insert into LESSONS (Id_LESSONS, name, content, description, difficulty, group_display_order, Id_LESSONS_GROUPS) values (80, 'Scallops - Live In Shell', 'Quisque arcu libero, rutrum ac, lobortis vel, dapibus at, diam.', 'ac leo', 5, 9, 14);
insert into LESSONS (Id_LESSONS, name, content, description, difficulty, group_display_order, Id_LESSONS_GROUPS) values (81, 'Longos - Cheese Tortellini', 'Phasellus id sapien in sapien iaculis congue. Vivamus metus arcu, adipiscing molestie, hendrerit at, vulputate vitae, nisl.', 'rhoncus aliquam', 1, 2, 8);
insert into LESSONS (Id_LESSONS, name, content, description, difficulty, group_display_order, Id_LESSONS_GROUPS) values (82, 'Myers Planters Punch', 'Morbi non quam nec dui luctus rutrum. Nulla tellus. In sagittis dui vel nisl.', 'ac leo', 2, 5, 10);
insert into LESSONS (Id_LESSONS, name, content, description, difficulty, group_display_order, Id_LESSONS_GROUPS) values (83, 'Bread - Bistro White', 'Curabitur in libero ut massa volutpat convallis.', 'mattis egestas', 1, 7, 16);
insert into LESSONS (Id_LESSONS, name, content, description, difficulty, group_display_order, Id_LESSONS_GROUPS) values (84, 'Ham - Proscuitto', 'Aliquam sit amet diam in magna bibendum imperdiet. Nullam orci pede, venenatis non, sodales sed, tincidunt eu, felis.', 'lobortis vel dapibus', 4, 6, 10);
insert into LESSONS (Id_LESSONS, name, content, description, difficulty, group_display_order, Id_LESSONS_GROUPS) values (85, 'Oil - Macadamia', 'Nulla mollis molestie lorem. Quisque ut erat. Curabitur gravida nisi at nibh. In hac habitasse platea dictumst.', 'venenatis', 5, 4, 6);
insert into LESSONS (Id_LESSONS, name, content, description, difficulty, group_display_order, Id_LESSONS_GROUPS) values (86, 'Ranchero - Primerba, Paste', 'Vivamus vestibulum sagittis sapien. Cum sociis natoque penatibus et magnis dis parturient montes, nascetur ridiculus mus.', 'suscipit nulla', 4, 1, 11);
insert into LESSONS (Id_LESSONS, name, content, description, difficulty, group_display_order, Id_LESSONS_GROUPS) values (87, 'Coffee Decaf Colombian', 'Fusce posuere felis sed lacus. Morbi sem mauris, laoreet ut, rhoncus aliquet, pulvinar sed, nisl. Nunc rhoncus dui vel sem. Sed sagittis. Nam congue, risus semper porta volutpat, quam pede lobortis ligula, sit amet eleifend pede libero quis orci.', 'lectus pellentesque', 5, 10, 2);
insert into LESSONS (Id_LESSONS, name, content, description, difficulty, group_display_order, Id_LESSONS_GROUPS) values (88, 'Crab - Dungeness, Whole, live', 'Nulla mollis molestie lorem. Quisque ut erat. Curabitur gravida nisi at nibh. In hac habitasse platea dictumst. Aliquam augue quam, sollicitudin vitae, consectetuer eget, rutrum at, lorem.', 'orci mauris', 4, 10, 13);
insert into LESSONS (Id_LESSONS, name, content, description, difficulty, group_display_order, Id_LESSONS_GROUPS) values (89, 'Mangostein', 'Pellentesque eget nunc. Donec quis orci eget orci vehicula condimentum. Curabitur in libero ut massa volutpat convallis. Morbi odio odio, elementum eu, interdum eu, tincidunt in, leo. Maecenas pulvinar lobortis est.', 'morbi a ipsum', 1, 9, 7);
insert into LESSONS (Id_LESSONS, name, content, description, difficulty, group_display_order, Id_LESSONS_GROUPS) values (90, 'Calaloo', 'Morbi a ipsum. Integer a nibh. In quis justo. Maecenas rhoncus aliquam lacus. Morbi quis tortor id nulla ultrices aliquet.', 'magnis dis parturient', 2, 8, 6);
insert into LESSONS (Id_LESSONS, name, content, description, difficulty, group_display_order, Id_LESSONS_GROUPS) values (91, 'Bar - Sweet And Salty Chocolate', 'Pellentesque viverra pede ac diam. Cras pellentesque volutpat dui. Maecenas tristique, est et tempus semper, est quam pharetra magna, ac consequat metus sapien ut nunc.', 'aliquam lacus morbi', 2, 8, 16);
insert into LESSONS (Id_LESSONS, name, content, description, difficulty, group_display_order, Id_LESSONS_GROUPS) values (92, 'Beets - Mini Golden', 'Nam nulla. Integer pede justo, lacinia eget, tincidunt eget, tempus vel, pede.', 'ultrices', 5, 4, 1);
insert into LESSONS (Id_LESSONS, name, content, description, difficulty, group_display_order, Id_LESSONS_GROUPS) values (93, 'Squid - U 5', 'Nulla nisl.', 'ante ipsum primis', 1, 9, 11);
insert into LESSONS (Id_LESSONS, name, content, description, difficulty, group_display_order, Id_LESSONS_GROUPS) values (94, 'Lumpfish Black', 'Aliquam erat volutpat. In congue. Etiam justo.', 'in eleifend', 4, 1, 13);
insert into LESSONS (Id_LESSONS, name, content, description, difficulty, group_display_order, Id_LESSONS_GROUPS) values (95, 'Beans - Long, Chinese', 'Cras non velit nec nisi vulputate nonummy. Maecenas tincidunt lacus at velit. Vivamus vel nulla eget eros elementum pellentesque. Quisque porta volutpat erat.', 'sem praesent id', 3, 1, 6);
insert into LESSONS (Id_LESSONS, name, content, description, difficulty, group_display_order, Id_LESSONS_GROUPS) values (96, 'Soup V8 Roasted Red Pepper', 'Integer ac leo. Pellentesque ultrices mattis odio. Donec vitae nisi.', 'quam', 1, 8, 5);
insert into LESSONS (Id_LESSONS, name, content, description, difficulty, group_display_order, Id_LESSONS_GROUPS) values (97, 'Beans - Kidney, Canned', 'Praesent lectus. Vestibulum quam sapien, varius ut, blandit non, interdum in, ante. Vestibulum ante ipsum primis in faucibus orci luctus et ultrices posuere cubilia Curae; Duis faucibus accumsan odio.', 'donec', 1, 7, 12);
insert into LESSONS (Id_LESSONS, name, content, description, difficulty, group_display_order, Id_LESSONS_GROUPS) values (98, 'Potatoes - Idaho 80 Count', 'Nullam porttitor lacus at turpis. Donec posuere metus vitae ipsum.', 'nulla dapibus dolor', 2, 3, 16);
insert into LESSONS (Id_LESSONS, name, content, description, difficulty, group_display_order, Id_LESSONS_GROUPS) values (99, 'Sauce - Thousand Island', 'Sed accumsan felis. Ut at dolor quis odio consequat varius. Integer ac leo. Pellentesque ultrices mattis odio.', 'quis turpis sed', 1, 7, 12);
insert into LESSONS (Id_LESSONS, name, content, description, difficulty, group_display_order, Id_LESSONS_GROUPS) values (100, 'Wine - Conde De Valdemar', 'Duis aliquam convallis nunc.', 'vulputate justo', 4, 2, 3);
insert into EVENTS_GROUPS (Id_EVENTS_GROUPS, name) values (1, 'arcu adipiscing molestie');
insert into EVENTS_GROUPS (Id_EVENTS_GROUPS, name) values (2, 'massa volutpat convallis morbi');
insert into EVENTS_GROUPS (Id_EVENTS_GROUPS, name) values (3, 'fermentum justo nec');
insert into EVENTS_GROUPS (Id_EVENTS_GROUPS, name) values (4, 'eros suspendisse');
insert into EVENTS_GROUPS (Id_EVENTS_GROUPS, name) values (5, 'erat');
insert into EVENTS_GROUPS (Id_EVENTS_GROUPS, name) values (6, 'mattis egestas metus aenean');
insert into EVENTS_GROUPS (Id_EVENTS_GROUPS, name) values (7, 'vestibulum velit');
insert into EVENTS_GROUPS (Id_EVENTS_GROUPS, name) values (8, 'vestibulum sit');
insert into EVENTS_GROUPS (Id_EVENTS_GROUPS, name) values (9, 'nulla');
insert into EVENTS_GROUPS (Id_EVENTS_GROUPS, name) values (10, 'vestibulum sit amet');
insert into EVENTS_GROUPS (Id_EVENTS_GROUPS, name) values (11, 'fringilla rhoncus');
insert into EVENTS_GROUPS (Id_EVENTS_GROUPS, name) values (12, 'sapien cum sociis');
insert into EVENTS_GROUPS (Id_EVENTS_GROUPS, name) values (13, 'nulla neque');
insert into EVENTS_GROUPS (Id_EVENTS_GROUPS, name) values (14, 'quis turpis sed ante vivamus');
insert into EVENTS_GROUPS (Id_EVENTS_GROUPS, name) values (15, 'justo aliquam');
insert into EVENTS_GROUPS (Id_EVENTS_GROUPS, name) values (16, 'lorem ipsum dolor');
insert into EVENTS_GROUPS (Id_EVENTS_GROUPS, name) values (17, 'sit amet');
insert into EVENTS_GROUPS (Id_EVENTS_GROUPS, name) values (18, 'in imperdiet et commodo');
insert into EVENTS_GROUPS (Id_EVENTS_GROUPS, name) values (19, 'sed tristique in tempus sit');
insert into EVENTS_GROUPS (Id_EVENTS_GROUPS, name) values (20, 'nec nisi vulputate nonummy');
insert into EVENTS (Id_EVENTS, name, type, endTime, isClosed, startTime, isInternal, isPrivate, group_display_order, defaultPicture, Id_EVENTS_GROUPS) values (1, 'orci', 'Male', '2021-12-27 04:41:35', false, '2021-06-08 08:49:38', true, true, 3, 'http://dummyimage.com/239x121.png/dddddd/000000', 10);
insert into EVENTS (Id_EVENTS, name, type, endTime, isClosed, startTime, isInternal, isPrivate, group_display_order, defaultPicture, Id_EVENTS_GROUPS) values (2, 'faucibus accumsan odio', 'Male', '2021-04-22 23:43:18', true, '2022-07-20 20:05:13', true, true, 9, 'http://dummyimage.com/161x153.png/ff4444/ffffff', 20);
insert into EVENTS (Id_EVENTS, name, type, endTime, isClosed, startTime, isInternal, isPrivate, group_display_order, defaultPicture, Id_EVENTS_GROUPS) values (3, 'lorem integer tincidunt ante', 'Female', '2020-05-09 08:01:48', true, '2022-04-12 00:08:46', false, true, 3, 'http://dummyimage.com/124x199.png/5fa2dd/ffffff', 12);
insert into EVENTS (Id_EVENTS, name, type, endTime, isClosed, startTime, isInternal, isPrivate, group_display_order, defaultPicture, Id_EVENTS_GROUPS) values (4, 'integer', 'Female', '2020-03-06 17:35:32', true, '2021-03-30 09:08:29', true, true, 10, 'http://dummyimage.com/247x211.png/dddddd/000000', 13);
insert into EVENTS (Id_EVENTS, name, type, endTime, isClosed, startTime, isInternal, isPrivate, group_display_order, defaultPicture, Id_EVENTS_GROUPS) values (5, 'mauris laoreet ut', 'Male', '2021-10-12 20:00:15', true, '2020-10-24 16:21:40', false, false, 7, 'http://dummyimage.com/170x211.png/cc0000/ffffff', 18);
insert into EVENTS (Id_EVENTS, name, type, endTime, isClosed, startTime, isInternal, isPrivate, group_display_order, defaultPicture, Id_EVENTS_GROUPS) values (6, 'purus eu magna', 'Polygender', '2022-10-23 01:12:15', false, '2023-05-21 15:19:11', true, false, 7, 'http://dummyimage.com/238x149.png/ff4444/ffffff', 17);
insert into EVENTS (Id_EVENTS, name, type, endTime, isClosed, startTime, isInternal, isPrivate, group_display_order, defaultPicture, Id_EVENTS_GROUPS) values (7, 'aliquet maecenas leo odio condimentum', 'Non-binary', '2022-08-17 06:42:42', true, '2022-07-09 05:47:36', true, true, 5, 'http://dummyimage.com/204x219.png/5fa2dd/ffffff', 4);
insert into EVENTS (Id_EVENTS, name, type, endTime, isClosed, startTime, isInternal, isPrivate, group_display_order, defaultPicture, Id_EVENTS_GROUPS) values (8, 'accumsan tortor quis', 'Female', '2022-12-15 05:30:00', false, '2023-03-21 16:09:41', false, false, 9, 'http://dummyimage.com/214x211.png/cc0000/ffffff', 8);
insert into EVENTS (Id_EVENTS, name, type, endTime, isClosed, startTime, isInternal, isPrivate, group_display_order, defaultPicture, Id_EVENTS_GROUPS) values (9, 'quis augue luctus', 'Female', '2020-01-20 15:24:31', false, '2020-12-23 11:24:22', false, false, 1, 'http://dummyimage.com/144x228.png/5fa2dd/ffffff', 17);
insert into EVENTS (Id_EVENTS, name, type, endTime, isClosed, startTime, isInternal, isPrivate, group_display_order, defaultPicture, Id_EVENTS_GROUPS) values (10, 'vitae', 'Female', '2021-02-09 13:45:06', false, '2021-07-02 23:49:29', false, false, 10, 'http://dummyimage.com/187x242.png/dddddd/000000', 19);
insert into EVENTS (Id_EVENTS, name, type, endTime, isClosed, startTime, isInternal, isPrivate, group_display_order, defaultPicture, Id_EVENTS_GROUPS) values (11, 'sit', 'Female', '2022-10-08 12:52:20', true, '2022-08-20 18:51:42', true, false, 10, 'http://dummyimage.com/179x154.png/5fa2dd/ffffff', 8);
insert into EVENTS (Id_EVENTS, name, type, endTime, isClosed, startTime, isInternal, isPrivate, group_display_order, defaultPicture, Id_EVENTS_GROUPS) values (12, 'ac nibh fusce lacus', 'Male', '2023-02-06 04:00:56', true, '2022-04-07 16:32:20', true, true, 5, 'http://dummyimage.com/178x161.png/5fa2dd/ffffff', 9);
insert into EVENTS (Id_EVENTS, name, type, endTime, isClosed, startTime, isInternal, isPrivate, group_display_order, defaultPicture, Id_EVENTS_GROUPS) values (13, 'libero convallis eget eleifend luctus', 'Male', '2022-03-11 00:47:21', false, '2020-07-08 18:09:23', true, true, 7, 'http://dummyimage.com/148x134.png/5fa2dd/ffffff', 16);
insert into EVENTS (Id_EVENTS, name, type, endTime, isClosed, startTime, isInternal, isPrivate, group_display_order, defaultPicture, Id_EVENTS_GROUPS) values (14, 'venenatis lacinia', 'Female', '2020-12-05 12:26:05', true, '2021-12-08 23:51:06', false, true, 2, 'http://dummyimage.com/168x112.png/cc0000/ffffff', 13);
insert into EVENTS (Id_EVENTS, name, type, endTime, isClosed, startTime, isInternal, isPrivate, group_display_order, defaultPicture, Id_EVENTS_GROUPS) values (15, 'vestibulum ante ipsum', 'Female', '2020-11-01 22:33:14', false, '2022-07-19 00:17:00', false, false, 7, 'http://dummyimage.com/208x151.png/ff4444/ffffff', 12);
insert into EVENTS (Id_EVENTS, name, type, endTime, isClosed, startTime, isInternal, isPrivate, group_display_order, defaultPicture, Id_EVENTS_GROUPS) values (16, 'suspendisse accumsan tortor', 'Female', '2022-09-28 23:28:32', true, '2022-07-24 11:29:01', false, false, 4, 'http://dummyimage.com/145x233.png/cc0000/ffffff', 6);
insert into EVENTS (Id_EVENTS, name, type, endTime, isClosed, startTime, isInternal, isPrivate, group_display_order, defaultPicture, Id_EVENTS_GROUPS) values (17, 'vestibulum ante ipsum primis', 'Female', '2020-04-08 10:07:31', true, '2021-08-15 10:07:37', false, true, 8, 'http://dummyimage.com/216x244.png/ff4444/ffffff', 16);
insert into EVENTS (Id_EVENTS, name, type, endTime, isClosed, startTime, isInternal, isPrivate, group_display_order, defaultPicture, Id_EVENTS_GROUPS) values (18, 'vel sem sed', 'Male', '2023-03-04 09:27:38', false, '2021-09-12 05:56:49', false, false, 9, 'http://dummyimage.com/109x106.png/ff4444/ffffff', 1);
insert into EVENTS (Id_EVENTS, name, type, endTime, isClosed, startTime, isInternal, isPrivate, group_display_order, defaultPicture, Id_EVENTS_GROUPS) values (19, 'nam', 'Agender', '2021-07-01 23:36:51', true, '2023-05-03 16:04:00', false, false, 2, 'http://dummyimage.com/183x157.png/cc0000/ffffff', 10);
insert into EVENTS (Id_EVENTS, name, type, endTime, isClosed, startTime, isInternal, isPrivate, group_display_order, defaultPicture, Id_EVENTS_GROUPS) values (20, 'sed augue aliquam', 'Female', '2023-06-06 11:57:32', true, '2021-02-03 23:23:44', false, true, 9, 'http://dummyimage.com/223x213.png/5fa2dd/ffffff', 1);
insert into EVENTS (Id_EVENTS, name, type, endTime, isClosed, startTime, isInternal, isPrivate, group_display_order, defaultPicture, Id_EVENTS_GROUPS) values (21, 'sapien urna pretium nisl ut', 'Polygender', '2022-02-11 00:46:59', true, '2020-07-14 00:24:11', false, true, 9, 'http://dummyimage.com/159x129.png/dddddd/000000', 5);
insert into EVENTS (Id_EVENTS, name, type, endTime, isClosed, startTime, isInternal, isPrivate, group_display_order, defaultPicture, Id_EVENTS_GROUPS) values (22, 'nibh ligula nec sem duis', 'Female', '2021-08-23 03:50:26', false, '2022-02-10 23:29:48', true, true, 5, 'http://dummyimage.com/137x247.png/cc0000/ffffff', 18);
insert into EVENTS (Id_EVENTS, name, type, endTime, isClosed, startTime, isInternal, isPrivate, group_display_order, defaultPicture, Id_EVENTS_GROUPS) values (23, 'morbi porttitor lorem id ligula', 'Female', '2020-05-14 13:51:50', true, '2022-02-11 01:57:47', true, false, 9, 'http://dummyimage.com/113x195.png/5fa2dd/ffffff', 14);
insert into EVENTS (Id_EVENTS, name, type, endTime, isClosed, startTime, isInternal, isPrivate, group_display_order, defaultPicture, Id_EVENTS_GROUPS) values (24, 'potenti nullam porttitor lacus', 'Female', '2021-07-20 21:06:35', false, '2023-04-26 08:18:03', true, true, 9, 'http://dummyimage.com/120x203.png/5fa2dd/ffffff', 15);
insert into EVENTS (Id_EVENTS, name, type, endTime, isClosed, startTime, isInternal, isPrivate, group_display_order, defaultPicture, Id_EVENTS_GROUPS) values (25, 'lectus in quam fringilla', 'Female', '2022-06-19 14:06:24', true, '2022-10-21 10:36:22', true, true, 1, 'http://dummyimage.com/201x184.png/5fa2dd/ffffff', 8);
insert into EVENTS (Id_EVENTS, name, type, endTime, isClosed, startTime, isInternal, isPrivate, group_display_order, defaultPicture, Id_EVENTS_GROUPS) values (26, 'nibh in hac habitasse', 'Male', '2023-04-20 09:58:03', true, '2021-03-20 23:54:02', true, true, 6, 'http://dummyimage.com/221x206.png/dddddd/000000', 14);
insert into EVENTS (Id_EVENTS, name, type, endTime, isClosed, startTime, isInternal, isPrivate, group_display_order, defaultPicture, Id_EVENTS_GROUPS) values (27, 'facilisi cras non', 'Female', '2021-06-15 23:47:33', false, '2023-04-15 15:28:33', false, true, 8, 'http://dummyimage.com/185x107.png/ff4444/ffffff', 5);
insert into EVENTS (Id_EVENTS, name, type, endTime, isClosed, startTime, isInternal, isPrivate, group_display_order, defaultPicture, Id_EVENTS_GROUPS) values (28, 'id', 'Male', '2020-02-20 20:04:15', false, '2020-03-25 07:00:40', true, false, 7, 'http://dummyimage.com/165x156.png/ff4444/ffffff', 7);
insert into EVENTS (Id_EVENTS, name, type, endTime, isClosed, startTime, isInternal, isPrivate, group_display_order, defaultPicture, Id_EVENTS_GROUPS) values (29, 'magna', 'Female', '2021-01-09 07:05:08', true, '2023-03-20 19:30:01', false, true, 3, 'http://dummyimage.com/132x165.png/dddddd/000000', 9);
insert into EVENTS (Id_EVENTS, name, type, endTime, isClosed, startTime, isInternal, isPrivate, group_display_order, defaultPicture, Id_EVENTS_GROUPS) values (30, 'tincidunt eget tempus vel pede', 'Female', '2021-05-25 10:38:50', true, '2021-01-29 20:39:51', true, false, 2, 'http://dummyimage.com/239x228.png/ff4444/ffffff', 13);
insert into EVENTS (Id_EVENTS, name, type, endTime, isClosed, startTime, isInternal, isPrivate, group_display_order, defaultPicture, Id_EVENTS_GROUPS) values (31, 'purus eu magna vulputate luctus', 'Male', '2022-10-12 09:55:11', false, '2021-09-10 15:30:46', true, true, 7, 'http://dummyimage.com/164x166.png/dddddd/000000', 3);
insert into EVENTS (Id_EVENTS, name, type, endTime, isClosed, startTime, isInternal, isPrivate, group_display_order, defaultPicture, Id_EVENTS_GROUPS) values (32, 'interdum', 'Male', '2022-03-04 00:21:39', true, '2020-03-24 22:15:47', false, true, 10, 'http://dummyimage.com/132x150.png/5fa2dd/ffffff', 4);
insert into EVENTS (Id_EVENTS, name, type, endTime, isClosed, startTime, isInternal, isPrivate, group_display_order, defaultPicture, Id_EVENTS_GROUPS) values (33, 'convallis', 'Genderfluid', '2020-01-01 11:53:03', false, '2022-01-07 10:41:33', true, true, 7, 'http://dummyimage.com/182x161.png/ff4444/ffffff', 14);
insert into EVENTS (Id_EVENTS, name, type, endTime, isClosed, startTime, isInternal, isPrivate, group_display_order, defaultPicture, Id_EVENTS_GROUPS) values (34, 'vel augue vestibulum ante', 'Male', '2023-04-04 11:53:04', false, '2022-07-17 13:19:23', true, true, 4, 'http://dummyimage.com/162x204.png/ff4444/ffffff', 12);
insert into EVENTS (Id_EVENTS, name, type, endTime, isClosed, startTime, isInternal, isPrivate, group_display_order, defaultPicture, Id_EVENTS_GROUPS) values (35, 'erat nulla', 'Male', '2021-09-18 05:15:36', false, '2022-06-21 22:52:20', false, true, 5, 'http://dummyimage.com/123x248.png/5fa2dd/ffffff', 1);
insert into EVENTS (Id_EVENTS, name, type, endTime, isClosed, startTime, isInternal, isPrivate, group_display_order, defaultPicture, Id_EVENTS_GROUPS) values (36, 'cursus urna ut tellus nulla', 'Female', '2022-10-25 09:01:37', false, '2021-08-19 04:18:27', true, false, 9, 'http://dummyimage.com/182x151.png/ff4444/ffffff', 12);
insert into EVENTS (Id_EVENTS, name, type, endTime, isClosed, startTime, isInternal, isPrivate, group_display_order, defaultPicture, Id_EVENTS_GROUPS) values (37, 'interdum eu tincidunt', 'Female', '2020-01-16 18:19:41', true, '2021-03-16 08:47:33', true, false, 5, 'http://dummyimage.com/225x100.png/dddddd/000000', 17);
insert into EVENTS (Id_EVENTS, name, type, endTime, isClosed, startTime, isInternal, isPrivate, group_display_order, defaultPicture, Id_EVENTS_GROUPS) values (38, 'in congue etiam', 'Genderqueer', '2020-09-05 14:25:17', true, '2020-10-05 09:17:50', false, true, 3, 'http://dummyimage.com/175x216.png/ff4444/ffffff', 17);
insert into EVENTS (Id_EVENTS, name, type, endTime, isClosed, startTime, isInternal, isPrivate, group_display_order, defaultPicture, Id_EVENTS_GROUPS) values (39, 'quam suspendisse', 'Male', '2021-06-30 08:16:12', false, '2023-04-19 05:25:55', true, false, 9, 'http://dummyimage.com/221x213.png/5fa2dd/ffffff', 11);
insert into EVENTS (Id_EVENTS, name, type, endTime, isClosed, startTime, isInternal, isPrivate, group_display_order, defaultPicture, Id_EVENTS_GROUPS) values (40, 'ridiculus mus etiam vel', 'Non-binary', '2020-02-12 02:11:08', true, '2023-02-02 16:31:37', false, false, 1, 'http://dummyimage.com/188x241.png/dddddd/000000', 6);
insert into EVENTS (Id_EVENTS, name, type, endTime, isClosed, startTime, isInternal, isPrivate, group_display_order, defaultPicture, Id_EVENTS_GROUPS) values (41, 'nulla', 'Male', '2020-12-10 12:37:49', true, '2021-10-06 18:18:17', false, true, 7, 'http://dummyimage.com/124x143.png/dddddd/000000', 2);
insert into EVENTS (Id_EVENTS, name, type, endTime, isClosed, startTime, isInternal, isPrivate, group_display_order, defaultPicture, Id_EVENTS_GROUPS) values (42, 'nulla integer', 'Female', '2021-03-24 06:40:13', true, '2021-03-19 06:35:45', true, false, 10, 'http://dummyimage.com/144x150.png/5fa2dd/ffffff', 16);
insert into EVENTS (Id_EVENTS, name, type, endTime, isClosed, startTime, isInternal, isPrivate, group_display_order, defaultPicture, Id_EVENTS_GROUPS) values (43, 'ipsum integer a', 'Female', '2021-10-18 23:40:16', true, '2023-02-22 08:01:18', false, false, 6, 'http://dummyimage.com/143x152.png/ff4444/ffffff', 12);
insert into EVENTS (Id_EVENTS, name, type, endTime, isClosed, startTime, isInternal, isPrivate, group_display_order, defaultPicture, Id_EVENTS_GROUPS) values (44, 'proin', 'Female', '2021-08-23 12:44:00', true, '2020-10-31 03:04:32', false, false, 3, 'http://dummyimage.com/171x155.png/5fa2dd/ffffff', 13);
insert into EVENTS (Id_EVENTS, name, type, endTime, isClosed, startTime, isInternal, isPrivate, group_display_order, defaultPicture, Id_EVENTS_GROUPS) values (45, 'aliquet at', 'Male', '2023-05-17 05:55:33', false, '2022-07-28 10:22:05', false, true, 7, 'http://dummyimage.com/142x177.png/5fa2dd/ffffff', 18);
insert into EVENTS (Id_EVENTS, name, type, endTime, isClosed, startTime, isInternal, isPrivate, group_display_order, defaultPicture, Id_EVENTS_GROUPS) values (46, 'potenti', 'Male', '2022-09-11 08:48:23', false, '2022-02-22 08:33:47', true, false, 4, 'http://dummyimage.com/115x114.png/ff4444/ffffff', 18);
insert into EVENTS (Id_EVENTS, name, type, endTime, isClosed, startTime, isInternal, isPrivate, group_display_order, defaultPicture, Id_EVENTS_GROUPS) values (47, 'libero', 'Female', '2021-04-03 09:45:49', false, '2021-09-14 00:13:07', true, true, 4, 'http://dummyimage.com/242x161.png/cc0000/ffffff', 14);
insert into EVENTS (Id_EVENTS, name, type, endTime, isClosed, startTime, isInternal, isPrivate, group_display_order, defaultPicture, Id_EVENTS_GROUPS) values (48, 'aliquam lacus', 'Female', '2020-06-09 13:21:57', true, '2021-07-02 01:57:07', false, true, 7, 'http://dummyimage.com/241x246.png/ff4444/ffffff', 18);
insert into EVENTS (Id_EVENTS, name, type, endTime, isClosed, startTime, isInternal, isPrivate, group_display_order, defaultPicture, Id_EVENTS_GROUPS) values (49, 'vulputate luctus cum sociis natoque', 'Female', '2023-04-12 23:40:50', true, '2020-04-03 16:44:23', false, false, 2, 'http://dummyimage.com/246x136.png/cc0000/ffffff', 4);
insert into EVENTS (Id_EVENTS, name, type, endTime, isClosed, startTime, isInternal, isPrivate, group_display_order, defaultPicture, Id_EVENTS_GROUPS) values (50, 'massa tempor', 'Non-binary', '2023-02-27 18:50:03', false, '2020-10-16 18:03:07', true, false, 4, 'http://dummyimage.com/101x113.png/5fa2dd/ffffff', 6);
insert into EVENTS (Id_EVENTS, name, type, endTime, isClosed, startTime, isInternal, isPrivate, group_display_order, defaultPicture, Id_EVENTS_GROUPS) values (51, 'dictumst aliquam augue quam sollicitudin', 'Female', '2022-11-24 10:30:34', true, '2021-03-16 04:08:31', true, true, 9, 'http://dummyimage.com/132x223.png/ff4444/ffffff', 12);
insert into EVENTS (Id_EVENTS, name, type, endTime, isClosed, startTime, isInternal, isPrivate, group_display_order, defaultPicture, Id_EVENTS_GROUPS) values (52, 'vitae mattis nibh ligula', 'Female', '2020-01-11 12:23:59', true, '2022-06-07 19:35:30', true, false, 1, 'http://dummyimage.com/241x197.png/5fa2dd/ffffff', 2);
insert into EVENTS (Id_EVENTS, name, type, endTime, isClosed, startTime, isInternal, isPrivate, group_display_order, defaultPicture, Id_EVENTS_GROUPS) values (53, 'curabitur convallis duis consequat', 'Agender', '2022-06-04 02:01:36', true, '2020-03-19 06:52:59', false, false, 3, 'http://dummyimage.com/139x190.png/cc0000/ffffff', 20);
insert into EVENTS (Id_EVENTS, name, type, endTime, isClosed, startTime, isInternal, isPrivate, group_display_order, defaultPicture, Id_EVENTS_GROUPS) values (54, 'velit eu est', 'Male', '2020-08-16 10:25:33', false, '2022-10-15 18:46:58', true, false, 7, 'http://dummyimage.com/132x107.png/dddddd/000000', 3);
insert into EVENTS (Id_EVENTS, name, type, endTime, isClosed, startTime, isInternal, isPrivate, group_display_order, defaultPicture, Id_EVENTS_GROUPS) values (55, 'sed magna at nunc commodo', 'Male', '2020-10-13 18:23:19', false, '2022-02-09 21:23:57', true, true, 3, 'http://dummyimage.com/213x123.png/dddddd/000000', 1);
insert into EVENTS (Id_EVENTS, name, type, endTime, isClosed, startTime, isInternal, isPrivate, group_display_order, defaultPicture, Id_EVENTS_GROUPS) values (56, 'augue quam sollicitudin', 'Female', '2021-07-07 10:05:47', true, '2020-07-25 11:42:51', false, true, 9, 'http://dummyimage.com/120x188.png/cc0000/ffffff', 19);
insert into EVENTS (Id_EVENTS, name, type, endTime, isClosed, startTime, isInternal, isPrivate, group_display_order, defaultPicture, Id_EVENTS_GROUPS) values (57, 'odio elementum eu interdum', 'Male', '2022-08-29 15:18:28', false, '2022-03-28 00:29:03', false, true, 2, 'http://dummyimage.com/139x173.png/ff4444/ffffff', 4);
insert into EVENTS (Id_EVENTS, name, type, endTime, isClosed, startTime, isInternal, isPrivate, group_display_order, defaultPicture, Id_EVENTS_GROUPS) values (58, 'justo sit amet sapien', 'Male', '2021-12-23 14:42:59', true, '2022-10-05 22:35:00', true, false, 10, 'http://dummyimage.com/214x212.png/ff4444/ffffff', 8);
insert into EVENTS (Id_EVENTS, name, type, endTime, isClosed, startTime, isInternal, isPrivate, group_display_order, defaultPicture, Id_EVENTS_GROUPS) values (59, 'vestizebulum ante ipsum primis', 'Female', '2022-11-19 23:52:53', false, '2021-05-26 07:57:37', true, true, 8, 'http://dummyimage.com/234x157.png/dddddd/000000', 11);
insert into EVENTS (Id_EVENTS, name, type, endTime, isClosed, startTime, isInternal, isPrivate, group_display_order, defaultPicture, Id_EVENTS_GROUPS) values (60, 'elementum ligula', 'Male', '2020-10-02 20:59:32', true, '2020-11-17 15:41:30', false, false, 10, 'http://dummyimage.com/167x116.png/ff4444/ffffff', 9);
insert into EVENTS (Id_EVENTS, name, type, endTime, isClosed, startTime, isInternal, isPrivate, group_display_order, defaultPicture, Id_EVENTS_GROUPS) values (61, 'suspendisse potenti cras in purus', 'Female', '2020-05-11 08:53:55', true, '2020-02-06 05:10:52', false, true, 8, 'http://dummyimage.com/108x148.png/ff4444/ffffff', 9);
insert into EVENTS (Id_EVENTS, name, type, endTime, isClosed, startTime, isInternal, isPrivate, group_display_order, defaultPicture, Id_EVENTS_GROUPS) values (62, 'eget semper rutrum nulla', 'Female', '2020-09-16 03:26:01', true, '2021-05-14 06:32:46', false, true, 9, 'http://dummyimage.com/203x104.png/dddddd/000000', 7);
insert into EVENTS (Id_EVENTS, name, type, endTime, isClosed, startTime, isInternal, isPrivate, group_display_order, defaultPicture, Id_EVENTS_GROUPS) values (63, 'ante vivamus', 'Female', '2022-06-10 04:10:30', false, '2021-03-18 01:01:16', false, true, 7, 'http://dummyimage.com/234x211.png/5fa2dd/ffffff', 15);
insert into EVENTS (Id_EVENTS, name, type, endTime, isClosed, startTime, isInternal, isPrivate, group_display_order, defaultPicture, Id_EVENTS_GROUPS) values (64, 'neque aenean auctor', 'Female', '2020-11-18 19:53:48', false, '2020-05-04 12:37:08', true, true, 1, 'http://dummyimage.com/238x196.png/5fa2dd/ffffff', 17);
insert into EVENTS (Id_EVENTS, name, type, endTime, isClosed, startTime, isInternal, isPrivate, group_display_order, defaultPicture, Id_EVENTS_GROUPS) values (65, 'justo', 'Polygender', '2022-06-04 15:38:26', true, '2020-04-15 22:05:21', true, false, 4, 'http://dummyimage.com/125x218.png/5fa2dd/ffffff', 12);
insert into EVENTS (Id_EVENTS, name, type, endTime, isClosed, startTime, isInternal, isPrivate, group_display_order, defaultPicture, Id_EVENTS_GROUPS) values (66, 'ut volutpat', 'Non-binary', '2021-12-11 15:33:35', true, '2021-01-27 23:05:18', false, false, 8, 'http://dummyimage.com/142x151.png/cc0000/ffffff', 9);
insert into EVENTS (Id_EVENTS, name, type, endTime, isClosed, startTime, isInternal, isPrivate, group_display_order, defaultPicture, Id_EVENTS_GROUPS) values (67, 'diam in magna bibendum', 'Male', '2021-11-27 01:10:18', false, '2020-04-09 16:25:37', true, false, 1, 'http://dummyimage.com/230x147.png/cc0000/ffffff', 10);
insert into EVENTS (Id_EVENTS, name, type, endTime, isClosed, startTime, isInternal, isPrivate, group_display_order, defaultPicture, Id_EVENTS_GROUPS) values (68, 'risus auctor sed tristique in', 'Female', '2022-08-30 10:25:17', false, '2022-05-08 23:53:48', false, true, 2, 'http://dummyimage.com/128x143.png/5fa2dd/ffffff', 9);
insert into EVENTS (Id_EVENTS, name, type, endTime, isClosed, startTime, isInternal, isPrivate, group_display_order, defaultPicture, Id_EVENTS_GROUPS) values (69, 'sit amet nunc viverra', 'Bigender', '2023-03-23 14:39:10', false, '2021-04-27 23:38:52', false, false, 7, 'http://dummyimage.com/127x165.png/5fa2dd/ffffff', 6);
insert into EVENTS (Id_EVENTS, name, type, endTime, isClosed, startTime, isInternal, isPrivate, group_display_order, defaultPicture, Id_EVENTS_GROUPS) values (70, 'tristique fusce congue diam id', 'Male', '2021-06-10 02:41:24', false, '2023-06-02 03:32:01', false, false, 2, 'http://dummyimage.com/119x177.png/5fa2dd/ffffff', 20);
insert into EVENTS (Id_EVENTS, name, type, endTime, isClosed, startTime, isInternal, isPrivate, group_display_order, defaultPicture, Id_EVENTS_GROUPS) values (71, 'nec nisi vulputate nonummy maecenas', 'Female', '2020-12-31 09:09:10', true, '2022-03-20 08:37:48', false, false, 7, 'http://dummyimage.com/219x105.png/ff4444/ffffff', 13);
insert into EVENTS (Id_EVENTS, name, type, endTime, isClosed, startTime, isInternal, isPrivate, group_display_order, defaultPicture, Id_EVENTS_GROUPS) values (72, 'velit eu', 'Female', '2020-10-12 03:50:39', true, '2023-04-24 17:48:36', true, false, 3, 'http://dummyimage.com/146x233.png/cc0000/ffffff', 9);
insert into EVENTS (Id_EVENTS, name, type, endTime, isClosed, startTime, isInternal, isPrivate, group_display_order, defaultPicture, Id_EVENTS_GROUPS) values (73, 'sed', 'Female', '2020-03-20 13:06:12', true, '2021-11-29 18:00:40', false, false, 3, 'http://dummyimage.com/215x206.png/dddddd/000000', 4);
insert into EVENTS (Id_EVENTS, name, type, endTime, isClosed, startTime, isInternal, isPrivate, group_display_order, defaultPicture, Id_EVENTS_GROUPS) values (74, 'est congue elementum in hac', 'Male', '2022-01-22 23:27:54', false, '2021-02-09 12:18:07', true, false, 2, 'http://dummyimage.com/108x230.png/cc0000/ffffff', 16);
insert into EVENTS (Id_EVENTS, name, type, endTime, isClosed, startTime, isInternal, isPrivate, group_display_order, defaultPicture, Id_EVENTS_GROUPS) values (75, 'maecenas', 'Male', '2020-02-14 04:14:57', false, '2021-08-22 13:52:51', true, false, 9, 'http://dummyimage.com/139x159.png/dddddd/000000', 7);
insert into EVENTS (Id_EVENTS, name, type, endTime, isClosed, startTime, isInternal, isPrivate, group_display_order, defaultPicture, Id_EVENTS_GROUPS) values (76, 'massa', 'Male', '2022-04-13 23:34:50', true, '2022-07-05 08:30:51', true, true, 4, 'http://dummyimage.com/126x128.png/5fa2dd/ffffff', 15);
insert into EVENTS (Id_EVENTS, name, type, endTime, isClosed, startTime, isInternal, isPrivate, group_display_order, defaultPicture, Id_EVENTS_GROUPS) values (77, 'in hac habitasse', 'Male', '2021-10-25 21:50:52', true, '2021-06-19 11:19:16', false, false, 10, 'http://dummyimage.com/147x111.png/5fa2dd/ffffff', 4);
insert into EVENTS (Id_EVENTS, name, type, endTime, isClosed, startTime, isInternal, isPrivate, group_display_order, defaultPicture, Id_EVENTS_GROUPS) values (78, 'in sapien iaculis', 'Agender', '2022-10-10 13:18:56', false, '2021-02-15 13:56:03', false, false, 2, 'http://dummyimage.com/107x223.png/dddddd/000000', 7);
insert into EVENTS (Id_EVENTS, name, type, endTime, isClosed, startTime, isInternal, isPrivate, group_display_order, defaultPicture, Id_EVENTS_GROUPS) values (79, 'luctus rutrum', 'Female', '2023-05-25 20:59:44', false, '2022-02-04 10:49:18', true, false, 7, 'http://dummyimage.com/219x198.png/cc0000/ffffff', 18);
insert into EVENTS (Id_EVENTS, name, type, endTime, isClosed, startTime, isInternal, isPrivate, group_display_order, defaultPicture, Id_EVENTS_GROUPS) values (80, 'at diam', 'Male', '2023-06-04 00:55:06', true, '2021-11-04 01:54:22', false, true, 2, 'http://dummyimage.com/221x213.png/5fa2dd/ffffff', 16);
insert into EVENTS (Id_EVENTS, name, type, endTime, isClosed, startTime, isInternal, isPrivate, group_display_order, defaultPicture, Id_EVENTS_GROUPS) values (81, 'morbi ut odio cras', 'Male', '2022-07-14 22:50:12', true, '2023-03-04 19:45:49', false, false, 10, 'http://dummyimage.com/175x179.png/cc0000/ffffff', 1);
insert into EVENTS (Id_EVENTS, name, type, endTime, isClosed, startTime, isInternal, isPrivate, group_display_order, defaultPicture, Id_EVENTS_GROUPS) values (82, 'placerat ante nulla justo', 'Male', '2022-01-07 01:51:40', true, '2020-10-13 10:30:38', false, true, 1, 'http://dummyimage.com/141x247.png/5fa2dd/ffffff', 1);
insert into EVENTS (Id_EVENTS, name, type, endTime, isClosed, startTime, isInternal, isPrivate, group_display_order, defaultPicture, Id_EVENTS_GROUPS) values (83, 'lacinia erat', 'Female', '2021-12-09 07:18:14', false, '2021-03-18 04:22:20', false, true, 9, 'http://dummyimage.com/218x102.png/dddddd/000000', 19);
insert into EVENTS (Id_EVENTS, name, type, endTime, isClosed, startTime, isInternal, isPrivate, group_display_order, defaultPicture, Id_EVENTS_GROUPS) values (84, 'venenatis non', 'Male', '2023-03-05 14:02:41', false, '2020-10-21 22:56:30', false, true, 7, 'http://dummyimage.com/152x215.png/5fa2dd/ffffff', 11);
insert into EVENTS (Id_EVENTS, name, type, endTime, isClosed, startTime, isInternal, isPrivate, group_display_order, defaultPicture, Id_EVENTS_GROUPS) values (85, 'nullaze', 'Male', '2020-12-27 16:26:43', false, '2021-10-14 21:09:18', true, false, 5, 'http://dummyimage.com/130x205.png/dddddd/000000', 13);
insert into EVENTS (Id_EVENTS, name, type, endTime, isClosed, startTime, isInternal, isPrivate, group_display_order, defaultPicture, Id_EVENTS_GROUPS) values (86, 'felis donec', 'Female', '2022-12-26 10:36:18', true, '2023-02-26 17:04:24', true, false, 4, 'http://dummyimage.com/154x123.png/ff4444/ffffff', 6);
insert into EVENTS (Id_EVENTS, name, type, endTime, isClosed, startTime, isInternal, isPrivate, group_display_order, defaultPicture, Id_EVENTS_GROUPS) values (87, 'penatibus', 'Female', '2022-10-22 01:09:19', true, '2021-03-30 00:07:47', true, false, 6, 'http://dummyimage.com/145x105.png/ff4444/ffffff', 15);
insert into EVENTS (Id_EVENTS, name, type, endTime, isClosed, startTime, isInternal, isPrivate, group_display_order, defaultPicture, Id_EVENTS_GROUPS) values (88, 'porta volutpat erat', 'Female', '2023-03-24 22:18:20', false, '2021-03-15 01:24:38', false, false, 7, 'http://dummyimage.com/154x214.png/5fa2dd/ffffff', 3);
insert into EVENTS (Id_EVENTS, name, type, endTime, isClosed, startTime, isInternal, isPrivate, group_display_order, defaultPicture, Id_EVENTS_GROUPS) values (89, 'lorem quisque', 'Genderfluid', '2023-02-24 20:01:45', false, '2020-02-07 13:34:12', false, true, 7, 'http://dummyimage.com/167x118.png/dddddd/000000', 14);
insert into EVENTS (Id_EVENTS, name, type, endTime, isClosed, startTime, isInternal, isPrivate, group_display_order, defaultPicture, Id_EVENTS_GROUPS) values (90, 'ultrices posuere cubilia curae', 'Male', '2021-01-20 02:46:58', false, '2021-09-22 00:48:03', true, false, 10, 'http://dummyimage.com/162x129.png/cc0000/ffffff', 5);
insert into EVENTS (Id_EVENTS, name, type, endTime, isClosed, startTime, isInternal, isPrivate, group_display_order, defaultPicture, Id_EVENTS_GROUPS) values (91, 'in congue', 'Male', '2022-02-19 07:09:22', false, '2020-09-22 00:52:32', true, false, 8, 'http://dummyimage.com/114x101.png/cc0000/ffffff', 16);
insert into EVENTS (Id_EVENTS, name, type, endTime, isClosed, startTime, isInternal, isPrivate, group_display_order, defaultPicture, Id_EVENTS_GROUPS) values (92, 'aenean', 'Female', '2021-07-01 10:53:54', false, '2020-01-22 10:55:52', true, false, 9, 'http://dummyimage.com/103x193.png/cc0000/ffffff', 9);
insert into EVENTS (Id_EVENTS, name, type, endTime, isClosed, startTime, isInternal, isPrivate, group_display_order, defaultPicture, Id_EVENTS_GROUPS) values (93, 'platea dictumst', 'Female', '2022-05-29 19:32:25', false, '2021-02-28 12:49:15', true, true, 8, 'http://dummyimage.com/127x249.png/5fa2dd/ffffff', 9);
insert into EVENTS (Id_EVENTS, name, type, endTime, isClosed, startTime, isInternal, isPrivate, group_display_order, defaultPicture, Id_EVENTS_GROUPS) values (94, 'sit amet', 'Female', '2020-01-03 17:39:45', false, '2021-02-06 01:16:03', false, false, 10, 'http://dummyimage.com/153x185.png/cc0000/ffffff', 15);
insert into EVENTS (Id_EVENTS, name, type, endTime, isClosed, startTime, isInternal, isPrivate, group_display_order, defaultPicture, Id_EVENTS_GROUPS) values (95, 'odio justo sollicitudin', 'Female', '2020-11-12 18:44:18', false, '2020-11-01 02:59:23', false, false, 4, 'http://dummyimage.com/182x167.png/ff4444/ffffff', 11);
insert into EVENTS (Id_EVENTS, name, type, endTime, isClosed, startTime, isInternal, isPrivate, group_display_order, defaultPicture, Id_EVENTS_GROUPS) values (96, 'iaculis congue vivamus', 'Male', '2021-12-03 15:47:54', false, '2022-08-21 09:43:49', false, false, 1, 'http://dummyimage.com/250x147.png/dddddd/000000', 5);
insert into EVENTS (Id_EVENTS, name, type, endTime, isClosed, startTime, isInternal, isPrivate, group_display_order, defaultPicture, Id_EVENTS_GROUPS) values (97, 'amet diam in magna bibendum', 'Female', '2021-08-25 15:59:01', true, '2023-01-21 11:13:35', false, false, 4, 'http://dummyimage.com/246x199.png/ff4444/ffffff', 15);
insert into EVENTS (Id_EVENTS, name, type, endTime, isClosed, startTime, isInternal, isPrivate, group_display_order, defaultPicture, Id_EVENTS_GROUPS) values (98, 'convallis nulla neque libero', 'Male', '2022-03-22 13:25:50', true, '2020-10-09 03:51:37', true, false, 8, 'http://dummyimage.com/165x172.png/cc0000/ffffff', 7);
insert into EVENTS (Id_EVENTS, name, type, endTime, isClosed, startTime, isInternal, isPrivate, group_display_order, defaultPicture, Id_EVENTS_GROUPS) values (99, 'nisi at nibh in', 'Male', '2020-04-24 01:02:53', true, '2021-11-27 23:58:07', true, true, 1, 'http://dummyimage.com/107x190.png/5fa2dd/ffffff', 9);
insert into EVENTS (Id_EVENTS, name, type, endTime, isClosed, startTime, isInternal, isPrivate, group_display_order, defaultPicture, Id_EVENTS_GROUPS) values (100, 'maecenas tincidunt lacus at', 'Female', '2020-04-02 11:36:45', false, '2020-09-12 09:23:11', true, false, 4, 'http://dummyimage.com/202x211.png/dddddd/000000', 4);
insert into EVENTS (Id_EVENTS, name, type, endTime, isClosed, startTime, isInternal, isPrivate, group_display_order, defaultPicture, Id_EVENTS_GROUPS) values (101, 'dapibus nulla suscipit', 'Male', '2021-05-19 16:28:08', true, '2021-01-30 13:52:18', true, false, 5, 'http://dummyimage.com/202x166.png/5fa2dd/ffffff', 9);
insert into EVENTS (Id_EVENTS, name, type, endTime, isClosed, startTime, isInternal, isPrivate, group_display_order, defaultPicture, Id_EVENTS_GROUPS) values (102, 'ut vozelutpat', 'Female', '2022-06-13 20:07:02', false, '2022-12-31 08:38:44', true, true, 4, 'http://dummyimage.com/188x250.png/dddddd/000000', 10);
insert into EVENTS (Id_EVENTS, name, type, endTime, isClosed, startTime, isInternal, isPrivate, group_display_order, defaultPicture, Id_EVENTS_GROUPS) values (103, 'faucibus orci luctus et ultrices', 'Female', '2022-04-09 06:29:49', false, '2021-03-22 20:39:27', false, true, 2, 'http://dummyimage.com/212x234.png/cc0000/ffffff', 6);
insert into EVENTS (Id_EVENTS, name, type, endTime, isClosed, startTime, isInternal, isPrivate, group_display_order, defaultPicture, Id_EVENTS_GROUPS) values (104, 'vestibulum ante', 'Male', '2020-03-22 01:43:08', false, '2021-04-09 21:24:37', false, true, 3, 'http://dummyimage.com/188x137.png/ff4444/ffffff', 3);
insert into EVENTS (Id_EVENTS, name, type, endTime, isClosed, startTime, isInternal, isPrivate, group_display_order, defaultPicture, Id_EVENTS_GROUPS) values (105, 'gravida nisi at nibh', 'Male', '2020-12-05 14:18:21', false, '2022-01-07 21:21:45', false, true, 10, 'http://dummyimage.com/182x140.png/5fa2dd/ffffff', 20);
insert into EVENTS (Id_EVENTS, name, type, endTime, isClosed, startTime, isInternal, isPrivate, group_display_order, defaultPicture, Id_EVENTS_GROUPS) values (106, 'morbi sem', 'Male', '2022-02-11 01:58:28', false, '2022-02-05 11:32:49', false, true, 2, 'http://dummyimage.com/179x211.png/5fa2dd/ffffff', 13);
insert into EVENTS (Id_EVENTS, name, type, endTime, isClosed, startTime, isInternal, isPrivate, group_display_order, defaultPicture, Id_EVENTS_GROUPS) values (107, 'volutpat', 'Female', '2021-11-05 23:07:44', false, '2020-11-13 03:49:41', false, true, 5, 'http://dummyimage.com/138x160.png/5fa2dd/ffffff', 17);
insert into EVENTS (Id_EVENTS, name, type, endTime, isClosed, startTime, isInternal, isPrivate, group_display_order, defaultPicture, Id_EVENTS_GROUPS) values (108, 'nullam sit amet turpis', 'Female', '2022-02-16 01:31:01', false, '2022-04-29 16:33:49', true, false, 7, 'http://dummyimage.com/218x244.png/cc0000/ffffff', 11);
insert into EVENTS (Id_EVENTS, name, type, endTime, isClosed, startTime, isInternal, isPrivate, group_display_order, defaultPicture, Id_EVENTS_GROUPS) values (109, 'etiam pretium iaculis', 'Female', '2021-10-14 13:55:20', true, '2020-06-28 02:48:02', true, true, 10, 'http://dummyimage.com/209x210.png/5fa2dd/ffffff', 9);
insert into EVENTS (Id_EVENTS, name, type, endTime, isClosed, startTime, isInternal, isPrivate, group_display_order, defaultPicture, Id_EVENTS_GROUPS) values (110, 'diam', 'Male', '2020-09-17 22:45:24', false, '2020-02-01 21:18:26', false, true, 6, 'http://dummyimage.com/147x218.png/cc0000/ffffff', 14);
insert into EVENTS (Id_EVENTS, name, type, endTime, isClosed, startTime, isInternal, isPrivate, group_display_order, defaultPicture, Id_EVENTS_GROUPS) values (111, 'mus etiam vel augue', 'Male', '2020-02-17 09:41:28', false, '2020-08-11 12:38:00', true, true, 6, 'http://dummyimage.com/214x192.png/5fa2dd/ffffff', 13);
insert into EVENTS (Id_EVENTS, name, type, endTime, isClosed, startTime, isInternal, isPrivate, group_display_order, defaultPicture, Id_EVENTS_GROUPS) values (112, 'duis', 'Female', '2020-04-29 01:00:37', true, '2023-06-05 22:03:05', true, false, 7, 'http://dummyimage.com/102x107.png/ff4444/ffffff', 12);
insert into EVENTS (Id_EVENTS, name, type, endTime, isClosed, startTime, isInternal, isPrivate, group_display_order, defaultPicture, Id_EVENTS_GROUPS) values (113, 'dui maecenas tristique', 'Female', '2021-06-17 11:31:27', false, '2022-11-28 23:30:49', false, false, 10, 'http://dummyimage.com/163x248.png/cc0000/ffffff', 7);
insert into EVENTS (Id_EVENTS, name, type, endTime, isClosed, startTime, isInternal, isPrivate, group_display_order, defaultPicture, Id_EVENTS_GROUPS) values (114, 'urna pretium', 'Female', '2020-09-04 07:31:35', true, '2023-04-09 12:19:28', false, false, 4, 'http://dummyimage.com/247x184.png/ff4444/ffffff', 16);
insert into EVENTS (Id_EVENTS, name, type, endTime, isClosed, startTime, isInternal, isPrivate, group_display_order, defaultPicture, Id_EVENTS_GROUPS) values (115, 'nullam', 'Female', '2022-09-20 01:22:55', true, '2020-12-15 02:51:10', false, true, 2, 'http://dummyimage.com/201x119.png/5fa2dd/ffffff', 2);
insert into EVENTS (Id_EVENTS, name, type, endTime, isClosed, startTime, isInternal, isPrivate, group_display_order, defaultPicture, Id_EVENTS_GROUPS) values (116, 'augue', 'Female', '2023-05-11 09:37:36', false, '2022-05-05 09:46:53', false, true, 2, 'http://dummyimage.com/212x202.png/cc0000/ffffff', 10);
insert into EVENTS (Id_EVENTS, name, type, endTime, isClosed, startTime, isInternal, isPrivate, group_display_order, defaultPicture, Id_EVENTS_GROUPS) values (117, 'quisque', 'Female', '2020-01-22 06:47:21', true, '2020-04-11 20:26:42', true, true, 8, 'http://dummyimage.com/131x131.png/ff4444/ffffff', 14);
insert into EVENTS (Id_EVENTS, name, type, endTime, isClosed, startTime, isInternal, isPrivate, group_display_order, defaultPicture, Id_EVENTS_GROUPS) values (118, 'luctus et ultrices posuere cubilia', 'Male', '2021-12-31 08:28:56', false, '2021-05-29 22:13:03', false, false, 5, 'http://dummyimage.com/151x142.png/cc0000/ffffff', 7);
insert into EVENTS (Id_EVENTS, name, type, endTime, isClosed, startTime, isInternal, isPrivate, group_display_order, defaultPicture, Id_EVENTS_GROUPS) values (119, 'ultrices mattis odio donec', 'Female', '2023-01-06 20:13:51', true, '2022-09-18 21:36:07', false, true, 4, 'http://dummyimage.com/230x166.png/ff4444/ffffff', 15);
insert into EVENTS (Id_EVENTS, name, type, endTime, isClosed, startTime, isInternal, isPrivate, group_display_order, defaultPicture, Id_EVENTS_GROUPS) values (120, 'duis faucibus accumsan odio', 'Male', '2020-12-22 16:19:38', false, '2020-06-08 20:30:18', false, true, 3, 'http://dummyimage.com/129x213.png/5fa2dd/ffffff', 3);
insert into EVENTS (Id_EVENTS, name, type, endTime, isClosed, startTime, isInternal, isPrivate, group_display_order, defaultPicture, Id_EVENTS_GROUPS) values (121, 'ligula', 'Male', '2022-01-10 19:50:53', false, '2022-12-13 16:19:55', true, true, 4, 'http://dummyimage.com/122x197.png/dddddd/000000', 10);
insert into EVENTS (Id_EVENTS, name, type, endTime, isClosed, startTime, isInternal, isPrivate, group_display_order, defaultPicture, Id_EVENTS_GROUPS) values (122, 'non velit nec nisi', 'Male', '2020-08-06 03:13:40', false, '2021-12-16 17:33:55', true, true, 1, 'http://dummyimage.com/139x176.png/ff4444/ffffff', 5);
insert into EVENTS (Id_EVENTS, name, type, endTime, isClosed, startTime, isInternal, isPrivate, group_display_order, defaultPicture, Id_EVENTS_GROUPS) values (123, 'eget', 'Female', '2023-01-12 12:37:53', false, '2023-02-05 22:09:18', false, false, 2, 'http://dummyimage.com/131x170.png/5fa2dd/ffffff', 4);
insert into EVENTS (Id_EVENTS, name, type, endTime, isClosed, startTime, isInternal, isPrivate, group_display_order, defaultPicture, Id_EVENTS_GROUPS) values (124, 'tellus nisi', 'Male', '2022-08-04 00:28:32', true, '2022-04-13 06:29:06', true, true, 3, 'http://dummyimage.com/114x129.png/dddddd/000000', 1);
insert into EVENTS (Id_EVENTS, name, type, endTime, isClosed, startTime, isInternal, isPrivate, group_display_order, defaultPicture, Id_EVENTS_GROUPS) values (125, 'luctus eret ultrices posuere cubilia', 'Female', '2022-07-19 08:45:41', false, '2023-04-22 08:54:14', false, true, 6, 'http://dummyimage.com/189x217.png/dddddd/000000', 9);
insert into EVENTS (Id_EVENTS, name, type, endTime, isClosed, startTime, isInternal, isPrivate, group_display_order, defaultPicture, Id_EVENTS_GROUPS) values (126, 'primis', 'Female', '2021-11-14 00:05:11', false, '2023-04-03 01:57:49', false, true, 6, 'http://dummyimage.com/116x210.png/cc0000/ffffff', 16);
insert into EVENTS (Id_EVENTS, name, type, endTime, isClosed, startTime, isInternal, isPrivate, group_display_order, defaultPicture, Id_EVENTS_GROUPS) values (127, 'mollis molestie', 'Female', '2022-09-06 00:48:35', false, '2020-01-30 08:28:58', true, false, 10, 'http://dummyimage.com/122x229.png/ff4444/ffffff', 10);
insert into EVENTS (Id_EVENTS, name, type, endTime, isClosed, startTime, isInternal, isPrivate, group_display_order, defaultPicture, Id_EVENTS_GROUPS) values (128, 'posuere cubilia curae nulla dapibus', 'Female', '2022-08-09 02:35:50', false, '2023-05-03 11:18:49', true, false, 3, 'http://dummyimage.com/203x178.png/dddddd/000000', 5);
insert into EVENTS (Id_EVENTS, name, type, endTime, isClosed, startTime, isInternal, isPrivate, group_display_order, defaultPicture, Id_EVENTS_GROUPS) values (129, 'non sodales sed', 'Female', '2020-03-27 20:10:07', false, '2020-11-16 04:55:13', true, true, 5, 'http://dummyimage.com/170x242.png/cc0000/ffffff', 1);
insert into EVENTS (Id_EVENTS, name, type, endTime, isClosed, startTime, isInternal, isPrivate, group_display_order, defaultPicture, Id_EVENTS_GROUPS) values (130, 'vel lectus in', 'Male', '2020-12-11 07:54:11', true, '2022-07-13 04:32:28', true, false, 7, 'http://dummyimage.com/179x118.png/ff4444/ffffff', 9);
insert into EVENTS (Id_EVENTS, name, type, endTime, isClosed, startTime, isInternal, isPrivate, group_display_order, defaultPicture, Id_EVENTS_GROUPS) values (131, 'a nibh', 'Female', '2020-08-30 02:15:42', false, '2020-04-03 17:46:25', false, false, 10, 'http://dummyimage.com/127x166.png/ff4444/ffffff', 4);
insert into EVENTS (Id_EVENTS, name, type, endTime, isClosed, startTime, isInternal, isPrivate, group_display_order, defaultPicture, Id_EVENTS_GROUPS) values (132, 'in libero', 'Male', '2022-06-06 18:46:30', false, '2022-12-03 06:02:23', true, false, 8, 'http://dummyimage.com/238x123.png/dddddd/000000', 11);
insert into EVENTS (Id_EVENTS, name, type, endTime, isClosed, startTime, isInternal, isPrivate, group_display_order, defaultPicture, Id_EVENTS_GROUPS) values (133, 'eget vulputate', 'Female', '2020-07-21 13:44:53', true, '2022-10-08 16:02:30', true, true, 1, 'http://dummyimage.com/126x165.png/ff4444/ffffff', 3);
insert into EVENTS (Id_EVENTS, name, type, endTime, isClosed, startTime, isInternal, isPrivate, group_display_order, defaultPicture, Id_EVENTS_GROUPS) values (134, 'a feugiat et eros', 'Male', '2020-08-31 22:13:53', true, '2020-03-17 09:05:02', false, false, 1, 'http://dummyimage.com/195x187.png/dddddd/000000', 4);
insert into EVENTS (Id_EVENTS, name, type, endTime, isClosed, startTime, isInternal, isPrivate, group_display_order, defaultPicture, Id_EVENTS_GROUPS) values (135, 'nulla suspendisse', 'Female', '2020-05-30 06:06:02', false, '2021-01-15 13:59:51', false, true, 1, 'http://dummyimage.com/135x231.png/ff4444/ffffff', 14);
insert into EVENTS (Id_EVENTS, name, type, endTime, isClosed, startTime, isInternal, isPrivate, group_display_order, defaultPicture, Id_EVENTS_GROUPS) values (136, 'libero non mattis pulvinar', 'Male', '2023-03-12 06:38:38', false, '2022-04-13 05:36:25', false, false, 1, 'http://dummyimage.com/165x165.png/dddddd/000000', 4);
insert into EVENTS (Id_EVENTS, name, type, endTime, isClosed, startTime, isInternal, isPrivate, group_display_order, defaultPicture, Id_EVENTS_GROUPS) values (137, 'duisze', 'Male', '2023-01-07 15:43:35', true, '2022-07-12 20:53:22', true, true, 10, 'http://dummyimage.com/226x131.png/dddddd/000000', 6);
insert into EVENTS (Id_EVENTS, name, type, endTime, isClosed, startTime, isInternal, isPrivate, group_display_order, defaultPicture, Id_EVENTS_GROUPS) values (138, 'integer ac neque duis bibendum', 'Agender', '2023-06-08 06:16:43', false, '2020-04-13 15:07:12', false, false, 2, 'http://dummyimage.com/191x110.png/dddddd/000000', 20);
insert into EVENTS (Id_EVENTS, name, type, endTime, isClosed, startTime, isInternal, isPrivate, group_display_order, defaultPicture, Id_EVENTS_GROUPS) values (139, 'dapibus', 'Non-binary', '2020-05-01 21:50:13', true, '2021-07-10 17:00:43', false, false, 6, 'http://dummyimage.com/225x117.png/cc0000/ffffff', 11);
insert into EVENTS (Id_EVENTS, name, type, endTime, isClosed, startTime, isInternal, isPrivate, group_display_order, defaultPicture, Id_EVENTS_GROUPS) values (140, 'cubilia', 'Female', '2022-04-19 11:23:50', false, '2020-09-27 23:30:15', true, false, 8, 'http://dummyimage.com/119x138.png/ff4444/ffffff', 19);
insert into EVENTS (Id_EVENTS, name, type, endTime, isClosed, startTime, isInternal, isPrivate, group_display_order, defaultPicture, Id_EVENTS_GROUPS) values (141, 'ac leo', 'Male', '2020-01-10 11:24:05', false, '2020-12-23 12:54:35', true, false, 3, 'http://dummyimage.com/179x128.png/5fa2dd/ffffff', 10);
insert into EVENTS (Id_EVENTS, name, type, endTime, isClosed, startTime, isInternal, isPrivate, group_display_order, defaultPicture, Id_EVENTS_GROUPS) values (142, 'posuere felis sed', 'Female', '2020-10-13 22:48:41', false, '2021-10-22 05:14:26', true, true, 6, 'http://dummyimage.com/250x182.png/cc0000/ffffff', 4);
insert into EVENTS (Id_EVENTS, name, type, endTime, isClosed, startTime, isInternal, isPrivate, group_display_order, defaultPicture, Id_EVENTS_GROUPS) values (143, 'curae mauris', 'Male', '2020-07-20 00:02:02', false, '2020-01-25 00:33:37', true, false, 2, 'http://dummyimage.com/192x223.png/dddddd/000000', 5);
insert into EVENTS (Id_EVENTS, name, type, endTime, isClosed, startTime, isInternal, isPrivate, group_display_order, defaultPicture, Id_EVENTS_GROUPS) values (144, 'interdum in ante vestibulum', 'Female', '2021-12-07 10:14:57', true, '2020-10-28 08:58:01', false, false, 10, 'http://dummyimage.com/146x170.png/5fa2dd/ffffff', 17);
insert into EVENTS (Id_EVENTS, name, type, endTime, isClosed, startTime, isInternal, isPrivate, group_display_order, defaultPicture, Id_EVENTS_GROUPS) values (145, 'nisi vulputate nonummy maecenas tincidunt', 'Male', '2022-12-18 16:08:52', false, '2021-03-30 13:09:30', true, false, 7, 'http://dummyimage.com/186x216.png/5fa2dd/ffffff', 19);
insert into EVENTS (Id_EVENTS, name, type, endTime, isClosed, startTime, isInternal, isPrivate, group_display_order, defaultPicture, Id_EVENTS_GROUPS) values (146, 'sapien placerat ante', 'Male', '2022-07-26 19:47:38', true, '2022-12-01 22:48:46', false, true, 3, 'http://dummyimage.com/214x190.png/dddddd/000000', 3);
insert into EVENTS (Id_EVENTS, name, type, endTime, isClosed, startTime, isInternal, isPrivate, group_display_order, defaultPicture, Id_EVENTS_GROUPS) values (147, 'vel sem sed sagittis nam', 'Female', '2021-05-08 06:02:57', false, '2022-11-27 14:59:00', false, true, 9, 'http://dummyimage.com/158x149.png/ff4444/ffffff', 9);
insert into EVENTS (Id_EVENTS, name, type, endTime, isClosed, startTime, isInternal, isPrivate, group_display_order, defaultPicture, Id_EVENTS_GROUPS) values (148, 'ultrices', 'Male', '2022-07-04 11:15:22', true, '2021-08-08 23:13:02', false, false, 9, 'http://dummyimage.com/236x230.png/dddddd/000000', 9);
insert into EVENTS (Id_EVENTS, name, type, endTime, isClosed, startTime, isInternal, isPrivate, group_display_order, defaultPicture, Id_EVENTS_GROUPS) values (149, 'suspzeendisse accumsan tortor', 'Female', '2021-07-13 05:18:33', false, '2023-06-02 17:59:39', false, true, 2, 'http://dummyimage.com/125x109.png/dddddd/000000', 19);
insert into EVENTS (Id_EVENTS, name, type, endTime, isClosed, startTime, isInternal, isPrivate, group_display_order, defaultPicture, Id_EVENTS_GROUPS) values (150, 'risus dapibus', 'Male', '2020-01-11 04:50:05', true, '2021-02-16 11:07:54', true, false, 10, 'http://dummyimage.com/212x150.png/ff4444/ffffff', 20);
insert into EVENTS (Id_EVENTS, name, type, endTime, isClosed, startTime, isInternal, isPrivate, group_display_order, defaultPicture, Id_EVENTS_GROUPS) values (151, 'vivamus vestibulum', 'Female', '2021-06-13 11:50:12', false, '2021-05-25 09:51:17', true, false, 6, 'http://dummyimage.com/166x198.png/ff4444/ffffff', 19);
insert into EVENTS (Id_EVENTS, name, type, endTime, isClosed, startTime, isInternal, isPrivate, group_display_order, defaultPicture, Id_EVENTS_GROUPS) values (152, 'urna', 'Female', '2022-04-02 22:16:27', false, '2021-12-20 03:26:03', true, false, 3, 'http://dummyimage.com/209x167.png/5fa2dd/ffffff', 3);
insert into EVENTS (Id_EVENTS, name, type, endTime, isClosed, startTime, isInternal, isPrivate, group_display_order, defaultPicture, Id_EVENTS_GROUPS) values (153, 'quis orci eget orci vehicula', 'Female', '2020-01-25 21:12:51', true, '2020-05-06 00:55:33', false, false, 2, 'http://dummyimage.com/224x189.png/cc0000/ffffff', 13);
insert into EVENTS (Id_EVENTS, name, type, endTime, isClosed, startTime, isInternal, isPrivate, group_display_order, defaultPicture, Id_EVENTS_GROUPS) values (154, 'arcu sed augue', 'Bigender', '2022-05-17 22:46:12', false, '2022-11-20 13:49:04', false, true, 10, 'http://dummyimage.com/186x237.png/5fa2dd/ffffff', 14);
insert into EVENTS (Id_EVENTS, name, type, endTime, isClosed, startTime, isInternal, isPrivate, group_display_order, defaultPicture, Id_EVENTS_GROUPS) values (155, 'mattis pulvinar', 'Male', '2021-07-15 02:05:17', true, '2021-07-27 17:18:54', false, true, 10, 'http://dummyimage.com/236x103.png/cc0000/ffffff', 8);
insert into EVENTS (Id_EVENTS, name, type, endTime, isClosed, startTime, isInternal, isPrivate, group_display_order, defaultPicture, Id_EVENTS_GROUPS) values (156, 'donec diam', 'Female', '2022-05-08 15:26:08', true, '2022-06-29 15:55:09', false, true, 3, 'http://dummyimage.com/213x117.png/cc0000/ffffff', 2);
insert into EVENTS (Id_EVENTS, name, type, endTime, isClosed, startTime, isInternal, isPrivate, group_display_order, defaultPicture, Id_EVENTS_GROUPS) values (157, 'est phasellus sit amet erat', 'Male', '2020-10-31 06:57:21', true, '2021-10-31 07:15:26', true, true, 5, 'http://dummyimage.com/207x181.png/5fa2dd/ffffff', 6);
insert into EVENTS (Id_EVENTS, name, type, endTime, isClosed, startTime, isInternal, isPrivate, group_display_order, defaultPicture, Id_EVENTS_GROUPS) values (158, 'at feugiat non', 'Female', '2022-04-20 13:33:54', false, '2022-09-10 22:34:33', true, true, 3, 'http://dummyimage.com/108x143.png/cc0000/ffffff', 1);
insert into EVENTS (Id_EVENTS, name, type, endTime, isClosed, startTime, isInternal, isPrivate, group_display_order, defaultPicture, Id_EVENTS_GROUPS) values (159, 'nulla sed vel enim sit', 'Male', '2023-02-11 16:07:15', true, '2021-11-20 06:25:51', false, false, 7, 'http://dummyimage.com/204x215.png/ff4444/ffffff', 12);
insert into EVENTS (Id_EVENTS, name, type, endTime, isClosed, startTime, isInternal, isPrivate, group_display_order, defaultPicture, Id_EVENTS_GROUPS) values (160, 'tempor convallis', 'Male', '2020-10-31 01:46:06', true, '2021-06-17 01:49:51', true, true, 10, 'http://dummyimage.com/179x228.png/dddddd/000000', 2);
insert into EVENTS (Id_EVENTS, name, type, endTime, isClosed, startTime, isInternal, isPrivate, group_display_order, defaultPicture, Id_EVENTS_GROUPS) values (161, 'platea dictzeumst', 'Non-binary', '2021-02-22 20:51:43', true, '2022-08-31 23:39:38', false, false, 7, 'http://dummyimage.com/127x146.png/cc0000/ffffff', 18);
insert into EVENTS (Id_EVENTS, name, type, endTime, isClosed, startTime, isInternal, isPrivate, group_display_order, defaultPicture, Id_EVENTS_GROUPS) values (162, 'justo eu massa', 'Female', '2020-08-29 23:48:08', false, '2022-08-25 23:14:42', true, true, 5, 'http://dummyimage.com/162x187.png/dddddd/000000', 5);
insert into EVENTS (Id_EVENTS, name, type, endTime, isClosed, startTime, isInternal, isPrivate, group_display_order, defaultPicture, Id_EVENTS_GROUPS) values (163, 'turpis enim blandit mi in', 'Male', '2020-01-29 16:47:00', true, '2021-05-01 07:12:53', true, true, 10, 'http://dummyimage.com/192x249.png/dddddd/000000', 2);
insert into EVENTS (Id_EVENTS, name, type, endTime, isClosed, startTime, isInternal, isPrivate, group_display_order, defaultPicture, Id_EVENTS_GROUPS) values (164, 'lectus in quazem fringilla', 'Male', '2023-04-07 04:55:24', true, '2023-01-20 00:50:23', true, true, 9, 'http://dummyimage.com/101x148.png/5fa2dd/ffffff', 19);
insert into EVENTS (Id_EVENTS, name, type, endTime, isClosed, startTime, isInternal, isPrivate, group_display_order, defaultPicture, Id_EVENTS_GROUPS) values (165, 'proiezn', 'Female', '2021-05-09 19:35:42', false, '2020-04-02 03:45:48', false, true, 9, 'http://dummyimage.com/119x138.png/cc0000/ffffff', 20);
insert into EVENTS (Id_EVENTS, name, type, endTime, isClosed, startTime, isInternal, isPrivate, group_display_order, defaultPicture, Id_EVENTS_GROUPS) values (166, 'ridiculus mus vivamus', 'Male', '2022-11-24 17:29:21', false, '2022-03-12 14:03:49', false, false, 3, 'http://dummyimage.com/169x118.png/ff4444/ffffff', 17);
insert into EVENTS (Id_EVENTS, name, type, endTime, isClosed, startTime, isInternal, isPrivate, group_display_order, defaultPicture, Id_EVENTS_GROUPS) values (167, 'donec ut dolor morbi', 'Female', '2021-02-15 14:27:01', true, '2022-12-10 11:05:59', false, false, 6, 'http://dummyimage.com/114x221.png/5fa2dd/ffffff', 6);
insert into EVENTS (Id_EVENTS, name, type, endTime, isClosed, startTime, isInternal, isPrivate, group_display_order, defaultPicture, Id_EVENTS_GROUPS) values (168, 'idez', 'Female', '2020-06-21 17:15:46', true, '2021-05-21 03:06:09', true, true, 1, 'http://dummyimage.com/103x190.png/5fa2dd/ffffff', 6);
insert into EVENTS (Id_EVENTS, name, type, endTime, isClosed, startTime, isInternal, isPrivate, group_display_order, defaultPicture, Id_EVENTS_GROUPS) values (169, 'nunc donec quis orci', 'Female', '2022-01-13 14:26:06', false, '2022-04-05 06:21:42', false, false, 8, 'http://dummyimage.com/126x194.png/cc0000/ffffff', 1);
insert into EVENTS (Id_EVENTS, name, type, endTime, isClosed, startTime, isInternal, isPrivate, group_display_order, defaultPicture, Id_EVENTS_GROUPS) values (170, 'sapien', 'Male', '2022-09-30 10:34:30', false, '2020-05-12 15:48:04', true, true, 9, 'http://dummyimage.com/156x127.png/dddddd/000000', 4);
insert into EVENTS (Id_EVENTS, name, type, endTime, isClosed, startTime, isInternal, isPrivate, group_display_order, defaultPicture, Id_EVENTS_GROUPS) values (171, 'lectus aliquam', 'Male', '2022-09-23 12:44:49', true, '2022-07-12 11:40:29', false, true, 2, 'http://dummyimage.com/248x209.png/cc0000/ffffff', 4);
insert into EVENTS (Id_EVENTS, name, type, endTime, isClosed, startTime, isInternal, isPrivate, group_display_order, defaultPicture, Id_EVENTS_GROUPS) values (172, 'nisl venenatis', 'Female', '2021-11-07 20:18:18', false, '2021-06-28 17:24:10', true, false, 5, 'http://dummyimage.com/190x152.png/ff4444/ffffff', 17);
insert into EVENTS (Id_EVENTS, name, type, endTime, isClosed, startTime, isInternal, isPrivate, group_display_order, defaultPicture, Id_EVENTS_GROUPS) values (173, 'pede justo eu', 'Female', '2022-08-04 15:18:57', true, '2020-10-14 23:06:47', false, true, 7, 'http://dummyimage.com/224x232.png/ff4444/ffffff', 12);
insert into EVENTS (Id_EVENTS, name, type, endTime, isClosed, startTime, isInternal, isPrivate, group_display_order, defaultPicture, Id_EVENTS_GROUPS) values (174, 'dapibuezs', 'Genderqueer', '2021-12-15 23:57:31', false, '2022-02-22 15:28:15', true, true, 9, 'http://dummyimage.com/244x196.png/ff4444/ffffff', 13);
insert into EVENTS (Id_EVENTS, name, type, endTime, isClosed, startTime, isInternal, isPrivate, group_display_order, defaultPicture, Id_EVENTS_GROUPS) values (175, 'ante ipsum primis in faucibus', 'Male', '2020-12-17 01:06:14', false, '2022-09-12 07:49:49', true, true, 4, 'http://dummyimage.com/160x131.png/5fa2dd/ffffff', 20);
insert into EVENTS (Id_EVENTS, name, type, endTime, isClosed, startTime, isInternal, isPrivate, group_display_order, defaultPicture, Id_EVENTS_GROUPS) values (176, 'semper est quam', 'Female', '2022-04-06 23:11:47', false, '2023-03-18 02:40:54', false, true, 2, 'http://dummyimage.com/239x135.png/cc0000/ffffff', 19);
insert into EVENTS (Id_EVENTS, name, type, endTime, isClosed, startTime, isInternal, isPrivate, group_display_order, defaultPicture, Id_EVENTS_GROUPS) values (177, 'loborzetis est phasellus sit', 'Male', '2021-07-18 20:51:30', false, '2022-07-17 10:07:25', false, true, 4, 'http://dummyimage.com/127x195.png/5fa2dd/ffffff', 8);
insert into EVENTS (Id_EVENTS, name, type, endTime, isClosed, startTime, isInternal, isPrivate, group_display_order, defaultPicture, Id_EVENTS_GROUPS) values (178, 'mauris', 'Male', '2022-05-06 19:14:08', true, '2020-07-22 09:05:41', true, false, 2, 'http://dummyimage.com/244x131.png/ff4444/ffffff', 12);
insert into EVENTS (Id_EVENTS, name, type, endTime, isClosed, startTime, isInternal, isPrivate, group_display_order, defaultPicture, Id_EVENTS_GROUPS) values (179, 'volutpat sapien arcu', 'Male', '2022-02-21 16:39:02', false, '2023-02-08 02:33:00', false, true, 8, 'http://dummyimage.com/124x230.png/ff4444/ffffff', 1);
insert into EVENTS (Id_EVENTS, name, type, endTime, isClosed, startTime, isInternal, isPrivate, group_display_order, defaultPicture, Id_EVENTS_GROUPS) values (180, 'molestie sed', 'Male', '2020-05-02 23:12:38', false, '2022-02-25 03:37:09', false, true, 9, 'http://dummyimage.com/240x241.png/dddddd/000000', 9);
insert into EVENTS (Id_EVENTS, name, type, endTime, isClosed, startTime, isInternal, isPrivate, group_display_order, defaultPicture, Id_EVENTS_GROUPS) values (181, 'maaquris', 'Male', '2021-06-04 16:42:54', false, '2021-01-29 04:35:08', true, true, 8, 'http://dummyimage.com/146x112.png/cc0000/ffffff', 10);
insert into EVENTS (Id_EVENTS, name, type, endTime, isClosed, startTime, isInternal, isPrivate, group_display_order, defaultPicture, Id_EVENTS_GROUPS) values (182, 'diamze', 'Male', '2022-06-23 20:46:25', true, '2023-03-13 00:07:07', true, true, 10, 'http://dummyimage.com/114x129.png/cc0000/ffffff', 8);
insert into EVENTS (Id_EVENTS, name, type, endTime, isClosed, startTime, isInternal, isPrivate, group_display_order, defaultPicture, Id_EVENTS_GROUPS) values (183, 'eleifend pede', 'Female', '2022-12-21 20:42:48', true, '2022-08-02 05:01:09', true, true, 7, 'http://dummyimage.com/204x205.png/5fa2dd/ffffff', 16);
insert into EVENTS (Id_EVENTS, name, type, endTime, isClosed, startTime, isInternal, isPrivate, group_display_order, defaultPicture, Id_EVENTS_GROUPS) values (184, 'nulla tempus vivamus in felis', 'Female', '2020-08-01 20:14:50', true, '2021-09-05 19:10:52', false, true, 1, 'http://dummyimage.com/162x142.png/ff4444/ffffff', 15);
insert into EVENTS (Id_EVENTS, name, type, endTime, isClosed, startTime, isInternal, isPrivate, group_display_order, defaultPicture, Id_EVENTS_GROUPS) values (185, 'accumsan tortor quis turpis sed', 'Female', '2021-05-17 16:02:07', false, '2020-02-25 18:03:28', false, false, 5, 'http://dummyimage.com/106x112.png/cc0000/ffffff', 20);
insert into EVENTS (Id_EVENTS, name, type, endTime, isClosed, startTime, isInternal, isPrivate, group_display_order, defaultPicture, Id_EVENTS_GROUPS) values (186, 'sed nizesl nunc', 'Female', '2020-12-09 06:32:29', false, '2021-09-27 16:38:53', true, false, 8, 'http://dummyimage.com/225x223.png/dddddd/000000', 5);
insert into EVENTS (Id_EVENTS, name, type, endTime, isClosed, startTime, isInternal, isPrivate, group_display_order, defaultPicture, Id_EVENTS_GROUPS) values (187, 'ac tellus', 'Female', '2020-06-13 14:49:10', false, '2023-05-19 01:58:21', false, false, 9, 'http://dummyimage.com/223x219.png/dddddd/000000', 9);
insert into EVENTS (Id_EVENTS, name, type, endTime, isClosed, startTime, isInternal, isPrivate, group_display_order, defaultPicture, Id_EVENTS_GROUPS) values (188, 'eget eleifend luctus ultricies', 'Female', '2021-01-19 03:15:16', true, '2022-05-05 13:58:40', false, false, 3, 'http://dummyimage.com/105x152.png/5fa2dd/ffffff', 17);
insert into EVENTS (Id_EVENTS, name, type, endTime, isClosed, startTime, isInternal, isPrivate, group_display_order, defaultPicture, Id_EVENTS_GROUPS) values (189, 'risuzes', 'Male', '2020-01-15 14:33:54', true, '2021-12-31 22:29:10', false, true, 9, 'http://dummyimage.com/148x212.png/ff4444/ffffff', 7);
insert into EVENTS (Id_EVENTS, name, type, endTime, isClosed, startTime, isInternal, isPrivate, group_display_order, defaultPicture, Id_EVENTS_GROUPS) values (190, 'enimze', 'Female', '2020-01-30 07:28:54', true, '2023-01-10 04:13:24', true, false, 4, 'http://dummyimage.com/118x217.png/dddddd/000000', 20);
insert into EVENTS (Id_EVENTS, name, type, endTime, isClosed, startTime, isInternal, isPrivate, group_display_order, defaultPicture, Id_EVENTS_GROUPS) values (191, 'proin eu', 'Male', '2020-02-11 06:13:12', true, '2020-08-04 20:06:17', true, false, 2, 'http://dummyimage.com/157x188.png/ff4444/ffffff', 5);
insert into EVENTS (Id_EVENTS, name, type, endTime, isClosed, startTime, isInternal, isPrivate, group_display_order, defaultPicture, Id_EVENTS_GROUPS) values (192, 'quzeis', 'Male', '2023-01-14 11:49:48', true, '2022-02-14 20:00:53', true, false, 6, 'http://dummyimage.com/166x149.png/dddddd/000000', 15);
insert into EVENTS (Id_EVENTS, name, type, endTime, isClosed, startTime, isInternal, isPrivate, group_display_order, defaultPicture, Id_EVENTS_GROUPS) values (193, 'sociis natoque', 'Female', '2021-09-14 06:23:40', false, '2022-03-09 09:32:34', false, false, 9, 'http://dummyimage.com/219x205.png/cc0000/ffffff', 20);
insert into EVENTS (Id_EVENTS, name, type, endTime, isClosed, startTime, isInternal, isPrivate, group_display_order, defaultPicture, Id_EVENTS_GROUPS) values (194, 'congue eget semper rutrum nulla', 'Female', '2021-03-21 08:48:27', false, '2021-09-29 02:34:38', false, false, 7, 'http://dummyimage.com/231x239.png/ff4444/ffffff', 15);
insert into EVENTS (Id_EVENTS, name, type, endTime, isClosed, startTime, isInternal, isPrivate, group_display_order, defaultPicture, Id_EVENTS_GROUPS) values (195, 'conguaae eget semper rutrum nulla', 'Male', '2023-02-03 03:09:16', true, '2023-03-31 12:25:24', true, false, 10, 'http://dummyimage.com/218x233.png/cc0000/ffffff', 17);
insert into EVENTS (Id_EVENTS, name, type, endTime, isClosed, startTime, isInternal, isPrivate, group_display_order, defaultPicture, Id_EVENTS_GROUPS) values (196, 'neque duis bibendum morbi non', 'Female', '2023-04-10 01:04:43', true, '2021-05-14 20:05:06', true, true, 9, 'http://dummyimage.com/189x249.png/dddddd/000000', 19);
insert into EVENTS (Id_EVENTS, name, type, endTime, isClosed, startTime, isInternal, isPrivate, group_display_order, defaultPicture, Id_EVENTS_GROUPS) values (197, 'primizeaqs', 'Male', '2023-01-06 21:25:06', false, '2021-10-18 03:12:04', false, false, 1, 'http://dummyimage.com/120x138.png/cc0000/ffffff', 19);
insert into EVENTS (Id_EVENTS, name, type, endTime, isClosed, startTime, isInternal, isPrivate, group_display_order, defaultPicture, Id_EVENTS_GROUPS) values (198, 'etarsdzdarrt', 'Male', '2021-03-11 00:17:54', false, '2020-11-18 01:26:02', true, true, 4, 'http://dummyimage.com/116x216.png/cc0000/ffffff', 5);
insert into EVENTS (Id_EVENTS, name, type, endTime, isClosed, startTime, isInternal, isPrivate, group_display_order, defaultPicture, Id_EVENTS_GROUPS) values (199, 'posuqsdqsdere metus vitae', 'Female', '2022-12-03 22:57:54', true, '2021-07-27 18:50:23', true, false, 6, 'http://dummyimage.com/236x145.png/ff4444/ffffff', 5);
insert into EVENTS (Id_EVENTS, name, type, endTime, isClosed, startTime, isInternal, isPrivate, group_display_order, defaultPicture, Id_EVENTS_GROUPS) values (200, 'in bzeazealandit', 'Male', '2020-06-02 18:31:16', false, '2023-02-14 07:39:48', false, true, 4, 'http://dummyimage.com/133x127.png/5fa2dd/ffffff', 2);
insert into PREMISES (Id_PREMISES, name, streetNumber, streetName, city, country) values (1, 'Lyon 1', '84', 'Stephen', 'Dijon', 'China');
insert into PREMISES (Id_PREMISES, name, streetNumber, streetName, city, country) values (2, 'Lyon 2', '94139', 'Butterfield', 'Masadah', 'South Korea');
insert into PREMISES (Id_PREMISES, name, streetNumber, streetName, city, country) values (3, 'Lyon 3', '333', 'Elgar', 'Mādārīpur', 'Russia');
insert into PREMISES (Id_PREMISES, name, streetNumber, streetName, city, country) values (4, 'Paris 1', '1258', 'Northridge', 'Rossosh', 'Morocco');
insert into PREMISES (Id_PREMISES, name, streetNumber, streetName, city, country) values (5, 'Paris 2', '17190', 'Hoard', 'Serhetabat', 'China');
insert into PREMISES (Id_PREMISES, name, streetNumber, streetName, city, country) values (6, 'Paris 3', '9', 'Gale', 'Irbit', 'China');
insert into PREMISES (Id_PREMISES, name, streetNumber, streetName, city, country) values (7, 'Paris 4', '537', 'Claremont', 'Sanjie', 'Norway');
insert into PREMISES (Id_PREMISES, name, streetNumber, streetName, city, country) values (8, 'Marseille 1', '92', 'Rowland', 'Taihe', 'France');
insert into PREMISES (Id_PREMISES, name, streetNumber, streetName, city, country) values (9, 'Marseille 2', '356', 'Jay', 'Tarvasjoki', 'Sweden');
insert into PREMISES (Id_PREMISES, name, streetNumber, streetName, city, country) values (10, 'Rennes 1', '0556', 'Little Fleur', 'Marsh Harbour', 'Peru');
insert into COOKING_SPACES (Id_COOKING_SPACES, name, size, isAvailable, PricePerHour, Id_PREMISES) values (1, 'Deer, swamp', 30, true, 19.84, 10);
insert into COOKING_SPACES (Id_COOKING_SPACES, name, size, isAvailable, PricePerHour, Id_PREMISES) values (2, 'Egyptian goose', 96, true, 18.71, 8);
insert into COOKING_SPACES (Id_COOKING_SPACES, name, size, isAvailable, PricePerHour, Id_PREMISES) values (3, 'Red meerkat', 55, false, 15.44, 3);
insert into COOKING_SPACES (Id_COOKING_SPACES, name, size, isAvailable, PricePerHour, Id_PREMISES) values (4, 'Lion, steller''s sea', 30, true, 4.4, 9);
insert into COOKING_SPACES (Id_COOKING_SPACES, name, size, isAvailable, PricePerHour, Id_PREMISES) values (5, 'Kingfisher, pied', 54, true, 5.09, 10);
insert into COOKING_SPACES (Id_COOKING_SPACES, name, size, isAvailable, PricePerHour, Id_PREMISES) values (6, 'Lemur, sportive', 20, false, 12.53, 3);
insert into COOKING_SPACES (Id_COOKING_SPACES, name, size, isAvailable, PricePerHour, Id_PREMISES) values (7, 'Bare-faced go away bird', 52, false, 18.26, 9);
insert into COOKING_SPACES (Id_COOKING_SPACES, name, size, isAvailable, PricePerHour, Id_PREMISES) values (8, 'Magellanic penguin', 58, false, 13.32, 1);
insert into COOKING_SPACES (Id_COOKING_SPACES, name, size, isAvailable, PricePerHour, Id_PREMISES) values (9, 'Wallaby, agile', 87, true, 5.11, 4);
insert into COOKING_SPACES (Id_COOKING_SPACES, name, size, isAvailable, PricePerHour, Id_PREMISES) values (10, 'Snake, racer', 87, false, 15.18, 6);
insert into COOKING_SPACES (Id_COOKING_SPACES, name, size, isAvailable, PricePerHour, Id_PREMISES) values (11, 'Malachite kingfisher', 39, true, 19.32, 1);
insert into COOKING_SPACES (Id_COOKING_SPACES, name, size, isAvailable, PricePerHour, Id_PREMISES) values (12, 'Wolf, mexican', 71, false, 15.27, 5);
insert into COOKING_SPACES (Id_COOKING_SPACES, name, size, isAvailable, PricePerHour, Id_PREMISES) values (13, 'Crimson-breasted shrike', 21, false, 19.07, 7);
insert into COOKING_SPACES (Id_COOKING_SPACES, name, size, isAvailable, PricePerHour, Id_PREMISES) values (14, 'Hanuman langur', 88, true, 19.84, 7);
insert into COOKING_SPACES (Id_COOKING_SPACES, name, size, isAvailable, PricePerHour, Id_PREMISES) values (15, 'Klipspringer', 40, true, 14.77, 7);
insert into COOKING_SPACES (Id_COOKING_SPACES, name, size, isAvailable, PricePerHour, Id_PREMISES) values (16, 'Gecko, bent-toed', 78, false, 9.49, 8);
insert into COOKING_SPACES (Id_COOKING_SPACES, name, size, isAvailable, PricePerHour, Id_PREMISES) values (17, 'Eastern quoll', 63, true, 13.2, 8);
insert into COOKING_SPACES (Id_COOKING_SPACES, name, size, isAvailable, PricePerHour, Id_PREMISES) values (18, 'Brocket, red', 19, false, 10.76, 2);
insert into COOKING_SPACES (Id_COOKING_SPACES, name, size, isAvailable, PricePerHour, Id_PREMISES) values (19, 'Ringtail cat', 77, false, 8.64, 8);
insert into COOKING_SPACES (Id_COOKING_SPACES, name, size, isAvailable, PricePerHour, Id_PREMISES) values (20, 'Sandpiper, spotted wood', 73, true, 14.49, 4);
insert into COOKING_SPACES (Id_COOKING_SPACES, name, size, isAvailable, PricePerHour, Id_PREMISES) values (21, 'Wild boar', 14, false, 13.44, 8);
insert into COOKING_SPACES (Id_COOKING_SPACES, name, size, isAvailable, PricePerHour, Id_PREMISES) values (22, 'Jaguar', 51, false, 18.46, 5);
insert into COOKING_SPACES (Id_COOKING_SPACES, name, size, isAvailable, PricePerHour, Id_PREMISES) values (23, 'Anteater, giant', 87, true, 7.87, 2);
insert into COOKING_SPACES (Id_COOKING_SPACES, name, size, isAvailable, PricePerHour, Id_PREMISES) values (24, 'Flycatcher, tyrant', 30, false, 16.76, 9);
insert into COOKING_SPACES (Id_COOKING_SPACES, name, size, isAvailable, PricePerHour, Id_PREMISES) values (25, 'Common long-nosed armadillo', 65, true, 11.97, 2);
insert into COOKING_SPACES (Id_COOKING_SPACES, name, size, isAvailable, PricePerHour, Id_PREMISES) values (26, 'Lizard, goanna', 70, false, 16.72, 2);
insert into COOKING_SPACES (Id_COOKING_SPACES, name, size, isAvailable, PricePerHour, Id_PREMISES) values (27, 'Bat, madagascar fruit', 83, true, 5.29, 7);
insert into COOKING_SPACES (Id_COOKING_SPACES, name, size, isAvailable, PricePerHour, Id_PREMISES) values (28, 'Nubian bee-eater', 64, true, 11.59, 9);
insert into COOKING_SPACES (Id_COOKING_SPACES, name, size, isAvailable, PricePerHour, Id_PREMISES) values (29, 'Eurasian red squirrel', 90, false, 17.38, 7);
insert into COOKING_SPACES (Id_COOKING_SPACES, name, size, isAvailable, PricePerHour, Id_PREMISES) values (30, 'Python (unidentified)', 98, true, 6.62, 9);
insert into COOKING_SPACES (Id_COOKING_SPACES, name, size, isAvailable, PricePerHour, Id_PREMISES) values (31, 'Jackal, black-backed', 11, true, 8.86, 6);
insert into COOKING_SPACES (Id_COOKING_SPACES, name, size, isAvailable, PricePerHour, Id_PREMISES) values (32, 'Oribi', 96, false, 8.94, 2);
insert into COOKING_SPACES (Id_COOKING_SPACES, name, size, isAvailable, PricePerHour, Id_PREMISES) values (33, 'Blue-tongued lizard', 53, true, 19.49, 9);
insert into COOKING_SPACES (Id_COOKING_SPACES, name, size, isAvailable, PricePerHour, Id_PREMISES) values (34, 'Eastern diamondback rattlesnake', 30, true, 11.9, 2);
insert into COOKING_SPACES (Id_COOKING_SPACES, name, size, isAvailable, PricePerHour, Id_PREMISES) values (35, 'Lion, asian', 11, true, 13.11, 6);
insert into COOKING_SPACES (Id_COOKING_SPACES, name, size, isAvailable, PricePerHour, Id_PREMISES) values (36, 'Alligator, mississippi', 67, true, 11.66, 7);
insert into COOKING_SPACES (Id_COOKING_SPACES, name, size, isAvailable, PricePerHour, Id_PREMISES) values (37, 'Tayra', 8, true, 4.06, 1);
insert into COOKING_SPACES (Id_COOKING_SPACES, name, size, isAvailable, PricePerHour, Id_PREMISES) values (38, 'Racer, blue', 14, false, 1.79, 2);
insert into COOKING_SPACES (Id_COOKING_SPACES, name, size, isAvailable, PricePerHour, Id_PREMISES) values (39, 'Sparrow, house', 77, false, 2.47, 5);
insert into COOKING_SPACES (Id_COOKING_SPACES, name, size, isAvailable, PricePerHour, Id_PREMISES) values (40, 'Laughing kookaburra', 90, false, 13.02, 9);
insert into COOKING_SPACES (Id_COOKING_SPACES, name, size, isAvailable, PricePerHour, Id_PREMISES) values (41, 'Jackal, silver-backed', 9, true, 12.99, 10);
insert into COOKING_SPACES (Id_COOKING_SPACES, name, size, isAvailable, PricePerHour, Id_PREMISES) values (42, 'Spoonbill, white', 55, true, 14.22, 6);
insert into COOKING_SPACES (Id_COOKING_SPACES, name, size, isAvailable, PricePerHour, Id_PREMISES) values (43, 'Large-eared bushbaby', 16, false, 12.51, 8);
insert into COOKING_SPACES (Id_COOKING_SPACES, name, size, isAvailable, PricePerHour, Id_PREMISES) values (44, 'Dunnart, fat-tailed', 13, true, 15.18, 5);
insert into COOKING_SPACES (Id_COOKING_SPACES, name, size, isAvailable, PricePerHour, Id_PREMISES) values (45, 'Silver-backed fox', 34, false, 8.82, 6);
insert into COOKING_SPACES (Id_COOKING_SPACES, name, size, isAvailable, PricePerHour, Id_PREMISES) values (46, 'Gecko, ring-tailed', 25, true, 15.79, 5);
insert into COOKING_SPACES (Id_COOKING_SPACES, name, size, isAvailable, PricePerHour, Id_PREMISES) values (47, 'Monitor, two-banded', 42, true, 17.94, 7);
insert into COOKING_SPACES (Id_COOKING_SPACES, name, size, isAvailable, PricePerHour, Id_PREMISES) values (48, 'Egyptian cobra', 22, true, 4.13, 7);
insert into COOKING_SPACES (Id_COOKING_SPACES, name, size, isAvailable, PricePerHour, Id_PREMISES) values (49, 'North American beaver', 71, true, 6.04, 3);
insert into COOKING_SPACES (Id_COOKING_SPACES, name, size, isAvailable, PricePerHour, Id_PREMISES) values (50, 'Pine snake (unidentified)', 46, false, 7.42, 6);
insert into INGREDIENTS (Id_INGREDIENTS, name, Allergen, Id_COOKING_SPACES) values (1, 'Chocolate - Sugar Free Semi Choc', 'Cascade Willow', 16);
insert into INGREDIENTS (Id_INGREDIENTS, name, Allergen, Id_COOKING_SPACES) values (2, 'Huck White Towels', 'European Stickseed', 30);
insert into INGREDIENTS (Id_INGREDIENTS, name, Allergen, Id_COOKING_SPACES) values (3, 'Lamb - Whole Head Off,nz', 'Narrowleaf Laphamia', 9);
insert into INGREDIENTS (Id_INGREDIENTS, name, Allergen, Id_COOKING_SPACES) values (4, 'Sachet', 'Hairy Grama', 27);
insert into INGREDIENTS (Id_INGREDIENTS, name, Allergen, Id_COOKING_SPACES) values (5, 'Carroway Seed', 'White Girdlepod', 15);
insert into INGREDIENTS (Id_INGREDIENTS, name, Allergen, Id_COOKING_SPACES) values (6, 'Bread - French Baquette', 'Urn Orchid', 30);
insert into INGREDIENTS (Id_INGREDIENTS, name, Allergen, Id_COOKING_SPACES) values (7, 'Sherry - Dry', 'Neofuscelia Lichen', 26);
insert into INGREDIENTS (Id_INGREDIENTS, name, Allergen, Id_COOKING_SPACES) values (8, 'Rye Special Old', 'Fir Dwarf Mistletoe', 8);
insert into INGREDIENTS (Id_INGREDIENTS, name, Allergen, Id_COOKING_SPACES) values (9, 'Table Cloth 90x90 White', 'Pasture Heliotrope', 5);
insert into INGREDIENTS (Id_INGREDIENTS, name, Allergen, Id_COOKING_SPACES) values (10, 'Water - Spring 1.5lit', 'Arizona Skeletonplant', 49);
insert into INGREDIENTS (Id_INGREDIENTS, name, Allergen, Id_COOKING_SPACES) values (11, 'Clam Nectar', 'Brothera Moss', 45);
insert into INGREDIENTS (Id_INGREDIENTS, name, Allergen, Id_COOKING_SPACES) values (12, 'Beef Dry Aged Tenderloin Aaa', 'Ornduff''s Goldfields', 43);
insert into INGREDIENTS (Id_INGREDIENTS, name, Allergen, Id_COOKING_SPACES) values (13, 'Soup Campbells - Italian Wedding', 'Sandhill Muhly', 35);
insert into INGREDIENTS (Id_INGREDIENTS, name, Allergen, Id_COOKING_SPACES) values (14, 'Initation Crab Meat', 'Willow', 47);
insert into INGREDIENTS (Id_INGREDIENTS, name, Allergen, Id_COOKING_SPACES) values (15, 'Tomato - Green', 'Fragrant Fritillary', 32);
insert into INGREDIENTS (Id_INGREDIENTS, name, Allergen, Id_COOKING_SPACES) values (16, 'Hagen Daza - Dk Choocolate', 'Britton''s Wild Petunia', 32);
insert into INGREDIENTS (Id_INGREDIENTS, name, Allergen, Id_COOKING_SPACES) values (17, 'Beef Flat Iron Steak', 'Galleta Grass', 50);
insert into INGREDIENTS (Id_INGREDIENTS, name, Allergen, Id_COOKING_SPACES) values (18, 'Snapple Raspberry Tea', 'Castle Lake Bedstraw', 1);
insert into INGREDIENTS (Id_INGREDIENTS, name, Allergen, Id_COOKING_SPACES) values (19, 'Fudge - Chocolate Fudge', 'Fall Dandelion', 16);
insert into INGREDIENTS (Id_INGREDIENTS, name, Allergen, Id_COOKING_SPACES) values (20, 'Quail - Whole, Boneless', 'Holboell''s Rockcress', 7);
insert into INGREDIENTS (Id_INGREDIENTS, name, Allergen, Id_COOKING_SPACES) values (21, 'Tuna - Bluefin', 'Hesperochiron', 3);
insert into INGREDIENTS (Id_INGREDIENTS, name, Allergen, Id_COOKING_SPACES) values (22, 'Rolled Oats', 'Arctic Bellflower', 46);
insert into INGREDIENTS (Id_INGREDIENTS, name, Allergen, Id_COOKING_SPACES) values (23, 'Tendrils - Baby Pea, Organic', 'False Fanpetals', 34);
insert into INGREDIENTS (Id_INGREDIENTS, name, Allergen, Id_COOKING_SPACES) values (24, 'Glaze - Apricot', 'Turpentine Wavewing', 28);
insert into INGREDIENTS (Id_INGREDIENTS, name, Allergen, Id_COOKING_SPACES) values (25, 'Veal - Shank, Pieces', 'Geyer''s Sandmat', 9);
insert into INGREDIENTS (Id_INGREDIENTS, name, Allergen, Id_COOKING_SPACES) values (26, 'Fenngreek Seed', 'Clokey''s Gilia', 48);
insert into INGREDIENTS (Id_INGREDIENTS, name, Allergen, Id_COOKING_SPACES) values (27, 'Puree - Raspberry', 'Confederate Hawthorn', 30);
insert into INGREDIENTS (Id_INGREDIENTS, name, Allergen, Id_COOKING_SPACES) values (28, 'Asparagus - White, Canned', 'Tundra Alkaligrass', 19);
insert into INGREDIENTS (Id_INGREDIENTS, name, Allergen, Id_COOKING_SPACES) values (29, 'Soup - Campbells Beef Stew', 'Fewflower Beaksedge', 13);
insert into INGREDIENTS (Id_INGREDIENTS, name, Allergen, Id_COOKING_SPACES) values (30, 'True - Vue Containers', 'Pinyon Goosefoot', 5);
insert into INGREDIENTS (Id_INGREDIENTS, name, Allergen, Id_COOKING_SPACES) values (31, 'Wine - Riesling Dr. Pauly', 'New York Hawthorn', 7);
insert into INGREDIENTS (Id_INGREDIENTS, name, Allergen, Id_COOKING_SPACES) values (32, 'Seabream Whole Farmed', 'Ash', 29);
insert into INGREDIENTS (Id_INGREDIENTS, name, Allergen, Id_COOKING_SPACES) values (33, 'Plaintain', 'Broadtooth Lady''s Mantle', 23);
insert into INGREDIENTS (Id_INGREDIENTS, name, Allergen, Id_COOKING_SPACES) values (34, 'Garbage Bags - Black', 'Diamondleaf Lacefern', 42);
insert into INGREDIENTS (Id_INGREDIENTS, name, Allergen, Id_COOKING_SPACES) values (35, 'Mix - Cappucino Cocktail', 'Rockjasmine Monkeyflower', 34);
insert into INGREDIENTS (Id_INGREDIENTS, name, Allergen, Id_COOKING_SPACES) values (36, 'Pate Pans Yellow', 'Whitestem Pondweed', 4);
insert into INGREDIENTS (Id_INGREDIENTS, name, Allergen, Id_COOKING_SPACES) values (37, 'The Pop Shoppe - Lime Rickey', 'Slickrock Biscuitroot', 26);
insert into INGREDIENTS (Id_INGREDIENTS, name, Allergen, Id_COOKING_SPACES) values (38, 'Doilies - 5, Paper', 'Buckley''s Yucca', 25);
insert into INGREDIENTS (Id_INGREDIENTS, name, Allergen, Id_COOKING_SPACES) values (39, 'Capers - Ox Eye Daisy', 'American Alumroot', 14);
insert into INGREDIENTS (Id_INGREDIENTS, name, Allergen, Id_COOKING_SPACES) values (40, 'Cream - 18%', 'Spanish Iris', 16);
insert into INGREDIENTS (Id_INGREDIENTS, name, Allergen, Id_COOKING_SPACES) values (41, 'Cheese - Fontina', 'Variableleaf Yellowcress', 34);
insert into INGREDIENTS (Id_INGREDIENTS, name, Allergen, Id_COOKING_SPACES) values (42, 'Langers - Ruby Red Grapfruit', 'Homalia Moss', 7);
insert into INGREDIENTS (Id_INGREDIENTS, name, Allergen, Id_COOKING_SPACES) values (43, 'Green Scrubbie Pad H.duty', 'Sierra Bluecup', 29);
insert into INGREDIENTS (Id_INGREDIENTS, name, Allergen, Id_COOKING_SPACES) values (44, 'Ecolab - Hand Soap Form Antibac', 'Desert Woollystar', 10);
insert into INGREDIENTS (Id_INGREDIENTS, name, Allergen, Id_COOKING_SPACES) values (45, 'Cabbage Roll', 'Featherstem Clubmoss', 39);
insert into INGREDIENTS (Id_INGREDIENTS, name, Allergen, Id_COOKING_SPACES) values (46, 'Compound - Strawberry', 'Calliergon Moss', 5);
insert into INGREDIENTS (Id_INGREDIENTS, name, Allergen, Id_COOKING_SPACES) values (47, 'Bread - Pullman, Sliced', 'Tulip-wood Tree', 31);
insert into INGREDIENTS (Id_INGREDIENTS, name, Allergen, Id_COOKING_SPACES) values (48, 'Milk - Chocolate 250 Ml', 'Tupelo', 26);
insert into INGREDIENTS (Id_INGREDIENTS, name, Allergen, Id_COOKING_SPACES) values (49, 'Lemonade - Island Tea, 591 Ml', 'Hypecoum', 20);
insert into INGREDIENTS (Id_INGREDIENTS, name, Allergen, Id_COOKING_SPACES) values (50, 'Onions - White', 'Blackish Oxytrope', 42);
insert into INGREDIENTS (Id_INGREDIENTS, name, Allergen, Id_COOKING_SPACES) values (51, 'Bols Melon Liqueur', 'Colton''s Milkvetch', 18);
insert into INGREDIENTS (Id_INGREDIENTS, name, Allergen, Id_COOKING_SPACES) values (52, 'Beans - Kidney White', 'Mogollon Mountain Draba', 26);
insert into INGREDIENTS (Id_INGREDIENTS, name, Allergen, Id_COOKING_SPACES) values (53, 'Ecolab - Orange Frc, Cleaner', 'Lobelia', 25);
insert into INGREDIENTS (Id_INGREDIENTS, name, Allergen, Id_COOKING_SPACES) values (54, 'Jameson Irish Whiskey', 'Cream Cheesewood', 4);
insert into INGREDIENTS (Id_INGREDIENTS, name, Allergen, Id_COOKING_SPACES) values (55, 'Soup - Knorr, French Onion', 'Bearded Wheatgrass', 22);
insert into INGREDIENTS (Id_INGREDIENTS, name, Allergen, Id_COOKING_SPACES) values (56, 'Beef - Tongue, Cooked', 'Marsh Dandelion', 24);
insert into INGREDIENTS (Id_INGREDIENTS, name, Allergen, Id_COOKING_SPACES) values (57, 'Bagel - Whole White Sesame', 'West Indian Bluestem', 43);
insert into INGREDIENTS (Id_INGREDIENTS, name, Allergen, Id_COOKING_SPACES) values (58, 'Sauce - Thousand Island', 'Common Selfheal', 36);
insert into INGREDIENTS (Id_INGREDIENTS, name, Allergen, Id_COOKING_SPACES) values (59, 'Soup - Campbells Beef Noodle', 'Lecidea Lichen', 24);
insert into INGREDIENTS (Id_INGREDIENTS, name, Allergen, Id_COOKING_SPACES) values (60, 'Soup - Canadian Pea, Dry Mix', 'Alpine Meadow-foxtail', 36);
insert into INGREDIENTS (Id_INGREDIENTS, name, Allergen, Id_COOKING_SPACES) values (61, 'Eggwhite Frozen', 'European Yellow Rattle', 37);
insert into INGREDIENTS (Id_INGREDIENTS, name, Allergen, Id_COOKING_SPACES) values (62, 'Ecolab - Lime - A - Way 4/4 L', 'African Feathergrass', 32);
insert into INGREDIENTS (Id_INGREDIENTS, name, Allergen, Id_COOKING_SPACES) values (63, 'Bagel - Everything Presliced', 'Annual Wheatgrass', 38);
insert into INGREDIENTS (Id_INGREDIENTS, name, Allergen, Id_COOKING_SPACES) values (64, 'Onions - Red Pearl', 'Pohlia Moss', 41);
insert into INGREDIENTS (Id_INGREDIENTS, name, Allergen, Id_COOKING_SPACES) values (65, 'Sole - Fillet', 'Chinese White Olive', 5);
insert into INGREDIENTS (Id_INGREDIENTS, name, Allergen, Id_COOKING_SPACES) values (66, 'Table Cloth 120 Round White', 'Cascabelillo Alado', 48);
insert into INGREDIENTS (Id_INGREDIENTS, name, Allergen, Id_COOKING_SPACES) values (67, 'Langers - Ruby Red Grapfruit', 'Brouard''s Rinodina Lichen', 45);
insert into INGREDIENTS (Id_INGREDIENTS, name, Allergen, Id_COOKING_SPACES) values (68, 'Wine - Pinot Grigio Collavini', 'Cushion Townsend Daisy', 44);
insert into INGREDIENTS (Id_INGREDIENTS, name, Allergen, Id_COOKING_SPACES) values (69, 'Potatoes - Pei 10 Oz', 'Naupaka', 35);
insert into INGREDIENTS (Id_INGREDIENTS, name, Allergen, Id_COOKING_SPACES) values (70, 'Lettuce - Escarole', 'Pinyon Rockcress', 14);
insert into INGREDIENTS (Id_INGREDIENTS, name, Allergen, Id_COOKING_SPACES) values (71, 'Bread - 10 Grain Parisian', 'Catch Me If You Can', 5);
insert into INGREDIENTS (Id_INGREDIENTS, name, Allergen, Id_COOKING_SPACES) values (72, 'Dry Ice', 'Marsh Cudweed', 10);
insert into INGREDIENTS (Id_INGREDIENTS, name, Allergen, Id_COOKING_SPACES) values (73, 'Wine - Niagara Peninsula Vqa', 'Mediterranean Hartwort', 12);
insert into INGREDIENTS (Id_INGREDIENTS, name, Allergen, Id_COOKING_SPACES) values (74, 'Pate - Liver', 'Sundew', 45);
insert into INGREDIENTS (Id_INGREDIENTS, name, Allergen, Id_COOKING_SPACES) values (75, 'Muffin Mix - Corn Harvest', 'Broadleaf Papala', 34);
insert into INGREDIENTS (Id_INGREDIENTS, name, Allergen, Id_COOKING_SPACES) values (76, 'Veal - Inside', 'Slimspike Windmill Grass', 18);
insert into INGREDIENTS (Id_INGREDIENTS, name, Allergen, Id_COOKING_SPACES) values (77, 'Nori Sea Weed - Gold Label', 'Twotipped Sedge', 10);
insert into INGREDIENTS (Id_INGREDIENTS, name, Allergen, Id_COOKING_SPACES) values (78, 'Spice - Peppercorn Melange', 'Ocellularia Lichen', 45);
insert into INGREDIENTS (Id_INGREDIENTS, name, Allergen, Id_COOKING_SPACES) values (79, 'Dikon', 'Jointvetch', 35);
insert into INGREDIENTS (Id_INGREDIENTS, name, Allergen, Id_COOKING_SPACES) values (80, 'Eel - Smoked', 'Volcanic Buckwheat', 12);
insert into INGREDIENTS (Id_INGREDIENTS, name, Allergen, Id_COOKING_SPACES) values (81, 'Chips - Miss Vickies', 'Nuttall''s Townsend Daisy', 19);
insert into INGREDIENTS (Id_INGREDIENTS, name, Allergen, Id_COOKING_SPACES) values (82, 'Compound - Orange', 'Day''s Bedstraw', 24);
insert into INGREDIENTS (Id_INGREDIENTS, name, Allergen, Id_COOKING_SPACES) values (83, 'Chives - Fresh', 'Lava Dock', 17);
insert into INGREDIENTS (Id_INGREDIENTS, name, Allergen, Id_COOKING_SPACES) values (84, 'Lid Tray - 12in Dome', 'Parry''s Wormwood', 23);
insert into INGREDIENTS (Id_INGREDIENTS, name, Allergen, Id_COOKING_SPACES) values (85, 'Chips - Assorted', 'Maui Dubautia', 7);
insert into INGREDIENTS (Id_INGREDIENTS, name, Allergen, Id_COOKING_SPACES) values (86, 'Cinnamon Rolls', 'Blue Huckleberry', 15);
insert into INGREDIENTS (Id_INGREDIENTS, name, Allergen, Id_COOKING_SPACES) values (87, 'Veal - Shank, Pieces', 'China Tortula Moss', 25);
insert into INGREDIENTS (Id_INGREDIENTS, name, Allergen, Id_COOKING_SPACES) values (88, 'Port - 74 Brights', 'Christmastree', 13);
insert into INGREDIENTS (Id_INGREDIENTS, name, Allergen, Id_COOKING_SPACES) values (89, 'Lamb - Rack', 'Islandfern', 22);
insert into INGREDIENTS (Id_INGREDIENTS, name, Allergen, Id_COOKING_SPACES) values (90, 'Sauce - Hp', 'Spirea', 21);
insert into INGREDIENTS (Id_INGREDIENTS, name, Allergen, Id_COOKING_SPACES) values (91, 'Beer - True North Lager', 'Aster', 10);
insert into INGREDIENTS (Id_INGREDIENTS, name, Allergen, Id_COOKING_SPACES) values (92, 'Wine - Ej Gallo Sonoma', 'Pyrenopsis Lichen', 18);
insert into INGREDIENTS (Id_INGREDIENTS, name, Allergen, Id_COOKING_SPACES) values (93, 'Octopus - Baby, Cleaned', 'Largeflower Onion', 14);
insert into INGREDIENTS (Id_INGREDIENTS, name, Allergen, Id_COOKING_SPACES) values (94, 'Lemonade - Strawberry, 591 Ml', 'Littlefoot Nemophila', 15);
insert into INGREDIENTS (Id_INGREDIENTS, name, Allergen, Id_COOKING_SPACES) values (95, 'Bread - Dark Rye, Loaf', 'Big-horn Bog Orchid', 41);
insert into INGREDIENTS (Id_INGREDIENTS, name, Allergen, Id_COOKING_SPACES) values (96, 'Rabbit - Saddles', 'Grassy Deathcamas', 44);
insert into INGREDIENTS (Id_INGREDIENTS, name, Allergen, Id_COOKING_SPACES) values (97, 'Potatoes - Mini White 3 Oz', 'Point Reyes Lupine', 10);
insert into INGREDIENTS (Id_INGREDIENTS, name, Allergen, Id_COOKING_SPACES) values (98, 'Pasta - Penne, Lisce, Dry', 'Aleutian Draba', 25);
insert into INGREDIENTS (Id_INGREDIENTS, name, Allergen, Id_COOKING_SPACES) values (99, 'Ecolab - Orange Frc, Cleaner', 'Utah Violet', 37);
insert into INGREDIENTS (Id_INGREDIENTS, name, Allergen, Id_COOKING_SPACES) values (100, 'Vinegar - Red Wine', 'Jaumea', 48);
insert into INGREDIENTS (Id_INGREDIENTS, name, Allergen, Id_COOKING_SPACES) values (101, 'Bread - White, Unsliced', 'Devilqueen', 12);
insert into INGREDIENTS (Id_INGREDIENTS, name, Allergen, Id_COOKING_SPACES) values (102, 'Eel Fresh', 'Rose''s Springparsley', 17);
insert into INGREDIENTS (Id_INGREDIENTS, name, Allergen, Id_COOKING_SPACES) values (103, 'Lettuce - Lambs Mash', 'Scarlet Spiral-ginger', 23);
insert into INGREDIENTS (Id_INGREDIENTS, name, Allergen, Id_COOKING_SPACES) values (104, 'Cheese - Camembert', 'Hawai''i Bluegrass', 49);
insert into INGREDIENTS (Id_INGREDIENTS, name, Allergen, Id_COOKING_SPACES) values (105, 'Sage - Fresh', 'Pond Bogmat', 37);
insert into INGREDIENTS (Id_INGREDIENTS, name, Allergen, Id_COOKING_SPACES) values (106, 'Steel Wool S.o.s', 'Fourvalve Mimosa', 17);
insert into INGREDIENTS (Id_INGREDIENTS, name, Allergen, Id_COOKING_SPACES) values (107, 'Schnappes Peppermint - Walker', 'Kauai Ma''oloa', 39);
insert into INGREDIENTS (Id_INGREDIENTS, name, Allergen, Id_COOKING_SPACES) values (108, 'V8 - Tropical Blend', 'Gordon''s Buckwheat', 49);
insert into INGREDIENTS (Id_INGREDIENTS, name, Allergen, Id_COOKING_SPACES) values (109, 'Cake - Miini Cheesecake Cherry', 'Mock Parsley', 44);
insert into INGREDIENTS (Id_INGREDIENTS, name, Allergen, Id_COOKING_SPACES) values (110, 'Toothpick Frilled', 'Mackenzie''s Willow', 48);
insert into INGREDIENTS (Id_INGREDIENTS, name, Allergen, Id_COOKING_SPACES) values (111, 'Lamb - Loin Chops', 'Pseudoparmelia', 28);
insert into INGREDIENTS (Id_INGREDIENTS, name, Allergen, Id_COOKING_SPACES) values (112, 'Bread - Kimel Stick Poly', 'Punta Gorda Spiderlily', 22);
insert into INGREDIENTS (Id_INGREDIENTS, name, Allergen, Id_COOKING_SPACES) values (113, 'Basil - Seedlings Cookstown', 'False Goldeneye', 12);
insert into INGREDIENTS (Id_INGREDIENTS, name, Allergen, Id_COOKING_SPACES) values (114, 'Wine - Cabernet Sauvignon', 'Texas Snakecotton', 32);
insert into INGREDIENTS (Id_INGREDIENTS, name, Allergen, Id_COOKING_SPACES) values (115, 'Tomato - Green', 'Cape Blue Waterlily', 46);
insert into INGREDIENTS (Id_INGREDIENTS, name, Allergen, Id_COOKING_SPACES) values (116, 'Soup - Knorr, Classic Can. Chili', 'Usnea Lichenoconium Lichen', 11);
insert into INGREDIENTS (Id_INGREDIENTS, name, Allergen, Id_COOKING_SPACES) values (117, 'Yeast - Fresh, Fleischman', 'Rock Violet', 38);
insert into INGREDIENTS (Id_INGREDIENTS, name, Allergen, Id_COOKING_SPACES) values (118, 'Chicken - Soup Base', 'Shrubby Sophora', 3);
insert into INGREDIENTS (Id_INGREDIENTS, name, Allergen, Id_COOKING_SPACES) values (119, 'Wine - Bouchard La Vignee Pinot', 'Skeletongrass', 27);
insert into INGREDIENTS (Id_INGREDIENTS, name, Allergen, Id_COOKING_SPACES) values (120, 'Flour - Rye', 'Lacy Tansyaster', 28);
insert into INGREDIENTS (Id_INGREDIENTS, name, Allergen, Id_COOKING_SPACES) values (121, 'Beef - Flank Steak', 'Marsh Milkvetch', 16);
insert into INGREDIENTS (Id_INGREDIENTS, name, Allergen, Id_COOKING_SPACES) values (122, 'Dc - Sakura Fu', 'Lemonyellow Rosemallow', 6);
insert into INGREDIENTS (Id_INGREDIENTS, name, Allergen, Id_COOKING_SPACES) values (123, 'Cheese - Brick With Onion', 'Fryxellwort', 17);
insert into INGREDIENTS (Id_INGREDIENTS, name, Allergen, Id_COOKING_SPACES) values (124, 'Ginger - Pickled', 'Australian Cheesewood', 13);
insert into INGREDIENTS (Id_INGREDIENTS, name, Allergen, Id_COOKING_SPACES) values (125, 'Amaretto', 'Lecidea Lichen', 42);
insert into INGREDIENTS (Id_INGREDIENTS, name, Allergen, Id_COOKING_SPACES) values (126, 'Gloves - Goldtouch Disposable', 'Compact Chickensage', 1);
insert into INGREDIENTS (Id_INGREDIENTS, name, Allergen, Id_COOKING_SPACES) values (127, 'Carbonated Water - Wildberry', 'Cyclodictyon Moss', 42);
insert into INGREDIENTS (Id_INGREDIENTS, name, Allergen, Id_COOKING_SPACES) values (128, 'Loquat', 'Buffpetal', 21);
insert into INGREDIENTS (Id_INGREDIENTS, name, Allergen, Id_COOKING_SPACES) values (129, 'Chocolate - Chips Compound', 'Smallanthus', 21);
insert into INGREDIENTS (Id_INGREDIENTS, name, Allergen, Id_COOKING_SPACES) values (130, 'True - Vue Containers', 'Fragrant Cryptantha', 36);
insert into INGREDIENTS (Id_INGREDIENTS, name, Allergen, Id_COOKING_SPACES) values (131, 'Beets - Pickled', 'Trinity Sphagnum', 15);
insert into INGREDIENTS (Id_INGREDIENTS, name, Allergen, Id_COOKING_SPACES) values (132, 'Green Scrubbie Pad H.duty', 'Wooton''s Threeawn', 38);
insert into INGREDIENTS (Id_INGREDIENTS, name, Allergen, Id_COOKING_SPACES) values (133, 'Cake - Cake Sheet Macaroon', 'Belonia Lichen', 22);
insert into INGREDIENTS (Id_INGREDIENTS, name, Allergen, Id_COOKING_SPACES) values (134, 'Bagel - Everything Presliced', 'Hall''s Monardella', 37);
insert into INGREDIENTS (Id_INGREDIENTS, name, Allergen, Id_COOKING_SPACES) values (135, 'Muffin - Mix - Creme Brule 15l', 'White Edge Sedge', 2);
insert into INGREDIENTS (Id_INGREDIENTS, name, Allergen, Id_COOKING_SPACES) values (136, 'Bay Leaf Fresh', 'Sand Palafox', 22);
insert into INGREDIENTS (Id_INGREDIENTS, name, Allergen, Id_COOKING_SPACES) values (137, 'Chocolate - Semi Sweet, Calets', 'Laramie Columbine', 6);
insert into INGREDIENTS (Id_INGREDIENTS, name, Allergen, Id_COOKING_SPACES) values (138, 'Appetizer - Seafood Assortment', 'Angostura', 11);
insert into INGREDIENTS (Id_INGREDIENTS, name, Allergen, Id_COOKING_SPACES) values (139, 'Doilies - 10, Paper', 'Western Sweetvetch', 37);
insert into INGREDIENTS (Id_INGREDIENTS, name, Allergen, Id_COOKING_SPACES) values (140, 'Versatainer Nc - 888', 'White Panicle Aster', 43);
insert into INGREDIENTS (Id_INGREDIENTS, name, Allergen, Id_COOKING_SPACES) values (141, 'Pasta - Spaghetti, Dry', 'Mexican Lindbergia Moss', 7);
insert into INGREDIENTS (Id_INGREDIENTS, name, Allergen, Id_COOKING_SPACES) values (142, 'Chives - Fresh', 'Kunana Pepperwort', 8);
insert into INGREDIENTS (Id_INGREDIENTS, name, Allergen, Id_COOKING_SPACES) values (143, 'Carbonated Water - Raspberry', 'Sargent''s Barberry', 48);
insert into INGREDIENTS (Id_INGREDIENTS, name, Allergen, Id_COOKING_SPACES) values (144, 'Duck - Legs', 'Western Daisy', 25);
insert into INGREDIENTS (Id_INGREDIENTS, name, Allergen, Id_COOKING_SPACES) values (145, 'Island Oasis - Banana Daiquiri', 'Crabgrass', 13);
insert into INGREDIENTS (Id_INGREDIENTS, name, Allergen, Id_COOKING_SPACES) values (146, 'Mustard Prepared', 'Idaho Milkvetch', 47);
insert into INGREDIENTS (Id_INGREDIENTS, name, Allergen, Id_COOKING_SPACES) values (147, 'Pastry - Banana Tea Loaf', 'Flat-top Mille Graines', 42);
insert into INGREDIENTS (Id_INGREDIENTS, name, Allergen, Id_COOKING_SPACES) values (148, 'Squid Ink', 'Guadalupe Cypress', 31);
insert into INGREDIENTS (Id_INGREDIENTS, name, Allergen, Id_COOKING_SPACES) values (149, 'Veal - Brisket, Provimi,bnls', 'Alabama Croton', 2);
insert into INGREDIENTS (Id_INGREDIENTS, name, Allergen, Id_COOKING_SPACES) values (150, 'Cheese - Shred Cheddar / Mozza', 'Entireleaved Thelypody', 36);
insert into INGREDIENTS (Id_INGREDIENTS, name, Allergen, Id_COOKING_SPACES) values (151, 'Paper Cocktail Umberlla 80 - 180', 'Whip-poor-will Flower', 10);
insert into INGREDIENTS (Id_INGREDIENTS, name, Allergen, Id_COOKING_SPACES) values (152, 'Cheese - Colby', 'Hoppner''s Sedge', 36);
insert into INGREDIENTS (Id_INGREDIENTS, name, Allergen, Id_COOKING_SPACES) values (153, 'Soap - Mr.clean Floor Soap', 'Amphi-beringian Bluegrass', 20);
insert into INGREDIENTS (Id_INGREDIENTS, name, Allergen, Id_COOKING_SPACES) values (154, 'Bread - Kimel Stick Poly', 'Annual Buckwheat', 45);
insert into INGREDIENTS (Id_INGREDIENTS, name, Allergen, Id_COOKING_SPACES) values (155, 'Grouper - Fresh', 'Panamint Monkeyflower', 31);
insert into INGREDIENTS (Id_INGREDIENTS, name, Allergen, Id_COOKING_SPACES) values (156, 'Lamb Leg - Bone - In Nz', 'Small Japanese Silver Grass', 7);
insert into INGREDIENTS (Id_INGREDIENTS, name, Allergen, Id_COOKING_SPACES) values (157, 'Relish', 'Spreading Asphead', 30);
insert into INGREDIENTS (Id_INGREDIENTS, name, Allergen, Id_COOKING_SPACES) values (158, 'Halibut - Steaks', 'Whitetassels', 50);
insert into INGREDIENTS (Id_INGREDIENTS, name, Allergen, Id_COOKING_SPACES) values (159, 'Pasta - Canelloni, Single Serve', 'Blacksenna', 3);
insert into INGREDIENTS (Id_INGREDIENTS, name, Allergen, Id_COOKING_SPACES) values (160, 'Pork - Kidney', 'Old Man''s Whiskers', 21);
insert into INGREDIENTS (Id_INGREDIENTS, name, Allergen, Id_COOKING_SPACES) values (161, 'Lettuce - Curly Endive', 'Blueflower Butterwort', 12);
insert into INGREDIENTS (Id_INGREDIENTS, name, Allergen, Id_COOKING_SPACES) values (162, 'Asparagus - White, Canned', 'Green Needlegrass', 20);
insert into INGREDIENTS (Id_INGREDIENTS, name, Allergen, Id_COOKING_SPACES) values (163, 'Chivas Regal - 12 Year Old', 'Rimmed Lichen', 45);
insert into INGREDIENTS (Id_INGREDIENTS, name, Allergen, Id_COOKING_SPACES) values (164, 'Beer - Creemore', 'Dugway Buckwheat', 19);
insert into INGREDIENTS (Id_INGREDIENTS, name, Allergen, Id_COOKING_SPACES) values (165, 'Pork - Bones', 'Cliff Fern', 13);
insert into INGREDIENTS (Id_INGREDIENTS, name, Allergen, Id_COOKING_SPACES) values (166, 'Beer - True North Strong Ale', 'Black Spruce', 46);
insert into INGREDIENTS (Id_INGREDIENTS, name, Allergen, Id_COOKING_SPACES) values (167, 'Grapes - Red', 'Larch Dwarf Mistletoe', 6);
insert into INGREDIENTS (Id_INGREDIENTS, name, Allergen, Id_COOKING_SPACES) values (168, 'Basil - Thai', 'Missouri Violet', 9);
insert into INGREDIENTS (Id_INGREDIENTS, name, Allergen, Id_COOKING_SPACES) values (169, 'Bread - Calabrese Baguette', 'Eastern Poison Ivy', 11);
insert into INGREDIENTS (Id_INGREDIENTS, name, Allergen, Id_COOKING_SPACES) values (170, 'Puree - Mango', 'Dotted Melaleuca', 27);
insert into INGREDIENTS (Id_INGREDIENTS, name, Allergen, Id_COOKING_SPACES) values (171, 'Cheese - La Sauvagine', 'Little Reddish Indian Paintbrush', 3);
insert into INGREDIENTS (Id_INGREDIENTS, name, Allergen, Id_COOKING_SPACES) values (172, 'Chips - Doritos', 'Fourwing Saltbush', 26);
insert into INGREDIENTS (Id_INGREDIENTS, name, Allergen, Id_COOKING_SPACES) values (173, 'Beef - Bones, Marrow', 'Dot Lichen', 35);
insert into INGREDIENTS (Id_INGREDIENTS, name, Allergen, Id_COOKING_SPACES) values (174, 'Pasta - Cheese / Spinach Bauletti', 'Sedge', 4);
insert into INGREDIENTS (Id_INGREDIENTS, name, Allergen, Id_COOKING_SPACES) values (175, 'Cake - Sheet Strawberry', 'Waianae Range Delissea', 40);
insert into INGREDIENTS (Id_INGREDIENTS, name, Allergen, Id_COOKING_SPACES) values (176, 'Chips - Potato Jalapeno', 'Flatspine Stickseed', 14);
insert into INGREDIENTS (Id_INGREDIENTS, name, Allergen, Id_COOKING_SPACES) values (177, 'Dates', 'Rhachithecium Moss', 40);
insert into INGREDIENTS (Id_INGREDIENTS, name, Allergen, Id_COOKING_SPACES) values (178, 'V8 Pet', 'Sematophyllum Moss', 27);
insert into INGREDIENTS (Id_INGREDIENTS, name, Allergen, Id_COOKING_SPACES) values (179, 'Milk - Buttermilk', 'Germander Meadowsweet', 9);
insert into INGREDIENTS (Id_INGREDIENTS, name, Allergen, Id_COOKING_SPACES) values (180, 'Wine - Casillero Deldiablo', 'Coral Phyllopsora Lichen', 25);
insert into INGREDIENTS (Id_INGREDIENTS, name, Allergen, Id_COOKING_SPACES) values (181, 'Lid - Translucent, 3.5 And 6 Oz', 'Bursting-heart', 15);
insert into INGREDIENTS (Id_INGREDIENTS, name, Allergen, Id_COOKING_SPACES) values (182, 'Bread - Triangle White', 'Needle And Thread', 37);
insert into INGREDIENTS (Id_INGREDIENTS, name, Allergen, Id_COOKING_SPACES) values (183, 'Bread Ww Cluster', 'Kawelu', 5);
insert into INGREDIENTS (Id_INGREDIENTS, name, Allergen, Id_COOKING_SPACES) values (184, 'Urban Zen Drinks', 'Woodland Dewberry', 38);
insert into INGREDIENTS (Id_INGREDIENTS, name, Allergen, Id_COOKING_SPACES) values (185, 'Quail - Whole, Bone - In', 'Rat-tail Grass', 9);
insert into INGREDIENTS (Id_INGREDIENTS, name, Allergen, Id_COOKING_SPACES) values (186, 'Smoked Tongue', 'Canadian Arctic Draba', 15);
insert into INGREDIENTS (Id_INGREDIENTS, name, Allergen, Id_COOKING_SPACES) values (187, 'Pie Shell - 5', 'Rim Lichen', 47);
insert into INGREDIENTS (Id_INGREDIENTS, name, Allergen, Id_COOKING_SPACES) values (188, 'Bread - Frozen Basket Variety', 'Hobsonia Lichen', 37);
insert into INGREDIENTS (Id_INGREDIENTS, name, Allergen, Id_COOKING_SPACES) values (189, 'Pepper - Pablano', 'Cleveland''s Beardtongue', 24);
insert into INGREDIENTS (Id_INGREDIENTS, name, Allergen, Id_COOKING_SPACES) values (190, 'Wine - Masi Valpolocell', 'Plains Dozedaisy', 4);
insert into INGREDIENTS (Id_INGREDIENTS, name, Allergen, Id_COOKING_SPACES) values (191, 'Salmon - Smoked, Sliced', 'Panicled Sandmallow', 47);
insert into INGREDIENTS (Id_INGREDIENTS, name, Allergen, Id_COOKING_SPACES) values (192, 'Chicken - White Meat, No Tender', 'Loose Watermilfoil', 43);
insert into INGREDIENTS (Id_INGREDIENTS, name, Allergen, Id_COOKING_SPACES) values (193, 'Wood Chips - Regular', 'Red Buckthorn', 34);
insert into INGREDIENTS (Id_INGREDIENTS, name, Allergen, Id_COOKING_SPACES) values (194, 'Energy Drink Red Bull', 'Mt. Kaala Cyanea', 28);
insert into INGREDIENTS (Id_INGREDIENTS, name, Allergen, Id_COOKING_SPACES) values (195, 'Chocolate - Semi Sweet, Calets', 'Clubmoss Mousetail', 42);
insert into INGREDIENTS (Id_INGREDIENTS, name, Allergen, Id_COOKING_SPACES) values (196, 'Lobster - Baby, Boiled', 'Bushy Seaside Tansy', 7);
insert into INGREDIENTS (Id_INGREDIENTS, name, Allergen, Id_COOKING_SPACES) values (197, 'Yams', 'Michaux''s Parmotrema Lichen', 10);
insert into INGREDIENTS (Id_INGREDIENTS, name, Allergen, Id_COOKING_SPACES) values (198, 'Chicken - Breast, 5 - 7 Oz', 'Arctic Cratoneuron Moss', 25);
insert into INGREDIENTS (Id_INGREDIENTS, name, Allergen, Id_COOKING_SPACES) values (199, 'Potatoes - Yukon Gold 5 Oz', 'New Mexico Locust', 11);
insert into INGREDIENTS (Id_INGREDIENTS, name, Allergen, Id_COOKING_SPACES) values (200, 'Sausage - Meat', 'Rogue River Lupine', 37);
insert into COOKING_ITEMS (Id_COOKING_ITEMS, name, status, Id_COOKING_SPACES) values (1, 'Triamcinolone Acetonide', 'Male', 31);
insert into COOKING_ITEMS (Id_COOKING_ITEMS, name, status, Id_COOKING_SPACES) values (2, 'Aspirin', 'Female', 39);
insert into COOKING_ITEMS (Id_COOKING_ITEMS, name, status, Id_COOKING_SPACES) values (3, 'All Day Moisturizing', 'Male', 40);
insert into COOKING_ITEMS (Id_COOKING_ITEMS, name, status, Id_COOKING_SPACES) values (4, 'Oxygen', 'Female', 26);
insert into COOKING_ITEMS (Id_COOKING_ITEMS, name, status, Id_COOKING_SPACES) values (5, 'ZALEPLON', 'Female', 46);
insert into COOKING_ITEMS (Id_COOKING_ITEMS, name, status, Id_COOKING_SPACES) values (6, 'elimite', 'Male', 41);
insert into COOKING_ITEMS (Id_COOKING_ITEMS, name, status, Id_COOKING_SPACES) values (7, 'Night Time Cherry', 'Male', 28);
insert into COOKING_ITEMS (Id_COOKING_ITEMS, name, status, Id_COOKING_SPACES) values (8, 'pain relief', 'Female', 26);
insert into COOKING_ITEMS (Id_COOKING_ITEMS, name, status, Id_COOKING_SPACES) values (9, 'Body Balance', 'Male', 3);
insert into COOKING_ITEMS (Id_COOKING_ITEMS, name, status, Id_COOKING_SPACES) values (10, 'Lorazepam', 'Male', 38);
insert into COOKING_ITEMS (Id_COOKING_ITEMS, name, status, Id_COOKING_SPACES) values (11, 'Metoprolol Tartrate', 'Female', 1);
insert into COOKING_ITEMS (Id_COOKING_ITEMS, name, status, Id_COOKING_SPACES) values (12, 'Pain Reileving Herbal Oil', 'Male', 21);
insert into COOKING_ITEMS (Id_COOKING_ITEMS, name, status, Id_COOKING_SPACES) values (13, 'Irinotecan Hydrochloride', 'Male', 21);
insert into COOKING_ITEMS (Id_COOKING_ITEMS, name, status, Id_COOKING_SPACES) values (14, 'Menopause', 'Female', 3);
insert into COOKING_ITEMS (Id_COOKING_ITEMS, name, status, Id_COOKING_SPACES) values (15, 'Instant Hand Sanitizer KickPrints', 'Female', 28);
insert into COOKING_ITEMS (Id_COOKING_ITEMS, name, status, Id_COOKING_SPACES) values (16, 'NUTRALOX', 'Male', 8);
insert into COOKING_ITEMS (Id_COOKING_ITEMS, name, status, Id_COOKING_SPACES) values (17, 'Zincum Metallicum Kit Refill', 'Male', 49);
insert into COOKING_ITEMS (Id_COOKING_ITEMS, name, status, Id_COOKING_SPACES) values (18, 'Antiseptic', 'Male', 29);
insert into COOKING_ITEMS (Id_COOKING_ITEMS, name, status, Id_COOKING_SPACES) values (19, 'BPO Creamy Wash Complete Pack', 'Male', 27);
insert into COOKING_ITEMS (Id_COOKING_ITEMS, name, status, Id_COOKING_SPACES) values (20, 'QVAR', 'Female', 25);
insert into COOKING_ITEMS (Id_COOKING_ITEMS, name, status, Id_COOKING_SPACES) values (21, 'Clonidine Hydrochloride', 'Female', 23);
insert into COOKING_ITEMS (Id_COOKING_ITEMS, name, status, Id_COOKING_SPACES) values (22, 'OXYGEN', 'Male', 7);
insert into COOKING_ITEMS (Id_COOKING_ITEMS, name, status, Id_COOKING_SPACES) values (23, 'lisinopril', 'Male', 2);
insert into COOKING_ITEMS (Id_COOKING_ITEMS, name, status, Id_COOKING_SPACES) values (24, 'Gabapentin', 'Female', 3);
insert into COOKING_ITEMS (Id_COOKING_ITEMS, name, status, Id_COOKING_SPACES) values (25, 'Stool Softener Plus Stimulant Laxative', 'Female', 23);
insert into COOKING_ITEMS (Id_COOKING_ITEMS, name, status, Id_COOKING_SPACES) values (26, 'Diazepam', 'Male', 14);
insert into COOKING_ITEMS (Id_COOKING_ITEMS, name, status, Id_COOKING_SPACES) values (27, 'Kids Anticavity', 'Female', 44);
insert into COOKING_ITEMS (Id_COOKING_ITEMS, name, status, Id_COOKING_SPACES) values (28, 'Permethrin', 'Female', 43);
insert into COOKING_ITEMS (Id_COOKING_ITEMS, name, status, Id_COOKING_SPACES) values (29, 'Wounds Recovery', 'Male', 14);
insert into COOKING_ITEMS (Id_COOKING_ITEMS, name, status, Id_COOKING_SPACES) values (30, 'Lisinopril', 'Male', 42);
insert into COOKING_ITEMS (Id_COOKING_ITEMS, name, status, Id_COOKING_SPACES) values (31, 'Chemdetox', 'Female', 19);
insert into COOKING_ITEMS (Id_COOKING_ITEMS, name, status, Id_COOKING_SPACES) values (32, 'Levetiracetam', 'Female', 36);
insert into COOKING_ITEMS (Id_COOKING_ITEMS, name, status, Id_COOKING_SPACES) values (33, 'mometasone furoate', 'Female', 12);
insert into COOKING_ITEMS (Id_COOKING_ITEMS, name, status, Id_COOKING_SPACES) values (34, 'Finasteride', 'Female', 27);
insert into COOKING_ITEMS (Id_COOKING_ITEMS, name, status, Id_COOKING_SPACES) values (35, 'RECOMBIVAX HB', 'Female', 34);
insert into COOKING_ITEMS (Id_COOKING_ITEMS, name, status, Id_COOKING_SPACES) values (36, 'Allergy Eye Drops', 'Male', 42);
insert into COOKING_ITEMS (Id_COOKING_ITEMS, name, status, Id_COOKING_SPACES) values (37, 'Bystolic', 'Male', 4);
insert into COOKING_ITEMS (Id_COOKING_ITEMS, name, status, Id_COOKING_SPACES) values (38, 'RITUALS Essential Anti-Aging Day SPF 15 sunscreen broad spectrum normal to dry skin', 'Male', 4);
insert into COOKING_ITEMS (Id_COOKING_ITEMS, name, status, Id_COOKING_SPACES) values (39, 'up and up ibuprofen pm', 'Female', 16);
insert into COOKING_ITEMS (Id_COOKING_ITEMS, name, status, Id_COOKING_SPACES) values (40, 'ORAL ASSIST', 'Female', 1);
insert into COOKING_ITEMS (Id_COOKING_ITEMS, name, status, Id_COOKING_SPACES) values (41, 'PRENATE Enhance', 'Male', 29);
insert into COOKING_ITEMS (Id_COOKING_ITEMS, name, status, Id_COOKING_SPACES) values (42, 'Animal Allergens, AP Cattle Hair and Dander', 'Male', 38);
insert into COOKING_ITEMS (Id_COOKING_ITEMS, name, status, Id_COOKING_SPACES) values (43, 'Sani Soft', 'Female', 40);
insert into COOKING_ITEMS (Id_COOKING_ITEMS, name, status, Id_COOKING_SPACES) values (44, 'COUGH HP', 'Female', 16);
insert into COOKING_ITEMS (Id_COOKING_ITEMS, name, status, Id_COOKING_SPACES) values (45, 'All Day Allergy Relief', 'Male', 24);
insert into COOKING_ITEMS (Id_COOKING_ITEMS, name, status, Id_COOKING_SPACES) values (46, 'Lunesta', 'Female', 13);
insert into COOKING_ITEMS (Id_COOKING_ITEMS, name, status, Id_COOKING_SPACES) values (47, 'Linea Jose Ignacio Sunscreen Broad Spectrum SPF30', 'Female', 8);
insert into COOKING_ITEMS (Id_COOKING_ITEMS, name, status, Id_COOKING_SPACES) values (48, 'Back and Neck Rescue', 'Female', 27);
insert into COOKING_ITEMS (Id_COOKING_ITEMS, name, status, Id_COOKING_SPACES) values (49, 'Rabbit Epithelium', 'Female', 20);
insert into COOKING_ITEMS (Id_COOKING_ITEMS, name, status, Id_COOKING_SPACES) values (50, 'Perphenazine', 'Male', 32);
insert into COOKING_ITEMS (Id_COOKING_ITEMS, name, status, Id_COOKING_SPACES) values (51, 'Pure petroleum', 'Male', 42);
insert into COOKING_ITEMS (Id_COOKING_ITEMS, name, status, Id_COOKING_SPACES) values (52, 'ReCreate Foundation', 'Male', 28);
insert into COOKING_ITEMS (Id_COOKING_ITEMS, name, status, Id_COOKING_SPACES) values (53, 'hydrocodone bitartrate and acetaminophen', 'Female', 10);
insert into COOKING_ITEMS (Id_COOKING_ITEMS, name, status, Id_COOKING_SPACES) values (54, 'Topcare Allergy', 'Female', 49);
insert into COOKING_ITEMS (Id_COOKING_ITEMS, name, status, Id_COOKING_SPACES) values (55, 'Glycopyrrolate', 'Female', 7);
insert into COOKING_ITEMS (Id_COOKING_ITEMS, name, status, Id_COOKING_SPACES) values (56, 'Vasopressin', 'Female', 26);
insert into COOKING_ITEMS (Id_COOKING_ITEMS, name, status, Id_COOKING_SPACES) values (57, 'California Mugwort', 'Male', 13);
insert into COOKING_ITEMS (Id_COOKING_ITEMS, name, status, Id_COOKING_SPACES) values (58, 'Oily SK Balancing I', 'Female', 6);
insert into COOKING_ITEMS (Id_COOKING_ITEMS, name, status, Id_COOKING_SPACES) values (59, 'Tretinoin', 'Female', 22);
insert into COOKING_ITEMS (Id_COOKING_ITEMS, name, status, Id_COOKING_SPACES) values (60, 'ACT Total Care Anticavity Fluoride Icy Clean Mint', 'Female', 26);
insert into COOKING_ITEMS (Id_COOKING_ITEMS, name, status, Id_COOKING_SPACES) values (61, 'Gentamicin', 'Male', 26);
insert into COOKING_ITEMS (Id_COOKING_ITEMS, name, status, Id_COOKING_SPACES) values (62, 'Cefuroxime', 'Male', 23);
insert into COOKING_ITEMS (Id_COOKING_ITEMS, name, status, Id_COOKING_SPACES) values (63, 'IDkit HP ONE', 'Female', 30);
insert into COOKING_ITEMS (Id_COOKING_ITEMS, name, status, Id_COOKING_SPACES) values (64, 'Nicotine', 'Female', 29);
insert into COOKING_ITEMS (Id_COOKING_ITEMS, name, status, Id_COOKING_SPACES) values (65, 'Ammonium Lactate', 'Female', 3);
insert into COOKING_ITEMS (Id_COOKING_ITEMS, name, status, Id_COOKING_SPACES) values (66, 'Benadryl', 'Female', 27);
insert into COOKING_ITEMS (Id_COOKING_ITEMS, name, status, Id_COOKING_SPACES) values (67, 'Premier Value Cold Sore Treatment', 'Female', 17);
insert into COOKING_ITEMS (Id_COOKING_ITEMS, name, status, Id_COOKING_SPACES) values (68, 'Carvedilol', 'Male', 24);
insert into COOKING_ITEMS (Id_COOKING_ITEMS, name, status, Id_COOKING_SPACES) values (69, 'ELF TINTED MOISTURIZER', 'Male', 4);
insert into COOKING_ITEMS (Id_COOKING_ITEMS, name, status, Id_COOKING_SPACES) values (70, 'PERIPLANETA AMERICANA', 'Male', 36);
insert into COOKING_ITEMS (Id_COOKING_ITEMS, name, status, Id_COOKING_SPACES) values (71, 'Naturasil', 'Male', 25);
insert into COOKING_ITEMS (Id_COOKING_ITEMS, name, status, Id_COOKING_SPACES) values (72, 'Lufyllin', 'Female', 33);
insert into COOKING_ITEMS (Id_COOKING_ITEMS, name, status, Id_COOKING_SPACES) values (73, 'Magnesium Citrate', 'Female', 8);
insert into COOKING_ITEMS (Id_COOKING_ITEMS, name, status, Id_COOKING_SPACES) values (74, 'Naprelan', 'Female', 33);
insert into COOKING_ITEMS (Id_COOKING_ITEMS, name, status, Id_COOKING_SPACES) values (75, 'kirkland signature acetaminophen', 'Male', 21);
insert into COOKING_ITEMS (Id_COOKING_ITEMS, name, status, Id_COOKING_SPACES) values (76, 'Select Brand Povidone Iodine', 'Male', 26);
insert into COOKING_ITEMS (Id_COOKING_ITEMS, name, status, Id_COOKING_SPACES) values (77, 'Up and Up Zinc Cold Remedy', 'Female', 7);
insert into COOKING_ITEMS (Id_COOKING_ITEMS, name, status, Id_COOKING_SPACES) values (78, 'Dantrium', 'Male', 39);
insert into COOKING_ITEMS (Id_COOKING_ITEMS, name, status, Id_COOKING_SPACES) values (79, 'Thermazene', 'Female', 16);
insert into COOKING_ITEMS (Id_COOKING_ITEMS, name, status, Id_COOKING_SPACES) values (80, 'ALA-HIST PE', 'Male', 18);
insert into COOKING_ITEMS (Id_COOKING_ITEMS, name, status, Id_COOKING_SPACES) values (81, 'Wal-Dryl', 'Male', 32);
insert into COOKING_ITEMS (Id_COOKING_ITEMS, name, status, Id_COOKING_SPACES) values (82, 'Relaxatone', 'Female', 38);
insert into COOKING_ITEMS (Id_COOKING_ITEMS, name, status, Id_COOKING_SPACES) values (83, 'Derma 1 Healthcare Hand Wash', 'Female', 14);
insert into COOKING_ITEMS (Id_COOKING_ITEMS, name, status, Id_COOKING_SPACES) values (84, 'Amiodarone Hydrochloride', 'Female', 27);
insert into COOKING_ITEMS (Id_COOKING_ITEMS, name, status, Id_COOKING_SPACES) values (85, 'Methylprednisolone', 'Female', 47);
insert into COOKING_ITEMS (Id_COOKING_ITEMS, name, status, Id_COOKING_SPACES) values (86, 'Ibuprofen', 'Male', 11);
insert into COOKING_ITEMS (Id_COOKING_ITEMS, name, status, Id_COOKING_SPACES) values (87, 'No7 Lifting and Firming Foundation Sunscreen SPF 15 Almond', 'Female', 23);
insert into COOKING_ITEMS (Id_COOKING_ITEMS, name, status, Id_COOKING_SPACES) values (88, 'MyOmega', 'Female', 36);
insert into COOKING_ITEMS (Id_COOKING_ITEMS, name, status, Id_COOKING_SPACES) values (89, 'Levofloxacin', 'Male', 44);
insert into COOKING_ITEMS (Id_COOKING_ITEMS, name, status, Id_COOKING_SPACES) values (90, 'Anti-Itch', 'Female', 44);
insert into COOKING_ITEMS (Id_COOKING_ITEMS, name, status, Id_COOKING_SPACES) values (91, 'SUNSHINY DAY SCENTED HAND SANITIZER', 'Male', 46);
insert into COOKING_ITEMS (Id_COOKING_ITEMS, name, status, Id_COOKING_SPACES) values (92, 'Elta MD UV Clear', 'Male', 29);
insert into COOKING_ITEMS (Id_COOKING_ITEMS, name, status, Id_COOKING_SPACES) values (93, 'Pleo San Trich', 'Male', 10);
insert into COOKING_ITEMS (Id_COOKING_ITEMS, name, status, Id_COOKING_SPACES) values (94, 'Naloxone Hydrochloride', 'Female', 27);
insert into COOKING_ITEMS (Id_COOKING_ITEMS, name, status, Id_COOKING_SPACES) values (95, 'enfuselle BODY SUNSCREEN BROAD SPECTRUM SPF 30', 'Male', 25);
insert into COOKING_ITEMS (Id_COOKING_ITEMS, name, status, Id_COOKING_SPACES) values (96, 'Risperidone', 'Female', 25);
insert into COOKING_ITEMS (Id_COOKING_ITEMS, name, status, Id_COOKING_SPACES) values (97, 'pain relief', 'Male', 13);
insert into COOKING_ITEMS (Id_COOKING_ITEMS, name, status, Id_COOKING_SPACES) values (98, 'NATRUM MURIATICUM', 'Male', 8);
insert into COOKING_ITEMS (Id_COOKING_ITEMS, name, status, Id_COOKING_SPACES) values (99, 'HUMCO Camphor Spirit', 'Female', 25);
insert into COOKING_ITEMS (Id_COOKING_ITEMS, name, status, Id_COOKING_SPACES) values (100, 'Tizanidine', 'Male', 35);
insert into COOKING_ITEMS (Id_COOKING_ITEMS, name, status, Id_COOKING_SPACES) values (101, 'Suphedrine PE', 'Male', 6);
insert into COOKING_ITEMS (Id_COOKING_ITEMS, name, status, Id_COOKING_SPACES) values (102, 'Rydex', 'Male', 39);
insert into COOKING_ITEMS (Id_COOKING_ITEMS, name, status, Id_COOKING_SPACES) values (103, 'Dextrose and Sodium Chloride', 'Female', 16);
insert into COOKING_ITEMS (Id_COOKING_ITEMS, name, status, Id_COOKING_SPACES) values (104, 'G-ZYNCOF', 'Female', 12);
insert into COOKING_ITEMS (Id_COOKING_ITEMS, name, status, Id_COOKING_SPACES) values (105, 'Lyrica', 'Female', 39);
insert into COOKING_ITEMS (Id_COOKING_ITEMS, name, status, Id_COOKING_SPACES) values (106, 'KALI MURIATICUM', 'Female', 39);
insert into COOKING_ITEMS (Id_COOKING_ITEMS, name, status, Id_COOKING_SPACES) values (107, 'Carvedilol', 'Female', 43);
insert into COOKING_ITEMS (Id_COOKING_ITEMS, name, status, Id_COOKING_SPACES) values (108, 'Lanacane First Aid', 'Male', 44);
insert into COOKING_ITEMS (Id_COOKING_ITEMS, name, status, Id_COOKING_SPACES) values (109, 'Linezolid', 'Female', 3);
insert into COOKING_ITEMS (Id_COOKING_ITEMS, name, status, Id_COOKING_SPACES) values (110, 'Nitrogen', 'Female', 23);
insert into COOKING_ITEMS (Id_COOKING_ITEMS, name, status, Id_COOKING_SPACES) values (111, 'HYSAN DEGUO POROUS CAPSICUM', 'Male', 6);
insert into COOKING_ITEMS (Id_COOKING_ITEMS, name, status, Id_COOKING_SPACES) values (112, 'Ceramide Lift And Firm Makeup Broad Sprectrum Sunscreen SPF 15 Sandstone', 'Male', 50);
insert into COOKING_ITEMS (Id_COOKING_ITEMS, name, status, Id_COOKING_SPACES) values (113, 'TISSEEL', 'Female', 41);
insert into COOKING_ITEMS (Id_COOKING_ITEMS, name, status, Id_COOKING_SPACES) values (114, 'Sodium Chloride', 'Female', 37);
insert into COOKING_ITEMS (Id_COOKING_ITEMS, name, status, Id_COOKING_SPACES) values (115, 'Clindamycin Hydrochloride', 'Male', 24);
insert into COOKING_ITEMS (Id_COOKING_ITEMS, name, status, Id_COOKING_SPACES) values (116, 'GERMAN COCKROACH', 'Female', 12);
insert into COOKING_ITEMS (Id_COOKING_ITEMS, name, status, Id_COOKING_SPACES) values (117, 'antacid', 'Female', 17);
insert into COOKING_ITEMS (Id_COOKING_ITEMS, name, status, Id_COOKING_SPACES) values (118, 'Right Guard Xtreme Clear', 'Male', 44);
insert into COOKING_ITEMS (Id_COOKING_ITEMS, name, status, Id_COOKING_SPACES) values (119, 'ATOMY SUNSCREEN', 'Female', 7);
insert into COOKING_ITEMS (Id_COOKING_ITEMS, name, status, Id_COOKING_SPACES) values (120, 'Allergies Fragrances and Phenolics', 'Male', 8);
insert into COOKING_ITEMS (Id_COOKING_ITEMS, name, status, Id_COOKING_SPACES) values (121, 'equaline anti itch', 'Female', 33);
insert into COOKING_ITEMS (Id_COOKING_ITEMS, name, status, Id_COOKING_SPACES) values (122, 'Pain Relief PM', 'Male', 19);
insert into COOKING_ITEMS (Id_COOKING_ITEMS, name, status, Id_COOKING_SPACES) values (123, 'Stool Softener', 'Female', 7);
insert into COOKING_ITEMS (Id_COOKING_ITEMS, name, status, Id_COOKING_SPACES) values (124, 'Ceftriaxone', 'Male', 49);
insert into COOKING_ITEMS (Id_COOKING_ITEMS, name, status, Id_COOKING_SPACES) values (125, 'Mickey Sun Smacker SPF 24 Classic Vanilla', 'Male', 37);
insert into COOKING_ITEMS (Id_COOKING_ITEMS, name, status, Id_COOKING_SPACES) values (126, 'Multi-Specialty Kit', 'Female', 26);
insert into COOKING_ITEMS (Id_COOKING_ITEMS, name, status, Id_COOKING_SPACES) values (127, 'BOTANICAL FRESH BB SET', 'Male', 50);
insert into COOKING_ITEMS (Id_COOKING_ITEMS, name, status, Id_COOKING_SPACES) values (128, 'Nuvigil', 'Female', 25);
insert into COOKING_ITEMS (Id_COOKING_ITEMS, name, status, Id_COOKING_SPACES) values (129, 'Torsemide', 'Female', 33);
insert into COOKING_ITEMS (Id_COOKING_ITEMS, name, status, Id_COOKING_SPACES) values (130, 'Prazosin Hydrochloride', 'Male', 5);
insert into COOKING_ITEMS (Id_COOKING_ITEMS, name, status, Id_COOKING_SPACES) values (131, 'GRANISETRON HYDROCHLORIDE', 'Female', 7);
insert into COOKING_ITEMS (Id_COOKING_ITEMS, name, status, Id_COOKING_SPACES) values (132, 'Anti Chafe Balm', 'Male', 23);
insert into COOKING_ITEMS (Id_COOKING_ITEMS, name, status, Id_COOKING_SPACES) values (133, 'MUCUS RELIEF', 'Female', 43);
insert into COOKING_ITEMS (Id_COOKING_ITEMS, name, status, Id_COOKING_SPACES) values (134, 'Tizanidine', 'Female', 27);
insert into COOKING_ITEMS (Id_COOKING_ITEMS, name, status, Id_COOKING_SPACES) values (135, 'Ropinirole Hydrochloride', 'Male', 45);
insert into COOKING_ITEMS (Id_COOKING_ITEMS, name, status, Id_COOKING_SPACES) values (136, 'Ceftriaxone Sodium', 'Male', 25);
insert into COOKING_ITEMS (Id_COOKING_ITEMS, name, status, Id_COOKING_SPACES) values (137, 'Rimmel London', 'Male', 26);
insert into COOKING_ITEMS (Id_COOKING_ITEMS, name, status, Id_COOKING_SPACES) values (138, 'Visine Tears', 'Male', 14);
insert into COOKING_ITEMS (Id_COOKING_ITEMS, name, status, Id_COOKING_SPACES) values (139, 'Probenecid', 'Female', 23);
insert into COOKING_ITEMS (Id_COOKING_ITEMS, name, status, Id_COOKING_SPACES) values (140, 'Naturasil', 'Male', 12);
insert into COOKING_ITEMS (Id_COOKING_ITEMS, name, status, Id_COOKING_SPACES) values (141, 'equaline allergy', 'Female', 29);
insert into COOKING_ITEMS (Id_COOKING_ITEMS, name, status, Id_COOKING_SPACES) values (142, 'Nitrogen', 'Female', 31);
insert into COOKING_ITEMS (Id_COOKING_ITEMS, name, status, Id_COOKING_SPACES) values (143, 'SKIN MEDICA Purifying Foaming Wash', 'Male', 27);
insert into COOKING_ITEMS (Id_COOKING_ITEMS, name, status, Id_COOKING_SPACES) values (144, 'Apis Regina Cerebri', 'Female', 36);
insert into COOKING_ITEMS (Id_COOKING_ITEMS, name, status, Id_COOKING_SPACES) values (145, 'ACNE RELIEF', 'Male', 8);
insert into COOKING_ITEMS (Id_COOKING_ITEMS, name, status, Id_COOKING_SPACES) values (146, 'Baby Care Healing', 'Male', 10);
insert into COOKING_ITEMS (Id_COOKING_ITEMS, name, status, Id_COOKING_SPACES) values (147, 'Instant Hand Sanitizer Lemon Drop', 'Male', 40);
insert into COOKING_ITEMS (Id_COOKING_ITEMS, name, status, Id_COOKING_SPACES) values (148, 'Goldenrod', 'Male', 30);
insert into COOKING_ITEMS (Id_COOKING_ITEMS, name, status, Id_COOKING_SPACES) values (149, 'Up and Up Anticavity Toothpaste Multi Function', 'Male', 48);
insert into COOKING_ITEMS (Id_COOKING_ITEMS, name, status, Id_COOKING_SPACES) values (150, 'Cough and Sore Throat Daytime', 'Male', 7);
insert into COOKING_ITEMS (Id_COOKING_ITEMS, name, status, Id_COOKING_SPACES) values (151, 'Chestnut Beeswax', 'Male', 19);
insert into COOKING_ITEMS (Id_COOKING_ITEMS, name, status, Id_COOKING_SPACES) values (152, 'Atenolol and Chlorthalidone', 'Male', 40);
insert into COOKING_ITEMS (Id_COOKING_ITEMS, name, status, Id_COOKING_SPACES) values (153, 'Fluticasone Propionate', 'Male', 23);
insert into COOKING_ITEMS (Id_COOKING_ITEMS, name, status, Id_COOKING_SPACES) values (154, 'Ecolab', 'Male', 10);
insert into COOKING_ITEMS (Id_COOKING_ITEMS, name, status, Id_COOKING_SPACES) values (155, 'AMOXICILLIN AND CLAVULANATE POTASSIUM', 'Female', 26);
insert into COOKING_ITEMS (Id_COOKING_ITEMS, name, status, Id_COOKING_SPACES) values (156, 'Genuine First Aid - Auto First Aid', 'Male', 21);
insert into COOKING_ITEMS (Id_COOKING_ITEMS, name, status, Id_COOKING_SPACES) values (157, 'Terbutaline Sulfate', 'Female', 3);
insert into COOKING_ITEMS (Id_COOKING_ITEMS, name, status, Id_COOKING_SPACES) values (158, 'ibuprofen', 'Female', 50);
insert into COOKING_ITEMS (Id_COOKING_ITEMS, name, status, Id_COOKING_SPACES) values (159, 'Revatio', 'Female', 45);
insert into COOKING_ITEMS (Id_COOKING_ITEMS, name, status, Id_COOKING_SPACES) values (160, 'Helleborus e pl. tota 2', 'Male', 32);
insert into COOKING_ITEMS (Id_COOKING_ITEMS, name, status, Id_COOKING_SPACES) values (161, 'Cold Sore Treatment', 'Male', 21);
insert into COOKING_ITEMS (Id_COOKING_ITEMS, name, status, Id_COOKING_SPACES) values (162, 'Toposar', 'Male', 38);
insert into COOKING_ITEMS (Id_COOKING_ITEMS, name, status, Id_COOKING_SPACES) values (163, 'LBEL NATURAL FINISH MOISTURIZING FOUNDATION SPF 25', 'Female', 1);
insert into COOKING_ITEMS (Id_COOKING_ITEMS, name, status, Id_COOKING_SPACES) values (164, 'Firefly Angry Birds Fluoride', 'Male', 6);
insert into COOKING_ITEMS (Id_COOKING_ITEMS, name, status, Id_COOKING_SPACES) values (165, 'Oxygen', 'Male', 44);
insert into COOKING_ITEMS (Id_COOKING_ITEMS, name, status, Id_COOKING_SPACES) values (166, 'Hydrochlorothiazide', 'Female', 42);
insert into COOKING_ITEMS (Id_COOKING_ITEMS, name, status, Id_COOKING_SPACES) values (167, 'Gastrografin', 'Male', 30);
insert into COOKING_ITEMS (Id_COOKING_ITEMS, name, status, Id_COOKING_SPACES) values (168, 'Leader Antacid', 'Female', 41);
insert into COOKING_ITEMS (Id_COOKING_ITEMS, name, status, Id_COOKING_SPACES) values (169, 'Physicians EZ Use Flu Kit', 'Male', 43);
insert into COOKING_ITEMS (Id_COOKING_ITEMS, name, status, Id_COOKING_SPACES) values (170, 'GOOD AFTERNOON BERRY BERRY TEA BB', 'Female', 10);
insert into COOKING_ITEMS (Id_COOKING_ITEMS, name, status, Id_COOKING_SPACES) values (171, 'Soothanol X2', 'Male', 24);
insert into COOKING_ITEMS (Id_COOKING_ITEMS, name, status, Id_COOKING_SPACES) values (172, 'Lansoprazole', 'Female', 1);
insert into COOKING_ITEMS (Id_COOKING_ITEMS, name, status, Id_COOKING_SPACES) values (173, 'Wartrol', 'Male', 50);
insert into COOKING_ITEMS (Id_COOKING_ITEMS, name, status, Id_COOKING_SPACES) values (174, 'Food Processing', 'Male', 26);
insert into COOKING_ITEMS (Id_COOKING_ITEMS, name, status, Id_COOKING_SPACES) values (175, 'povidine iodine', 'Male', 23);
insert into COOKING_ITEMS (Id_COOKING_ITEMS, name, status, Id_COOKING_SPACES) values (176, 'Ammonium Lactate', 'Male', 19);
insert into COOKING_ITEMS (Id_COOKING_ITEMS, name, status, Id_COOKING_SPACES) values (177, 'Hydrocodone Bitartate and Acetaminophen', 'Male', 16);
insert into COOKING_ITEMS (Id_COOKING_ITEMS, name, status, Id_COOKING_SPACES) values (178, 'Warfarin Sodium', 'Female', 35);
insert into COOKING_ITEMS (Id_COOKING_ITEMS, name, status, Id_COOKING_SPACES) values (179, 'Zometa', 'Male', 44);
insert into COOKING_ITEMS (Id_COOKING_ITEMS, name, status, Id_COOKING_SPACES) values (180, 'CALIFORNIA ALOE POWER LASTING SUN BLOCK', 'Male', 15);
insert into COOKING_ITEMS (Id_COOKING_ITEMS, name, status, Id_COOKING_SPACES) values (181, 'Secale Argentum Special Order', 'Male', 35);
insert into COOKING_ITEMS (Id_COOKING_ITEMS, name, status, Id_COOKING_SPACES) values (182, 'sinus and allergy pe', 'Male', 46);
insert into COOKING_ITEMS (Id_COOKING_ITEMS, name, status, Id_COOKING_SPACES) values (183, 'Urban Defense', 'Female', 34);
insert into COOKING_ITEMS (Id_COOKING_ITEMS, name, status, Id_COOKING_SPACES) values (184, 'Hemvento', 'Male', 39);
insert into COOKING_ITEMS (Id_COOKING_ITEMS, name, status, Id_COOKING_SPACES) values (185, 'ANTIBACTERIAL FOAMING', 'Female', 35);
insert into COOKING_ITEMS (Id_COOKING_ITEMS, name, status, Id_COOKING_SPACES) values (186, 'Montelukast Sodium', 'Female', 41);
insert into COOKING_ITEMS (Id_COOKING_ITEMS, name, status, Id_COOKING_SPACES) values (187, 'Lovastatin', 'Female', 17);
insert into COOKING_ITEMS (Id_COOKING_ITEMS, name, status, Id_COOKING_SPACES) values (188, 'CVS Capsaicin', 'Male', 34);
insert into COOKING_ITEMS (Id_COOKING_ITEMS, name, status, Id_COOKING_SPACES) values (189, 'Terazol 7', 'Female', 41);
insert into COOKING_ITEMS (Id_COOKING_ITEMS, name, status, Id_COOKING_SPACES) values (190, 'HYDROXYZINE PAMOATE', 'Female', 45);
insert into COOKING_ITEMS (Id_COOKING_ITEMS, name, status, Id_COOKING_SPACES) values (191, 'Famotidine', 'Female', 25);
insert into COOKING_ITEMS (Id_COOKING_ITEMS, name, status, Id_COOKING_SPACES) values (192, 'Cipro', 'Female', 17);
insert into COOKING_ITEMS (Id_COOKING_ITEMS, name, status, Id_COOKING_SPACES) values (193, 'Hydrochlorothiazide', 'Male', 36);
insert into COOKING_ITEMS (Id_COOKING_ITEMS, name, status, Id_COOKING_SPACES) values (194, 'Antimicrobial Hand Sanitizer', 'Male', 7);
insert into COOKING_ITEMS (Id_COOKING_ITEMS, name, status, Id_COOKING_SPACES) values (195, 'Anti Allergy', 'Female', 5);
insert into COOKING_ITEMS (Id_COOKING_ITEMS, name, status, Id_COOKING_SPACES) values (196, 'BONE REPAIR HP', 'Male', 17);
insert into COOKING_ITEMS (Id_COOKING_ITEMS, name, status, Id_COOKING_SPACES) values (197, 'hemorrhoidal', 'Female', 9);
insert into COOKING_ITEMS (Id_COOKING_ITEMS, name, status, Id_COOKING_SPACES) values (198, 'Diphenhydramine Hydrochloride', 'Female', 38);
insert into COOKING_ITEMS (Id_COOKING_ITEMS, name, status, Id_COOKING_SPACES) values (199, 'Saccharomyces cerevisiae', 'Female', 35);
insert into COOKING_ITEMS (Id_COOKING_ITEMS, name, status, Id_COOKING_SPACES) values (200, 'venlafaxine hydrochloride', 'Male', 13);
insert into COMMENTS (Id_COMMENTS, grade, content, picture, Id_CLIENTS, Id_EVENTS) values (1, 5, 'Suspendisse potenti.', 'http://dummyimage.com/190x116.png/dddddd/000000', 15, 73);
insert into COMMENTS (Id_COMMENTS, grade, content, picture, Id_CLIENTS, Id_EVENTS) values (2, 5, 'Cum sociis natoque penatibus et magnis dis parturient montes, nascetur ridiculus mus.', 'http://dummyimage.com/146x157.png/ff4444/ffffff', 21, 99);
insert into COMMENTS (Id_COMMENTS, grade, content, picture, Id_CLIENTS, Id_EVENTS) values (3, 3, 'Donec odio justo, sollicitudin ut, suscipit a, feugiat et, eros.', 'http://dummyimage.com/214x124.png/5fa2dd/ffffff', 50, 174);
insert into COMMENTS (Id_COMMENTS, grade, content, picture, Id_CLIENTS, Id_EVENTS) values (4, 2, 'Nullam sit amet turpis elementum ligula vehicula consequat. Morbi a ipsum.', 'http://dummyimage.com/115x103.png/dddddd/000000', 49, 138);
insert into COMMENTS (Id_COMMENTS, grade, content, picture, Id_CLIENTS, Id_EVENTS) values (5, 5, 'Quisque ut erat. Curabitur gravida nisi at nibh. In hac habitasse platea dictumst.', 'http://dummyimage.com/193x126.png/ff4444/ffffff', 66, 173);
insert into COMMENTS (Id_COMMENTS, grade, content, picture, Id_CLIENTS, Id_EVENTS) values (6, 3, 'Duis aliquam convallis nunc.', 'http://dummyimage.com/190x181.png/ff4444/ffffff', 55, 30);
insert into COMMENTS (Id_COMMENTS, grade, content, picture, Id_CLIENTS, Id_EVENTS) values (7, 3, 'Cras non velit nec nisi vulputate nonummy. Maecenas tincidunt lacus at velit. Vivamus vel nulla eget eros elementum pellentesque.', 'http://dummyimage.com/141x105.png/5fa2dd/ffffff', 25, 2);
insert into COMMENTS (Id_COMMENTS, grade, content, picture, Id_CLIENTS, Id_EVENTS) values (8, 5, 'Donec ut dolor.', 'http://dummyimage.com/198x177.png/ff4444/ffffff', 46, 200);
insert into COMMENTS (Id_COMMENTS, grade, content, picture, Id_CLIENTS, Id_EVENTS) values (9, 4, 'Vestibulum ante ipsum primis in faucibus orci luctus et ultrices posuere cubilia Curae; Nulla dapibus dolor vel est.', 'http://dummyimage.com/186x136.png/5fa2dd/ffffff', 18, 197);
insert into COMMENTS (Id_COMMENTS, grade, content, picture, Id_CLIENTS, Id_EVENTS) values (10, 2, 'Cum sociis natoque penatibus et magnis dis parturient montes, nascetur ridiculus mus. Etiam vel augue. Vestibulum rutrum rutrum neque.', 'http://dummyimage.com/174x120.png/ff4444/ffffff', 53, 178);
insert into COMMENTS (Id_COMMENTS, grade, content, picture, Id_CLIENTS, Id_EVENTS) values (11, 3, 'Donec diam neque, vestibulum eget, vulputate ut, ultrices vel, augue. Vestibulum ante ipsum primis in faucibus orci luctus et ultrices posuere cubilia Curae; Donec pharetra, magna vestibulum aliquet ultrices, erat tortor sollicitudin mi, sit amet lobortis sapien sapien non mi. Integer ac neque.', 'http://dummyimage.com/188x241.png/5fa2dd/ffffff', 59, 152);
insert into COMMENTS (Id_COMMENTS, grade, content, picture, Id_CLIENTS, Id_EVENTS) values (12, 5, 'Lorem ipsum dolor sit amet, consectetuer adipiscing elit.', 'http://dummyimage.com/195x243.png/ff4444/ffffff', 14, 33);
insert into COMMENTS (Id_COMMENTS, grade, content, picture, Id_CLIENTS, Id_EVENTS) values (13, 3, 'Nulla justo.', 'http://dummyimage.com/246x217.png/5fa2dd/ffffff', 51, 143);
insert into COMMENTS (Id_COMMENTS, grade, content, picture, Id_CLIENTS, Id_EVENTS) values (14, 1, 'Vivamus metus arcu, adipiscing molestie, hendrerit at, vulputate vitae, nisl. Aenean lectus. Pellentesque eget nunc.', 'http://dummyimage.com/235x198.png/cc0000/ffffff', 67, 119);
insert into COMMENTS (Id_COMMENTS, grade, content, picture, Id_CLIENTS, Id_EVENTS) values (15, 1, 'Cras mi pede, malesuada in, imperdiet et, commodo vulputate, justo.', 'http://dummyimage.com/113x105.png/dddddd/000000', 40, 160);
insert into COMMENTS (Id_COMMENTS, grade, content, picture, Id_CLIENTS, Id_EVENTS) values (16, 5, 'Vivamus tortor.', 'http://dummyimage.com/129x127.png/cc0000/ffffff', 67, 103);
insert into COMMENTS (Id_COMMENTS, grade, content, picture, Id_CLIENTS, Id_EVENTS) values (17, 5, 'Morbi porttitor lorem id ligula. Suspendisse ornare consequat lectus. In est risus, auctor sed, tristique in, tempus sit amet, sem.', 'http://dummyimage.com/173x192.png/cc0000/ffffff', 34, 98);
insert into COMMENTS (Id_COMMENTS, grade, content, picture, Id_CLIENTS, Id_EVENTS) values (18, 1, 'Nullam orci pede, venenatis non, sodales sed, tincidunt eu, felis. Fusce posuere felis sed lacus.', 'http://dummyimage.com/112x203.png/5fa2dd/ffffff', 39, 167);
insert into COMMENTS (Id_COMMENTS, grade, content, picture, Id_CLIENTS, Id_EVENTS) values (19, 2, 'Donec diam neque, vestibulum eget, vulputate ut, ultrices vel, augue. Vestibulum ante ipsum primis in faucibus orci luctus et ultrices posuere cubilia Curae; Donec pharetra, magna vestibulum aliquet ultrices, erat tortor sollicitudin mi, sit amet lobortis sapien sapien non mi. Integer ac neque.', 'http://dummyimage.com/114x233.png/dddddd/000000', 63, 53);
insert into COMMENTS (Id_COMMENTS, grade, content, picture, Id_CLIENTS, Id_EVENTS) values (20, 1, 'Vestibulum ante ipsum primis in faucibus orci luctus et ultrices posuere cubilia Curae; Mauris viverra diam vitae quam. Suspendisse potenti. Nullam porttitor lacus at turpis.', 'http://dummyimage.com/214x139.png/5fa2dd/ffffff', 57, 166);
insert into COMMENTS (Id_COMMENTS, grade, content, picture, Id_CLIENTS, Id_EVENTS) values (21, 1, 'In tempor, turpis nec euismod scelerisque, quam turpis adipiscing lorem, vitae mattis nibh ligula nec sem.', 'http://dummyimage.com/206x131.png/cc0000/ffffff', 65, 193);
insert into COMMENTS (Id_COMMENTS, grade, content, picture, Id_CLIENTS, Id_EVENTS) values (22, 4, 'Nullam porttitor lacus at turpis. Donec posuere metus vitae ipsum. Aliquam non mauris.', 'http://dummyimage.com/196x160.png/dddddd/000000', 31, 24);
insert into COMMENTS (Id_COMMENTS, grade, content, picture, Id_CLIENTS, Id_EVENTS) values (23, 2, 'Nam dui. Proin leo odio, porttitor id, consequat in, consequat ut, nulla.', 'http://dummyimage.com/229x115.png/ff4444/ffffff', 57, 75);
insert into COMMENTS (Id_COMMENTS, grade, content, picture, Id_CLIENTS, Id_EVENTS) values (24, 2, 'Duis bibendum. Morbi non quam nec dui luctus rutrum.', 'http://dummyimage.com/134x226.png/5fa2dd/ffffff', 2, 110);
insert into COMMENTS (Id_COMMENTS, grade, content, picture, Id_CLIENTS, Id_EVENTS) values (25, 3, 'Vivamus tortor. Duis mattis egestas metus. Aenean fermentum.', 'http://dummyimage.com/124x190.png/5fa2dd/ffffff', 14, 180);
insert into COMMENTS (Id_COMMENTS, grade, content, picture, Id_CLIENTS, Id_EVENTS) values (26, 1, 'Donec semper sapien a libero.', 'http://dummyimage.com/244x162.png/ff4444/ffffff', 11, 97);
insert into COMMENTS (Id_COMMENTS, grade, content, picture, Id_CLIENTS, Id_EVENTS) values (27, 1, 'In hac habitasse platea dictumst.', 'http://dummyimage.com/141x149.png/cc0000/ffffff', 66, 20);
insert into COMMENTS (Id_COMMENTS, grade, content, picture, Id_CLIENTS, Id_EVENTS) values (28, 2, 'Morbi vestibulum, velit id pretium iaculis, diam erat fermentum justo, nec condimentum neque sapien placerat ante.', 'http://dummyimage.com/131x152.png/cc0000/ffffff', 14, 20);
insert into COMMENTS (Id_COMMENTS, grade, content, picture, Id_CLIENTS, Id_EVENTS) values (29, 5, 'Maecenas tristique, est et tempus semper, est quam pharetra magna, ac consequat metus sapien ut nunc. Vestibulum ante ipsum primis in faucibus orci luctus et ultrices posuere cubilia Curae; Mauris viverra diam vitae quam.', 'http://dummyimage.com/230x178.png/5fa2dd/ffffff', 59, 95);
insert into COMMENTS (Id_COMMENTS, grade, content, picture, Id_CLIENTS, Id_EVENTS) values (30, 5, 'Etiam justo.', 'http://dummyimage.com/232x199.png/dddddd/000000', 5, 148);
insert into COMMENTS (Id_COMMENTS, grade, content, picture, Id_CLIENTS, Id_EVENTS) values (31, 5, 'Praesent lectus.', 'http://dummyimage.com/125x163.png/dddddd/000000', 23, 139);
insert into COMMENTS (Id_COMMENTS, grade, content, picture, Id_CLIENTS, Id_EVENTS) values (32, 3, 'Phasellus sit amet erat. Nulla tempus.', 'http://dummyimage.com/231x146.png/cc0000/ffffff', 29, 39);
insert into COMMENTS (Id_COMMENTS, grade, content, picture, Id_CLIENTS, Id_EVENTS) values (33, 4, 'Nulla suscipit ligula in lacus. Curabitur at ipsum ac tellus semper interdum.', 'http://dummyimage.com/184x119.png/5fa2dd/ffffff', 53, 198);
insert into COMMENTS (Id_COMMENTS, grade, content, picture, Id_CLIENTS, Id_EVENTS) values (34, 5, 'Morbi vel lectus in quam fringilla rhoncus. Mauris enim leo, rhoncus sed, vestibulum sit amet, cursus id, turpis. Integer aliquet, massa id lobortis convallis, tortor risus dapibus augue, vel accumsan tellus nisi eu orci.', 'http://dummyimage.com/187x232.png/dddddd/000000', 48, 15);
insert into COMMENTS (Id_COMMENTS, grade, content, picture, Id_CLIENTS, Id_EVENTS) values (35, 2, 'Vestibulum quam sapien, varius ut, blandit non, interdum in, ante.', 'http://dummyimage.com/152x209.png/5fa2dd/ffffff', 30, 10);
insert into COMMENTS (Id_COMMENTS, grade, content, picture, Id_CLIENTS, Id_EVENTS) values (36, 3, 'Proin interdum mauris non ligula pellentesque ultrices. Phasellus id sapien in sapien iaculis congue.', 'http://dummyimage.com/102x164.png/ff4444/ffffff', 33, 88);
insert into COMMENTS (Id_COMMENTS, grade, content, picture, Id_CLIENTS, Id_EVENTS) values (37, 5, 'Vivamus vestibulum sagittis sapien. Cum sociis natoque penatibus et magnis dis parturient montes, nascetur ridiculus mus. Etiam vel augue.', 'http://dummyimage.com/241x220.png/5fa2dd/ffffff', 1, 135);
insert into COMMENTS (Id_COMMENTS, grade, content, picture, Id_CLIENTS, Id_EVENTS) values (38, 5, 'Proin at turpis a pede posuere nonummy. Integer non velit.', 'http://dummyimage.com/198x122.png/dddddd/000000', 23, 26);
insert into COMMENTS (Id_COMMENTS, grade, content, picture, Id_CLIENTS, Id_EVENTS) values (39, 5, 'Vestibulum quam sapien, varius ut, blandit non, interdum in, ante. Vestibulum ante ipsum primis in faucibus orci luctus et ultrices posuere cubilia Curae; Duis faucibus accumsan odio.', 'http://dummyimage.com/222x105.png/ff4444/ffffff', 39, 108);
insert into COMMENTS (Id_COMMENTS, grade, content, picture, Id_CLIENTS, Id_EVENTS) values (40, 2, 'Nulla facilisi. Cras non velit nec nisi vulputate nonummy.', 'http://dummyimage.com/148x181.png/ff4444/ffffff', 8, 25);
insert into COMMENTS (Id_COMMENTS, grade, content, picture, Id_CLIENTS, Id_EVENTS) values (41, 5, 'Proin risus. Praesent lectus. Vestibulum quam sapien, varius ut, blandit non, interdum in, ante.', 'http://dummyimage.com/223x191.png/cc0000/ffffff', 40, 34);
insert into COMMENTS (Id_COMMENTS, grade, content, picture, Id_CLIENTS, Id_EVENTS) values (42, 1, 'Duis aliquam convallis nunc.', 'http://dummyimage.com/238x205.png/5fa2dd/ffffff', 1, 64);
insert into COMMENTS (Id_COMMENTS, grade, content, picture, Id_CLIENTS, Id_EVENTS) values (43, 2, 'Pellentesque ultrices mattis odio.', 'http://dummyimage.com/181x248.png/dddddd/000000', 49, 58);
insert into COMMENTS (Id_COMMENTS, grade, content, picture, Id_CLIENTS, Id_EVENTS) values (44, 1, 'Vestibulum quam sapien, varius ut, blandit non, interdum in, ante. Vestibulum ante ipsum primis in faucibus orci luctus et ultrices posuere cubilia Curae; Duis faucibus accumsan odio. Curabitur convallis.', 'http://dummyimage.com/115x140.png/cc0000/ffffff', 3, 173);
insert into COMMENTS (Id_COMMENTS, grade, content, picture, Id_CLIENTS, Id_EVENTS) values (45, 2, 'Nam ultrices, libero non mattis pulvinar, nulla pede ullamcorper augue, a suscipit nulla elit ac nulla. Sed vel enim sit amet nunc viverra dapibus. Nulla suscipit ligula in lacus.', 'http://dummyimage.com/167x108.png/dddddd/000000', 25, 81);
insert into COMMENTS (Id_COMMENTS, grade, content, picture, Id_CLIENTS, Id_EVENTS) values (46, 5, 'Donec posuere metus vitae ipsum. Aliquam non mauris.', 'http://dummyimage.com/167x187.png/ff4444/ffffff', 54, 47);
insert into COMMENTS (Id_COMMENTS, grade, content, picture, Id_CLIENTS, Id_EVENTS) values (47, 2, 'Sed ante. Vivamus tortor.', 'http://dummyimage.com/128x219.png/dddddd/000000', 31, 76);
insert into COMMENTS (Id_COMMENTS, grade, content, picture, Id_CLIENTS, Id_EVENTS) values (48, 5, 'Curabitur gravida nisi at nibh. In hac habitasse platea dictumst.', 'http://dummyimage.com/229x197.png/5fa2dd/ffffff', 45, 81);
insert into COMMENTS (Id_COMMENTS, grade, content, picture, Id_CLIENTS, Id_EVENTS) values (49, 1, 'In hac habitasse platea dictumst. Etiam faucibus cursus urna.', 'http://dummyimage.com/180x140.png/dddddd/000000', 63, 102);
insert into COMMENTS (Id_COMMENTS, grade, content, picture, Id_CLIENTS, Id_EVENTS) values (50, 3, 'Duis mattis egestas metus. Aenean fermentum. Donec ut mauris eget massa tempor convallis.', 'http://dummyimage.com/222x139.png/5fa2dd/ffffff', 60, 148);
insert into COMMENTS (Id_COMMENTS, grade, content, picture, Id_CLIENTS, Id_EVENTS) values (51, 2, 'Sed ante. Vivamus tortor.', 'http://dummyimage.com/190x173.png/dddddd/000000', 26, 12);
insert into COMMENTS (Id_COMMENTS, grade, content, picture, Id_CLIENTS, Id_EVENTS) values (52, 2, 'Fusce posuere felis sed lacus. Morbi sem mauris, laoreet ut, rhoncus aliquet, pulvinar sed, nisl. Nunc rhoncus dui vel sem.', 'http://dummyimage.com/167x162.png/dddddd/000000', 21, 34);
insert into COMMENTS (Id_COMMENTS, grade, content, picture, Id_CLIENTS, Id_EVENTS) values (53, 3, 'Nulla justo.', 'http://dummyimage.com/207x239.png/dddddd/000000', 58, 13);
insert into COMMENTS (Id_COMMENTS, grade, content, picture, Id_CLIENTS, Id_EVENTS) values (54, 3, 'Sed sagittis.', 'http://dummyimage.com/154x204.png/5fa2dd/ffffff', 61, 30);
insert into COMMENTS (Id_COMMENTS, grade, content, picture, Id_CLIENTS, Id_EVENTS) values (55, 3, 'Nulla neque libero, convallis eget, eleifend luctus, ultricies eu, nibh.', 'http://dummyimage.com/111x113.png/cc0000/ffffff', 59, 168);
insert into COMMENTS (Id_COMMENTS, grade, content, picture, Id_CLIENTS, Id_EVENTS) values (56, 2, 'Nullam porttitor lacus at turpis. Donec posuere metus vitae ipsum. Aliquam non mauris.', 'http://dummyimage.com/126x176.png/cc0000/ffffff', 2, 17);
insert into COMMENTS (Id_COMMENTS, grade, content, picture, Id_CLIENTS, Id_EVENTS) values (57, 1, 'Morbi quis tortor id nulla ultrices aliquet. Maecenas leo odio, condimentum id, luctus nec, molestie sed, justo. Pellentesque viverra pede ac diam.', 'http://dummyimage.com/133x113.png/dddddd/000000', 66, 199);
insert into COMMENTS (Id_COMMENTS, grade, content, picture, Id_CLIENTS, Id_EVENTS) values (58, 1, 'Integer pede justo, lacinia eget, tincidunt eget, tempus vel, pede.', 'http://dummyimage.com/250x214.png/cc0000/ffffff', 63, 52);
insert into COMMENTS (Id_COMMENTS, grade, content, picture, Id_CLIENTS, Id_EVENTS) values (59, 3, 'Quisque id justo sit amet sapien dignissim vestibulum. Vestibulum ante ipsum primis in faucibus orci luctus et ultrices posuere cubilia Curae; Nulla dapibus dolor vel est. Donec odio justo, sollicitudin ut, suscipit a, feugiat et, eros.', 'http://dummyimage.com/244x159.png/5fa2dd/ffffff', 60, 158);
insert into COMMENTS (Id_COMMENTS, grade, content, picture, Id_CLIENTS, Id_EVENTS) values (60, 1, 'In est risus, auctor sed, tristique in, tempus sit amet, sem. Fusce consequat. Nulla nisl.', 'http://dummyimage.com/176x235.png/dddddd/000000', 42, 158);
insert into COMMENTS (Id_COMMENTS, grade, content, picture, Id_CLIENTS, Id_EVENTS) values (61, 4, 'Etiam justo.', 'http://dummyimage.com/101x204.png/ff4444/ffffff', 1, 146);
insert into COMMENTS (Id_COMMENTS, grade, content, picture, Id_CLIENTS, Id_EVENTS) values (62, 5, 'Cras mi pede, malesuada in, imperdiet et, commodo vulputate, justo. In blandit ultrices enim. Lorem ipsum dolor sit amet, consectetuer adipiscing elit.', 'http://dummyimage.com/137x107.png/ff4444/ffffff', 56, 2);
insert into COMMENTS (Id_COMMENTS, grade, content, picture, Id_CLIENTS, Id_EVENTS) values (63, 5, 'Quisque porta volutpat erat. Quisque erat eros, viverra eget, congue eget, semper rutrum, nulla. Nunc purus.', 'http://dummyimage.com/199x204.png/ff4444/ffffff', 39, 182);
insert into COMMENTS (Id_COMMENTS, grade, content, picture, Id_CLIENTS, Id_EVENTS) values (64, 1, 'Donec semper sapien a libero. Nam dui.', 'http://dummyimage.com/110x213.png/cc0000/ffffff', 45, 159);
insert into COMMENTS (Id_COMMENTS, grade, content, picture, Id_CLIENTS, Id_EVENTS) values (65, 3, 'Nulla neque libero, convallis eget, eleifend luctus, ultricies eu, nibh. Quisque id justo sit amet sapien dignissim vestibulum. Vestibulum ante ipsum primis in faucibus orci luctus et ultrices posuere cubilia Curae; Nulla dapibus dolor vel est.', 'http://dummyimage.com/108x176.png/cc0000/ffffff', 34, 71);
insert into COMMENTS (Id_COMMENTS, grade, content, picture, Id_CLIENTS, Id_EVENTS) values (66, 3, 'Vivamus metus arcu, adipiscing molestie, hendrerit at, vulputate vitae, nisl. Aenean lectus.', 'http://dummyimage.com/207x221.png/dddddd/000000', 56, 187);
insert into COMMENTS (Id_COMMENTS, grade, content, picture, Id_CLIENTS, Id_EVENTS) values (67, 2, 'In congue. Etiam justo. Etiam pretium iaculis justo.', 'http://dummyimage.com/187x223.png/dddddd/000000', 53, 16);
insert into COMMENTS (Id_COMMENTS, grade, content, picture, Id_CLIENTS, Id_EVENTS) values (68, 1, 'Nulla tempus.', 'http://dummyimage.com/134x126.png/cc0000/ffffff', 44, 158);
insert into COMMENTS (Id_COMMENTS, grade, content, picture, Id_CLIENTS, Id_EVENTS) values (69, 5, 'Vivamus tortor. Duis mattis egestas metus.', 'http://dummyimage.com/114x156.png/cc0000/ffffff', 27, 88);
insert into COMMENTS (Id_COMMENTS, grade, content, picture, Id_CLIENTS, Id_EVENTS) values (70, 2, 'Morbi vestibulum, velit id pretium iaculis, diam erat fermentum justo, nec condimentum neque sapien placerat ante.', 'http://dummyimage.com/154x164.png/ff4444/ffffff', 64, 200);
insert into COMMENTS (Id_COMMENTS, grade, content, picture, Id_CLIENTS, Id_EVENTS) values (71, 4, 'Fusce consequat.', 'http://dummyimage.com/175x102.png/5fa2dd/ffffff', 6, 180);
insert into COMMENTS (Id_COMMENTS, grade, content, picture, Id_CLIENTS, Id_EVENTS) values (72, 4, 'Morbi sem mauris, laoreet ut, rhoncus aliquet, pulvinar sed, nisl. Nunc rhoncus dui vel sem.', 'http://dummyimage.com/207x208.png/5fa2dd/ffffff', 16, 112);
insert into COMMENTS (Id_COMMENTS, grade, content, picture, Id_CLIENTS, Id_EVENTS) values (73, 5, 'Nulla neque libero, convallis eget, eleifend luctus, ultricies eu, nibh. Quisque id justo sit amet sapien dignissim vestibulum.', 'http://dummyimage.com/126x218.png/ff4444/ffffff', 2, 127);
insert into COMMENTS (Id_COMMENTS, grade, content, picture, Id_CLIENTS, Id_EVENTS) values (74, 1, 'Sed vel enim sit amet nunc viverra dapibus. Nulla suscipit ligula in lacus. Curabitur at ipsum ac tellus semper interdum.', 'http://dummyimage.com/136x189.png/ff4444/ffffff', 9, 122);
insert into COMMENTS (Id_COMMENTS, grade, content, picture, Id_CLIENTS, Id_EVENTS) values (75, 1, 'Donec odio justo, sollicitudin ut, suscipit a, feugiat et, eros.', 'http://dummyimage.com/176x123.png/ff4444/ffffff', 56, 121);
insert into COMMENTS (Id_COMMENTS, grade, content, picture, Id_CLIENTS, Id_EVENTS) values (76, 3, 'Duis consequat dui nec nisi volutpat eleifend. Donec ut dolor. Morbi vel lectus in quam fringilla rhoncus.', 'http://dummyimage.com/105x216.png/cc0000/ffffff', 17, 109);
insert into COMMENTS (Id_COMMENTS, grade, content, picture, Id_CLIENTS, Id_EVENTS) values (77, 2, 'Nulla ut erat id mauris vulputate elementum. Nullam varius. Nulla facilisi.', 'http://dummyimage.com/118x154.png/dddddd/000000', 47, 37);
insert into COMMENTS (Id_COMMENTS, grade, content, picture, Id_CLIENTS, Id_EVENTS) values (78, 2, 'Mauris sit amet eros.', 'http://dummyimage.com/232x142.png/dddddd/000000', 9, 73);
insert into COMMENTS (Id_COMMENTS, grade, content, picture, Id_CLIENTS, Id_EVENTS) values (79, 2, 'Nullam porttitor lacus at turpis.', 'http://dummyimage.com/101x183.png/cc0000/ffffff', 15, 184);
insert into COMMENTS (Id_COMMENTS, grade, content, picture, Id_CLIENTS, Id_EVENTS) values (80, 3, 'Donec dapibus. Duis at velit eu est congue elementum. In hac habitasse platea dictumst.', 'http://dummyimage.com/172x247.png/dddddd/000000', 29, 52);
insert into COMMENTS (Id_COMMENTS, grade, content, picture, Id_CLIENTS, Id_EVENTS) values (81, 2, 'Vivamus in felis eu sapien cursus vestibulum.', 'http://dummyimage.com/199x139.png/5fa2dd/ffffff', 45, 180);
insert into COMMENTS (Id_COMMENTS, grade, content, picture, Id_CLIENTS, Id_EVENTS) values (82, 1, 'Aliquam sit amet diam in magna bibendum imperdiet.', 'http://dummyimage.com/176x217.png/5fa2dd/ffffff', 55, 66);
insert into COMMENTS (Id_COMMENTS, grade, content, picture, Id_CLIENTS, Id_EVENTS) values (83, 1, 'Maecenas tristique, est et tempus semper, est quam pharetra magna, ac consequat metus sapien ut nunc. Vestibulum ante ipsum primis in faucibus orci luctus et ultrices posuere cubilia Curae; Mauris viverra diam vitae quam.', 'http://dummyimage.com/196x114.png/cc0000/ffffff', 49, 131);
insert into COMMENTS (Id_COMMENTS, grade, content, picture, Id_CLIENTS, Id_EVENTS) values (84, 4, 'Ut tellus. Nulla ut erat id mauris vulputate elementum. Nullam varius.', 'http://dummyimage.com/139x221.png/5fa2dd/ffffff', 35, 77);
insert into COMMENTS (Id_COMMENTS, grade, content, picture, Id_CLIENTS, Id_EVENTS) values (85, 5, 'Morbi a ipsum.', 'http://dummyimage.com/136x236.png/5fa2dd/ffffff', 20, 183);
insert into COMMENTS (Id_COMMENTS, grade, content, picture, Id_CLIENTS, Id_EVENTS) values (86, 5, 'Nullam porttitor lacus at turpis. Donec posuere metus vitae ipsum. Aliquam non mauris.', 'http://dummyimage.com/188x140.png/5fa2dd/ffffff', 50, 126);
insert into COMMENTS (Id_COMMENTS, grade, content, picture, Id_CLIENTS, Id_EVENTS) values (87, 2, 'Vestibulum ante ipsum primis in faucibus orci luctus et ultrices posuere cubilia Curae; Donec pharetra, magna vestibulum aliquet ultrices, erat tortor sollicitudin mi, sit amet lobortis sapien sapien non mi.', 'http://dummyimage.com/204x105.png/5fa2dd/ffffff', 41, 193);
insert into COMMENTS (Id_COMMENTS, grade, content, picture, Id_CLIENTS, Id_EVENTS) values (88, 4, 'Donec dapibus. Duis at velit eu est congue elementum.', 'http://dummyimage.com/242x243.png/ff4444/ffffff', 40, 184);
insert into COMMENTS (Id_COMMENTS, grade, content, picture, Id_CLIENTS, Id_EVENTS) values (89, 5, 'Suspendisse potenti.', 'http://dummyimage.com/145x116.png/ff4444/ffffff', 13, 150);
insert into COMMENTS (Id_COMMENTS, grade, content, picture, Id_CLIENTS, Id_EVENTS) values (90, 4, 'Praesent blandit lacinia erat.', 'http://dummyimage.com/218x110.png/5fa2dd/ffffff', 36, 91);
insert into COMMENTS (Id_COMMENTS, grade, content, picture, Id_CLIENTS, Id_EVENTS) values (91, 4, 'Integer tincidunt ante vel ipsum. Praesent blandit lacinia erat. Vestibulum sed magna at nunc commodo placerat.', 'http://dummyimage.com/105x226.png/dddddd/000000', 4, 79);
insert into COMMENTS (Id_COMMENTS, grade, content, picture, Id_CLIENTS, Id_EVENTS) values (92, 3, 'Nulla ac enim.', 'http://dummyimage.com/176x114.png/cc0000/ffffff', 13, 145);
insert into COMMENTS (Id_COMMENTS, grade, content, picture, Id_CLIENTS, Id_EVENTS) values (93, 3, 'Mauris sit amet eros.', 'http://dummyimage.com/170x182.png/dddddd/000000', 40, 83);
insert into COMMENTS (Id_COMMENTS, grade, content, picture, Id_CLIENTS, Id_EVENTS) values (94, 2, 'Suspendisse potenti. Nullam porttitor lacus at turpis. Donec posuere metus vitae ipsum.', 'http://dummyimage.com/141x247.png/5fa2dd/ffffff', 35, 110);
insert into COMMENTS (Id_COMMENTS, grade, content, picture, Id_CLIENTS, Id_EVENTS) values (95, 1, 'Sed vel enim sit amet nunc viverra dapibus.', 'http://dummyimage.com/110x126.png/5fa2dd/ffffff', 7, 94);
insert into COMMENTS (Id_COMMENTS, grade, content, picture, Id_CLIENTS, Id_EVENTS) values (96, 5, 'Fusce lacus purus, aliquet at, feugiat non, pretium quis, lectus. Suspendisse potenti.', 'http://dummyimage.com/205x213.png/cc0000/ffffff', 46, 53);
insert into COMMENTS (Id_COMMENTS, grade, content, picture, Id_CLIENTS, Id_EVENTS) values (97, 5, 'Vestibulum ante ipsum primis in faucibus orci luctus et ultrices posuere cubilia Curae; Nulla dapibus dolor vel est. Donec odio justo, sollicitudin ut, suscipit a, feugiat et, eros. Vestibulum ac est lacinia nisi venenatis tristique.', 'http://dummyimage.com/222x137.png/dddddd/000000', 7, 196);
insert into COMMENTS (Id_COMMENTS, grade, content, picture, Id_CLIENTS, Id_EVENTS) values (98, 1, 'Morbi non lectus.', 'http://dummyimage.com/128x127.png/ff4444/ffffff', 58, 18);
insert into COMMENTS (Id_COMMENTS, grade, content, picture, Id_CLIENTS, Id_EVENTS) values (99, 1, 'Pellentesque at nulla. Suspendisse potenti. Cras in purus eu magna vulputate luctus.', 'http://dummyimage.com/163x191.png/dddddd/000000', 44, 103);
insert into COMMENTS (Id_COMMENTS, grade, content, picture, Id_CLIENTS, Id_EVENTS) values (100, 5, 'Cum sociis natoque penatibus et magnis dis parturient montes, nascetur ridiculus mus. Etiam vel augue.', 'http://dummyimage.com/184x120.png/ff4444/ffffff', 43, 171);
insert into COMMENTS (Id_COMMENTS, grade, content, picture, Id_CLIENTS, Id_EVENTS) values (101, 2, 'Integer ac neque. Duis bibendum. Morbi non quam nec dui luctus rutrum.', 'http://dummyimage.com/155x143.png/ff4444/ffffff', 9, 198);
insert into COMMENTS (Id_COMMENTS, grade, content, picture, Id_CLIENTS, Id_EVENTS) values (102, 5, 'Lorem ipsum dolor sit amet, consectetuer adipiscing elit. Proin risus.', 'http://dummyimage.com/172x187.png/5fa2dd/ffffff', 57, 88);
insert into COMMENTS (Id_COMMENTS, grade, content, picture, Id_CLIENTS, Id_EVENTS) values (103, 1, 'Donec vitae nisi.', 'http://dummyimage.com/239x102.png/cc0000/ffffff', 35, 94);
insert into COMMENTS (Id_COMMENTS, grade, content, picture, Id_CLIENTS, Id_EVENTS) values (104, 5, 'Integer a nibh. In quis justo.', 'http://dummyimage.com/170x198.png/ff4444/ffffff', 63, 164);
insert into COMMENTS (Id_COMMENTS, grade, content, picture, Id_CLIENTS, Id_EVENTS) values (105, 4, 'Aenean lectus.', 'http://dummyimage.com/244x100.png/ff4444/ffffff', 9, 143);
insert into COMMENTS (Id_COMMENTS, grade, content, picture, Id_CLIENTS, Id_EVENTS) values (106, 5, 'Nulla tempus.', 'http://dummyimage.com/208x189.png/cc0000/ffffff', 54, 155);
insert into COMMENTS (Id_COMMENTS, grade, content, picture, Id_CLIENTS, Id_EVENTS) values (107, 2, 'Nulla tellus. In sagittis dui vel nisl. Duis ac nibh.', 'http://dummyimage.com/113x219.png/dddddd/000000', 15, 157);
insert into COMMENTS (Id_COMMENTS, grade, content, picture, Id_CLIENTS, Id_EVENTS) values (108, 2, 'In congue. Etiam justo. Etiam pretium iaculis justo.', 'http://dummyimage.com/192x121.png/5fa2dd/ffffff', 69, 143);
insert into COMMENTS (Id_COMMENTS, grade, content, picture, Id_CLIENTS, Id_EVENTS) values (109, 5, 'Quisque porta volutpat erat.', 'http://dummyimage.com/230x250.png/dddddd/000000', 68, 187);
insert into COMMENTS (Id_COMMENTS, grade, content, picture, Id_CLIENTS, Id_EVENTS) values (110, 3, 'Lorem ipsum dolor sit amet, consectetuer adipiscing elit. Proin risus. Praesent lectus.', 'http://dummyimage.com/188x235.png/dddddd/000000', 8, 86);
insert into COMMENTS (Id_COMMENTS, grade, content, picture, Id_CLIENTS, Id_EVENTS) values (111, 3, 'Aliquam sit amet diam in magna bibendum imperdiet.', 'http://dummyimage.com/128x150.png/dddddd/000000', 14, 113);
insert into COMMENTS (Id_COMMENTS, grade, content, picture, Id_CLIENTS, Id_EVENTS) values (112, 2, 'Aenean auctor gravida sem. Praesent id massa id nisl venenatis lacinia.', 'http://dummyimage.com/167x159.png/cc0000/ffffff', 33, 83);
insert into COMMENTS (Id_COMMENTS, grade, content, picture, Id_CLIENTS, Id_EVENTS) values (113, 3, 'Aliquam non mauris. Morbi non lectus. Aliquam sit amet diam in magna bibendum imperdiet.', 'http://dummyimage.com/211x207.png/dddddd/000000', 44, 174);
insert into COMMENTS (Id_COMMENTS, grade, content, picture, Id_CLIENTS, Id_EVENTS) values (114, 3, 'Sed ante. Vivamus tortor. Duis mattis egestas metus.', 'http://dummyimage.com/232x140.png/ff4444/ffffff', 17, 126);
insert into COMMENTS (Id_COMMENTS, grade, content, picture, Id_CLIENTS, Id_EVENTS) values (115, 3, 'In sagittis dui vel nisl.', 'http://dummyimage.com/155x127.png/dddddd/000000', 19, 167);
insert into COMMENTS (Id_COMMENTS, grade, content, picture, Id_CLIENTS, Id_EVENTS) values (116, 1, 'Nulla ut erat id mauris vulputate elementum.', 'http://dummyimage.com/178x179.png/cc0000/ffffff', 3, 43);
insert into COMMENTS (Id_COMMENTS, grade, content, picture, Id_CLIENTS, Id_EVENTS) values (117, 2, 'Cras mi pede, malesuada in, imperdiet et, commodo vulputate, justo. In blandit ultrices enim. Lorem ipsum dolor sit amet, consectetuer adipiscing elit.', 'http://dummyimage.com/206x152.png/dddddd/000000', 46, 138);
insert into COMMENTS (Id_COMMENTS, grade, content, picture, Id_CLIENTS, Id_EVENTS) values (118, 4, 'Etiam vel augue. Vestibulum rutrum rutrum neque. Aenean auctor gravida sem.', 'http://dummyimage.com/104x174.png/ff4444/ffffff', 24, 50);
insert into COMMENTS (Id_COMMENTS, grade, content, picture, Id_CLIENTS, Id_EVENTS) values (119, 4, 'Nulla mollis molestie lorem.', 'http://dummyimage.com/224x106.png/dddddd/000000', 33, 85);
insert into COMMENTS (Id_COMMENTS, grade, content, picture, Id_CLIENTS, Id_EVENTS) values (120, 5, 'Aenean lectus. Pellentesque eget nunc. Donec quis orci eget orci vehicula condimentum.', 'http://dummyimage.com/196x119.png/cc0000/ffffff', 61, 158);
insert into COMMENTS (Id_COMMENTS, grade, content, picture, Id_CLIENTS, Id_EVENTS) values (121, 5, 'Cras pellentesque volutpat dui. Maecenas tristique, est et tempus semper, est quam pharetra magna, ac consequat metus sapien ut nunc.', 'http://dummyimage.com/172x198.png/5fa2dd/ffffff', 61, 98);
insert into COMMENTS (Id_COMMENTS, grade, content, picture, Id_CLIENTS, Id_EVENTS) values (122, 2, 'Vivamus vestibulum sagittis sapien. Cum sociis natoque penatibus et magnis dis parturient montes, nascetur ridiculus mus.', 'http://dummyimage.com/154x243.png/5fa2dd/ffffff', 62, 45);
insert into COMMENTS (Id_COMMENTS, grade, content, picture, Id_CLIENTS, Id_EVENTS) values (123, 3, 'Maecenas tincidunt lacus at velit. Vivamus vel nulla eget eros elementum pellentesque. Quisque porta volutpat erat.', 'http://dummyimage.com/196x176.png/dddddd/000000', 41, 8);
insert into COMMENTS (Id_COMMENTS, grade, content, picture, Id_CLIENTS, Id_EVENTS) values (124, 1, 'Phasellus in felis.', 'http://dummyimage.com/137x237.png/cc0000/ffffff', 56, 104);
insert into COMMENTS (Id_COMMENTS, grade, content, picture, Id_CLIENTS, Id_EVENTS) values (125, 2, 'Suspendisse accumsan tortor quis turpis.', 'http://dummyimage.com/219x237.png/cc0000/ffffff', 33, 138);
insert into COMMENTS (Id_COMMENTS, grade, content, picture, Id_CLIENTS, Id_EVENTS) values (126, 1, 'Quisque ut erat.', 'http://dummyimage.com/119x111.png/cc0000/ffffff', 15, 56);
insert into COMMENTS (Id_COMMENTS, grade, content, picture, Id_CLIENTS, Id_EVENTS) values (127, 2, 'Phasellus sit amet erat. Nulla tempus. Vivamus in felis eu sapien cursus vestibulum.', 'http://dummyimage.com/123x174.png/ff4444/ffffff', 55, 170);
insert into COMMENTS (Id_COMMENTS, grade, content, picture, Id_CLIENTS, Id_EVENTS) values (128, 4, 'Nullam orci pede, venenatis non, sodales sed, tincidunt eu, felis. Fusce posuere felis sed lacus. Morbi sem mauris, laoreet ut, rhoncus aliquet, pulvinar sed, nisl.', 'http://dummyimage.com/229x225.png/5fa2dd/ffffff', 67, 185);
insert into COMMENTS (Id_COMMENTS, grade, content, picture, Id_CLIENTS, Id_EVENTS) values (129, 5, 'In hac habitasse platea dictumst. Aliquam augue quam, sollicitudin vitae, consectetuer eget, rutrum at, lorem. Integer tincidunt ante vel ipsum.', 'http://dummyimage.com/141x226.png/ff4444/ffffff', 48, 171);
insert into COMMENTS (Id_COMMENTS, grade, content, picture, Id_CLIENTS, Id_EVENTS) values (130, 4, 'Nulla justo. Aliquam quis turpis eget elit sodales scelerisque.', 'http://dummyimage.com/150x238.png/5fa2dd/ffffff', 56, 60);
insert into COMMENTS (Id_COMMENTS, grade, content, picture, Id_CLIENTS, Id_EVENTS) values (131, 5, 'In blandit ultrices enim. Lorem ipsum dolor sit amet, consectetuer adipiscing elit.', 'http://dummyimage.com/153x183.png/dddddd/000000', 1, 105);
insert into COMMENTS (Id_COMMENTS, grade, content, picture, Id_CLIENTS, Id_EVENTS) values (132, 1, 'Maecenas leo odio, condimentum id, luctus nec, molestie sed, justo.', 'http://dummyimage.com/120x205.png/5fa2dd/ffffff', 15, 138);
insert into COMMENTS (Id_COMMENTS, grade, content, picture, Id_CLIENTS, Id_EVENTS) values (133, 4, 'Suspendisse potenti. In eleifend quam a odio.', 'http://dummyimage.com/233x106.png/dddddd/000000', 70, 102);
insert into COMMENTS (Id_COMMENTS, grade, content, picture, Id_CLIENTS, Id_EVENTS) values (134, 2, 'In est risus, auctor sed, tristique in, tempus sit amet, sem. Fusce consequat. Nulla nisl.', 'http://dummyimage.com/140x225.png/5fa2dd/ffffff', 23, 92);
insert into COMMENTS (Id_COMMENTS, grade, content, picture, Id_CLIENTS, Id_EVENTS) values (135, 4, 'Integer ac neque. Duis bibendum. Morbi non quam nec dui luctus rutrum.', 'http://dummyimage.com/224x163.png/dddddd/000000', 45, 200);
insert into COMMENTS (Id_COMMENTS, grade, content, picture, Id_CLIENTS, Id_EVENTS) values (136, 5, 'Nulla justo. Aliquam quis turpis eget elit sodales scelerisque.', 'http://dummyimage.com/205x199.png/dddddd/000000', 54, 48);
insert into COMMENTS (Id_COMMENTS, grade, content, picture, Id_CLIENTS, Id_EVENTS) values (137, 3, 'In hac habitasse platea dictumst.', 'http://dummyimage.com/139x142.png/5fa2dd/ffffff', 62, 23);
insert into COMMENTS (Id_COMMENTS, grade, content, picture, Id_CLIENTS, Id_EVENTS) values (138, 1, 'Nulla justo. Aliquam quis turpis eget elit sodales scelerisque. Mauris sit amet eros.', 'http://dummyimage.com/144x151.png/dddddd/000000', 36, 142);
insert into COMMENTS (Id_COMMENTS, grade, content, picture, Id_CLIENTS, Id_EVENTS) values (139, 3, 'Nunc purus.', 'http://dummyimage.com/172x123.png/5fa2dd/ffffff', 66, 19);
insert into COMMENTS (Id_COMMENTS, grade, content, picture, Id_CLIENTS, Id_EVENTS) values (140, 2, 'Cras mi pede, malesuada in, imperdiet et, commodo vulputate, justo. In blandit ultrices enim.', 'http://dummyimage.com/141x146.png/5fa2dd/ffffff', 57, 90);
insert into COMMENTS (Id_COMMENTS, grade, content, picture, Id_CLIENTS, Id_EVENTS) values (141, 5, 'Donec ut mauris eget massa tempor convallis. Nulla neque libero, convallis eget, eleifend luctus, ultricies eu, nibh. Quisque id justo sit amet sapien dignissim vestibulum.', 'http://dummyimage.com/147x172.png/dddddd/000000', 36, 104);
insert into COMMENTS (Id_COMMENTS, grade, content, picture, Id_CLIENTS, Id_EVENTS) values (142, 2, 'Nulla ut erat id mauris vulputate elementum. Nullam varius. Nulla facilisi.', 'http://dummyimage.com/230x106.png/5fa2dd/ffffff', 56, 173);
insert into COMMENTS (Id_COMMENTS, grade, content, picture, Id_CLIENTS, Id_EVENTS) values (143, 3, 'Duis bibendum.', 'http://dummyimage.com/113x204.png/dddddd/000000', 1, 70);
insert into COMMENTS (Id_COMMENTS, grade, content, picture, Id_CLIENTS, Id_EVENTS) values (144, 5, 'Nulla suscipit ligula in lacus. Curabitur at ipsum ac tellus semper interdum.', 'http://dummyimage.com/175x104.png/dddddd/000000', 11, 197);
insert into COMMENTS (Id_COMMENTS, grade, content, picture, Id_CLIENTS, Id_EVENTS) values (145, 4, 'In hac habitasse platea dictumst.', 'http://dummyimage.com/206x123.png/5fa2dd/ffffff', 46, 5);
insert into COMMENTS (Id_COMMENTS, grade, content, picture, Id_CLIENTS, Id_EVENTS) values (146, 1, 'Fusce congue, diam id ornare imperdiet, sapien urna pretium nisl, ut volutpat sapien arcu sed augue. Aliquam erat volutpat. In congue.', 'http://dummyimage.com/244x162.png/5fa2dd/ffffff', 33, 22);
insert into COMMENTS (Id_COMMENTS, grade, content, picture, Id_CLIENTS, Id_EVENTS) values (147, 2, 'Proin eu mi. Nulla ac enim.', 'http://dummyimage.com/120x199.png/ff4444/ffffff', 17, 43);
insert into COMMENTS (Id_COMMENTS, grade, content, picture, Id_CLIENTS, Id_EVENTS) values (148, 5, 'Aenean sit amet justo. Morbi ut odio. Cras mi pede, malesuada in, imperdiet et, commodo vulputate, justo.', 'http://dummyimage.com/238x161.png/cc0000/ffffff', 34, 111);
insert into COMMENTS (Id_COMMENTS, grade, content, picture, Id_CLIENTS, Id_EVENTS) values (149, 3, 'Morbi porttitor lorem id ligula. Suspendisse ornare consequat lectus. In est risus, auctor sed, tristique in, tempus sit amet, sem.', 'http://dummyimage.com/133x219.png/ff4444/ffffff', 61, 95);
insert into COMMENTS (Id_COMMENTS, grade, content, picture, Id_CLIENTS, Id_EVENTS) values (150, 5, 'Proin leo odio, porttitor id, consequat in, consequat ut, nulla. Sed accumsan felis.', 'http://dummyimage.com/151x190.png/cc0000/ffffff', 22, 58);
insert into COMMENTS (Id_COMMENTS, grade, content, picture, Id_CLIENTS, Id_EVENTS) values (151, 3, 'Vivamus vestibulum sagittis sapien. Cum sociis natoque penatibus et magnis dis parturient montes, nascetur ridiculus mus.', 'http://dummyimage.com/164x193.png/dddddd/000000', 52, 90);
insert into COMMENTS (Id_COMMENTS, grade, content, picture, Id_CLIENTS, Id_EVENTS) values (152, 3, 'Duis bibendum.', 'http://dummyimage.com/229x121.png/dddddd/000000', 55, 122);
insert into COMMENTS (Id_COMMENTS, grade, content, picture, Id_CLIENTS, Id_EVENTS) values (153, 5, 'Etiam pretium iaculis justo. In hac habitasse platea dictumst. Etiam faucibus cursus urna.', 'http://dummyimage.com/149x138.png/ff4444/ffffff', 51, 120);
insert into COMMENTS (Id_COMMENTS, grade, content, picture, Id_CLIENTS, Id_EVENTS) values (154, 1, 'Pellentesque viverra pede ac diam. Cras pellentesque volutpat dui. Maecenas tristique, est et tempus semper, est quam pharetra magna, ac consequat metus sapien ut nunc.', 'http://dummyimage.com/245x190.png/cc0000/ffffff', 15, 144);
insert into COMMENTS (Id_COMMENTS, grade, content, picture, Id_CLIENTS, Id_EVENTS) values (155, 4, 'Cras in purus eu magna vulputate luctus. Cum sociis natoque penatibus et magnis dis parturient montes, nascetur ridiculus mus. Vivamus vestibulum sagittis sapien.', 'http://dummyimage.com/234x168.png/5fa2dd/ffffff', 19, 153);
insert into COMMENTS (Id_COMMENTS, grade, content, picture, Id_CLIENTS, Id_EVENTS) values (156, 2, 'In hac habitasse platea dictumst. Morbi vestibulum, velit id pretium iaculis, diam erat fermentum justo, nec condimentum neque sapien placerat ante.', 'http://dummyimage.com/221x110.png/dddddd/000000', 21, 135);
insert into COMMENTS (Id_COMMENTS, grade, content, picture, Id_CLIENTS, Id_EVENTS) values (157, 3, 'Nulla tellus. In sagittis dui vel nisl.', 'http://dummyimage.com/220x150.png/cc0000/ffffff', 6, 147);
insert into COMMENTS (Id_COMMENTS, grade, content, picture, Id_CLIENTS, Id_EVENTS) values (158, 5, 'Quisque ut erat. Curabitur gravida nisi at nibh. In hac habitasse platea dictumst.', 'http://dummyimage.com/133x220.png/5fa2dd/ffffff', 21, 158);
insert into COMMENTS (Id_COMMENTS, grade, content, picture, Id_CLIENTS, Id_EVENTS) values (159, 2, 'Nunc rhoncus dui vel sem. Sed sagittis. Nam congue, risus semper porta volutpat, quam pede lobortis ligula, sit amet eleifend pede libero quis orci.', 'http://dummyimage.com/204x113.png/5fa2dd/ffffff', 28, 193);
insert into COMMENTS (Id_COMMENTS, grade, content, picture, Id_CLIENTS, Id_EVENTS) values (160, 2, 'Quisque id justo sit amet sapien dignissim vestibulum.', 'http://dummyimage.com/115x210.png/cc0000/ffffff', 47, 122);
insert into COMMENTS (Id_COMMENTS, grade, content, picture, Id_CLIENTS, Id_EVENTS) values (161, 2, 'Nulla neque libero, convallis eget, eleifend luctus, ultricies eu, nibh. Quisque id justo sit amet sapien dignissim vestibulum. Vestibulum ante ipsum primis in faucibus orci luctus et ultrices posuere cubilia Curae; Nulla dapibus dolor vel est.', 'http://dummyimage.com/215x125.png/5fa2dd/ffffff', 65, 52);
insert into COMMENTS (Id_COMMENTS, grade, content, picture, Id_CLIENTS, Id_EVENTS) values (162, 1, 'Vivamus in felis eu sapien cursus vestibulum.', 'http://dummyimage.com/224x157.png/5fa2dd/ffffff', 53, 196);
insert into COMMENTS (Id_COMMENTS, grade, content, picture, Id_CLIENTS, Id_EVENTS) values (163, 3, 'Pellentesque viverra pede ac diam.', 'http://dummyimage.com/247x156.png/ff4444/ffffff', 61, 15);
insert into COMMENTS (Id_COMMENTS, grade, content, picture, Id_CLIENTS, Id_EVENTS) values (164, 1, 'Nulla facilisi. Cras non velit nec nisi vulputate nonummy. Maecenas tincidunt lacus at velit.', 'http://dummyimage.com/159x165.png/ff4444/ffffff', 22, 109);
insert into COMMENTS (Id_COMMENTS, grade, content, picture, Id_CLIENTS, Id_EVENTS) values (165, 5, 'Fusce posuere felis sed lacus. Morbi sem mauris, laoreet ut, rhoncus aliquet, pulvinar sed, nisl. Nunc rhoncus dui vel sem.', 'http://dummyimage.com/132x157.png/5fa2dd/ffffff', 25, 40);
insert into COMMENTS (Id_COMMENTS, grade, content, picture, Id_CLIENTS, Id_EVENTS) values (166, 1, 'Cum sociis natoque penatibus et magnis dis parturient montes, nascetur ridiculus mus. Vivamus vestibulum sagittis sapien. Cum sociis natoque penatibus et magnis dis parturient montes, nascetur ridiculus mus.', 'http://dummyimage.com/167x220.png/cc0000/ffffff', 6, 50);
insert into COMMENTS (Id_COMMENTS, grade, content, picture, Id_CLIENTS, Id_EVENTS) values (167, 1, 'Pellentesque eget nunc. Donec quis orci eget orci vehicula condimentum.', 'http://dummyimage.com/218x127.png/ff4444/ffffff', 58, 177);
insert into COMMENTS (Id_COMMENTS, grade, content, picture, Id_CLIENTS, Id_EVENTS) values (168, 4, 'In eleifend quam a odio.', 'http://dummyimage.com/234x140.png/dddddd/000000', 56, 73);
insert into COMMENTS (Id_COMMENTS, grade, content, picture, Id_CLIENTS, Id_EVENTS) values (169, 3, 'Morbi vestibulum, velit id pretium iaculis, diam erat fermentum justo, nec condimentum neque sapien placerat ante. Nulla justo.', 'http://dummyimage.com/227x112.png/cc0000/ffffff', 15, 139);
insert into COMMENTS (Id_COMMENTS, grade, content, picture, Id_CLIENTS, Id_EVENTS) values (170, 4, 'Quisque ut erat. Curabitur gravida nisi at nibh. In hac habitasse platea dictumst.', 'http://dummyimage.com/170x161.png/ff4444/ffffff', 34, 120);
insert into COMMENTS (Id_COMMENTS, grade, content, picture, Id_CLIENTS, Id_EVENTS) values (171, 4, 'In blandit ultrices enim. Lorem ipsum dolor sit amet, consectetuer adipiscing elit. Proin interdum mauris non ligula pellentesque ultrices.', 'http://dummyimage.com/227x156.png/5fa2dd/ffffff', 43, 92);
insert into COMMENTS (Id_COMMENTS, grade, content, picture, Id_CLIENTS, Id_EVENTS) values (172, 5, 'Mauris sit amet eros.', 'http://dummyimage.com/155x116.png/5fa2dd/ffffff', 2, 150);
insert into COMMENTS (Id_COMMENTS, grade, content, picture, Id_CLIENTS, Id_EVENTS) values (173, 2, 'Suspendisse accumsan tortor quis turpis. Sed ante.', 'http://dummyimage.com/170x235.png/cc0000/ffffff', 27, 106);
insert into COMMENTS (Id_COMMENTS, grade, content, picture, Id_CLIENTS, Id_EVENTS) values (174, 3, 'Quisque id justo sit amet sapien dignissim vestibulum. Vestibulum ante ipsum primis in faucibus orci luctus et ultrices posuere cubilia Curae; Nulla dapibus dolor vel est.', 'http://dummyimage.com/120x207.png/dddddd/000000', 37, 163);
insert into COMMENTS (Id_COMMENTS, grade, content, picture, Id_CLIENTS, Id_EVENTS) values (175, 5, 'In congue. Etiam justo. Etiam pretium iaculis justo.', 'http://dummyimage.com/240x132.png/ff4444/ffffff', 61, 107);
insert into COMMENTS (Id_COMMENTS, grade, content, picture, Id_CLIENTS, Id_EVENTS) values (176, 1, 'Suspendisse ornare consequat lectus.', 'http://dummyimage.com/114x229.png/dddddd/000000', 30, 124);
insert into COMMENTS (Id_COMMENTS, grade, content, picture, Id_CLIENTS, Id_EVENTS) values (177, 1, 'Maecenas pulvinar lobortis est. Phasellus sit amet erat.', 'http://dummyimage.com/125x133.png/5fa2dd/ffffff', 46, 11);
insert into COMMENTS (Id_COMMENTS, grade, content, picture, Id_CLIENTS, Id_EVENTS) values (178, 4, 'Nullam porttitor lacus at turpis.', 'http://dummyimage.com/193x174.png/5fa2dd/ffffff', 34, 91);
insert into COMMENTS (Id_COMMENTS, grade, content, picture, Id_CLIENTS, Id_EVENTS) values (179, 2, 'Nulla neque libero, convallis eget, eleifend luctus, ultricies eu, nibh. Quisque id justo sit amet sapien dignissim vestibulum. Vestibulum ante ipsum primis in faucibus orci luctus et ultrices posuere cubilia Curae; Nulla dapibus dolor vel est.', 'http://dummyimage.com/222x227.png/cc0000/ffffff', 41, 69);
insert into COMMENTS (Id_COMMENTS, grade, content, picture, Id_CLIENTS, Id_EVENTS) values (180, 5, 'Vestibulum quam sapien, varius ut, blandit non, interdum in, ante.', 'http://dummyimage.com/168x126.png/dddddd/000000', 62, 165);
insert into COMMENTS (Id_COMMENTS, grade, content, picture, Id_CLIENTS, Id_EVENTS) values (181, 3, 'Aliquam erat volutpat. In congue.', 'http://dummyimage.com/165x106.png/5fa2dd/ffffff', 57, 24);
insert into COMMENTS (Id_COMMENTS, grade, content, picture, Id_CLIENTS, Id_EVENTS) values (182, 1, 'Pellentesque eget nunc. Donec quis orci eget orci vehicula condimentum. Curabitur in libero ut massa volutpat convallis.', 'http://dummyimage.com/150x129.png/ff4444/ffffff', 51, 166);
insert into COMMENTS (Id_COMMENTS, grade, content, picture, Id_CLIENTS, Id_EVENTS) values (183, 3, 'Donec ut mauris eget massa tempor convallis. Nulla neque libero, convallis eget, eleifend luctus, ultricies eu, nibh. Quisque id justo sit amet sapien dignissim vestibulum.', 'http://dummyimage.com/235x155.png/ff4444/ffffff', 61, 131);
insert into COMMENTS (Id_COMMENTS, grade, content, picture, Id_CLIENTS, Id_EVENTS) values (184, 3, 'Fusce consequat.', 'http://dummyimage.com/219x104.png/cc0000/ffffff', 21, 29);
insert into COMMENTS (Id_COMMENTS, grade, content, picture, Id_CLIENTS, Id_EVENTS) values (185, 4, 'Aenean auctor gravida sem. Praesent id massa id nisl venenatis lacinia. Aenean sit amet justo.', 'http://dummyimage.com/237x201.png/ff4444/ffffff', 5, 14);
insert into COMMENTS (Id_COMMENTS, grade, content, picture, Id_CLIENTS, Id_EVENTS) values (186, 2, 'Morbi porttitor lorem id ligula. Suspendisse ornare consequat lectus. In est risus, auctor sed, tristique in, tempus sit amet, sem.', 'http://dummyimage.com/202x216.png/ff4444/ffffff', 46, 62);
insert into COMMENTS (Id_COMMENTS, grade, content, picture, Id_CLIENTS, Id_EVENTS) values (187, 4, 'Nulla facilisi. Cras non velit nec nisi vulputate nonummy.', 'http://dummyimage.com/180x239.png/cc0000/ffffff', 29, 165);
insert into COMMENTS (Id_COMMENTS, grade, content, picture, Id_CLIENTS, Id_EVENTS) values (188, 1, 'Etiam faucibus cursus urna. Ut tellus. Nulla ut erat id mauris vulputate elementum.', 'http://dummyimage.com/129x158.png/cc0000/ffffff', 50, 187);
insert into COMMENTS (Id_COMMENTS, grade, content, picture, Id_CLIENTS, Id_EVENTS) values (189, 4, 'Sed vel enim sit amet nunc viverra dapibus. Nulla suscipit ligula in lacus.', 'http://dummyimage.com/146x171.png/cc0000/ffffff', 54, 106);
insert into COMMENTS (Id_COMMENTS, grade, content, picture, Id_CLIENTS, Id_EVENTS) values (190, 1, 'Cras non velit nec nisi vulputate nonummy. Maecenas tincidunt lacus at velit. Vivamus vel nulla eget eros elementum pellentesque.', 'http://dummyimage.com/186x205.png/ff4444/ffffff', 61, 156);
insert into COMMENTS (Id_COMMENTS, grade, content, picture, Id_CLIENTS, Id_EVENTS) values (191, 1, 'Nulla facilisi.', 'http://dummyimage.com/237x228.png/dddddd/000000', 28, 79);
insert into COMMENTS (Id_COMMENTS, grade, content, picture, Id_CLIENTS, Id_EVENTS) values (192, 5, 'Phasellus id sapien in sapien iaculis congue. Vivamus metus arcu, adipiscing molestie, hendrerit at, vulputate vitae, nisl. Aenean lectus.', 'http://dummyimage.com/235x219.png/cc0000/ffffff', 4, 184);
insert into COMMENTS (Id_COMMENTS, grade, content, picture, Id_CLIENTS, Id_EVENTS) values (193, 2, 'Etiam justo. Etiam pretium iaculis justo. In hac habitasse platea dictumst.', 'http://dummyimage.com/198x197.png/5fa2dd/ffffff', 51, 111);
insert into COMMENTS (Id_COMMENTS, grade, content, picture, Id_CLIENTS, Id_EVENTS) values (194, 5, 'Quisque erat eros, viverra eget, congue eget, semper rutrum, nulla. Nunc purus. Phasellus in felis.', 'http://dummyimage.com/152x239.png/ff4444/ffffff', 27, 87);
insert into COMMENTS (Id_COMMENTS, grade, content, picture, Id_CLIENTS, Id_EVENTS) values (195, 2, 'Morbi vel lectus in quam fringilla rhoncus.', 'http://dummyimage.com/184x215.png/dddddd/000000', 24, 4);
insert into COMMENTS (Id_COMMENTS, grade, content, picture, Id_CLIENTS, Id_EVENTS) values (196, 5, 'Duis aliquam convallis nunc. Proin at turpis a pede posuere nonummy. Integer non velit.', 'http://dummyimage.com/212x236.png/ff4444/ffffff', 18, 37);
insert into COMMENTS (Id_COMMENTS, grade, content, picture, Id_CLIENTS, Id_EVENTS) values (197, 4, 'Suspendisse potenti. Cras in purus eu magna vulputate luctus.', 'http://dummyimage.com/196x201.png/5fa2dd/ffffff', 4, 94);
insert into COMMENTS (Id_COMMENTS, grade, content, picture, Id_CLIENTS, Id_EVENTS) values (198, 3, 'Ut at dolor quis odio consequat varius.', 'http://dummyimage.com/236x227.png/5fa2dd/ffffff', 43, 104);
insert into COMMENTS (Id_COMMENTS, grade, content, picture, Id_CLIENTS, Id_EVENTS) values (199, 1, 'Nulla suscipit ligula in lacus. Curabitur at ipsum ac tellus semper interdum. Mauris ullamcorper purus sit amet nulla.', 'http://dummyimage.com/175x225.png/cc0000/ffffff', 42, 124);
insert into COMMENTS (Id_COMMENTS, grade, content, picture, Id_CLIENTS, Id_EVENTS) values (200, 4, 'Suspendisse ornare consequat lectus. In est risus, auctor sed, tristique in, tempus sit amet, sem.', 'http://dummyimage.com/118x169.png/dddddd/000000', 11, 86);
insert into COMMENTS (Id_COMMENTS, grade, content, picture, Id_CLIENTS, Id_EVENTS) values (201, 5, 'Maecenas rhoncus aliquam lacus.', 'http://dummyimage.com/139x151.png/5fa2dd/ffffff', 68, 135);
insert into COMMENTS (Id_COMMENTS, grade, content, picture, Id_CLIENTS, Id_EVENTS) values (202, 5, 'Quisque erat eros, viverra eget, congue eget, semper rutrum, nulla. Nunc purus.', 'http://dummyimage.com/154x204.png/dddddd/000000', 24, 146);
insert into COMMENTS (Id_COMMENTS, grade, content, picture, Id_CLIENTS, Id_EVENTS) values (203, 5, 'Donec diam neque, vestibulum eget, vulputate ut, ultrices vel, augue.', 'http://dummyimage.com/128x172.png/ff4444/ffffff', 20, 131);
insert into COMMENTS (Id_COMMENTS, grade, content, picture, Id_CLIENTS, Id_EVENTS) values (204, 4, 'Donec quis orci eget orci vehicula condimentum. Curabitur in libero ut massa volutpat convallis. Morbi odio odio, elementum eu, interdum eu, tincidunt in, leo.', 'http://dummyimage.com/187x106.png/cc0000/ffffff', 30, 37);
insert into COMMENTS (Id_COMMENTS, grade, content, picture, Id_CLIENTS, Id_EVENTS) values (205, 3, 'Aenean sit amet justo. Morbi ut odio. Cras mi pede, malesuada in, imperdiet et, commodo vulputate, justo.', 'http://dummyimage.com/104x206.png/ff4444/ffffff', 34, 174);
insert into COMMENTS (Id_COMMENTS, grade, content, picture, Id_CLIENTS, Id_EVENTS) values (206, 2, 'Duis bibendum. Morbi non quam nec dui luctus rutrum.', 'http://dummyimage.com/238x125.png/dddddd/000000', 44, 19);
insert into COMMENTS (Id_COMMENTS, grade, content, picture, Id_CLIENTS, Id_EVENTS) values (207, 1, 'Vivamus vel nulla eget eros elementum pellentesque.', 'http://dummyimage.com/211x178.png/dddddd/000000', 4, 190);
insert into COMMENTS (Id_COMMENTS, grade, content, picture, Id_CLIENTS, Id_EVENTS) values (208, 1, 'Aenean auctor gravida sem. Praesent id massa id nisl venenatis lacinia.', 'http://dummyimage.com/229x166.png/5fa2dd/ffffff', 11, 89);
insert into COMMENTS (Id_COMMENTS, grade, content, picture, Id_CLIENTS, Id_EVENTS) values (209, 5, 'Praesent lectus. Vestibulum quam sapien, varius ut, blandit non, interdum in, ante. Vestibulum ante ipsum primis in faucibus orci luctus et ultrices posuere cubilia Curae; Duis faucibus accumsan odio.', 'http://dummyimage.com/165x250.png/ff4444/ffffff', 2, 70);
insert into COMMENTS (Id_COMMENTS, grade, content, picture, Id_CLIENTS, Id_EVENTS) values (210, 5, 'Ut at dolor quis odio consequat varius. Integer ac leo.', 'http://dummyimage.com/104x163.png/dddddd/000000', 48, 40);
insert into COMMENTS (Id_COMMENTS, grade, content, picture, Id_CLIENTS, Id_EVENTS) values (211, 2, 'Donec ut dolor. Morbi vel lectus in quam fringilla rhoncus.', 'http://dummyimage.com/202x197.png/ff4444/ffffff', 2, 81);
insert into COMMENTS (Id_COMMENTS, grade, content, picture, Id_CLIENTS, Id_EVENTS) values (212, 1, 'Curabitur at ipsum ac tellus semper interdum. Mauris ullamcorper purus sit amet nulla. Quisque arcu libero, rutrum ac, lobortis vel, dapibus at, diam.', 'http://dummyimage.com/167x233.png/dddddd/000000', 64, 175);
insert into COMMENTS (Id_COMMENTS, grade, content, picture, Id_CLIENTS, Id_EVENTS) values (213, 4, 'Proin eu mi.', 'http://dummyimage.com/122x228.png/ff4444/ffffff', 49, 191);
insert into COMMENTS (Id_COMMENTS, grade, content, picture, Id_CLIENTS, Id_EVENTS) values (214, 1, 'Pellentesque ultrices mattis odio.', 'http://dummyimage.com/136x133.png/cc0000/ffffff', 59, 25);
insert into COMMENTS (Id_COMMENTS, grade, content, picture, Id_CLIENTS, Id_EVENTS) values (215, 2, 'Phasellus id sapien in sapien iaculis congue. Vivamus metus arcu, adipiscing molestie, hendrerit at, vulputate vitae, nisl.', 'http://dummyimage.com/232x100.png/ff4444/ffffff', 68, 47);
insert into COMMENTS (Id_COMMENTS, grade, content, picture, Id_CLIENTS, Id_EVENTS) values (216, 5, 'Aenean auctor gravida sem.', 'http://dummyimage.com/153x170.png/ff4444/ffffff', 46, 84);
insert into COMMENTS (Id_COMMENTS, grade, content, picture, Id_CLIENTS, Id_EVENTS) values (217, 5, 'Donec diam neque, vestibulum eget, vulputate ut, ultrices vel, augue.', 'http://dummyimage.com/140x214.png/dddddd/000000', 48, 95);
insert into COMMENTS (Id_COMMENTS, grade, content, picture, Id_CLIENTS, Id_EVENTS) values (218, 4, 'Proin leo odio, porttitor id, consequat in, consequat ut, nulla. Sed accumsan felis. Ut at dolor quis odio consequat varius.', 'http://dummyimage.com/241x232.png/dddddd/000000', 46, 113);
insert into COMMENTS (Id_COMMENTS, grade, content, picture, Id_CLIENTS, Id_EVENTS) values (219, 5, 'Cras mi pede, malesuada in, imperdiet et, commodo vulputate, justo. In blandit ultrices enim. Lorem ipsum dolor sit amet, consectetuer adipiscing elit.', 'http://dummyimage.com/147x203.png/5fa2dd/ffffff', 32, 95);
insert into COMMENTS (Id_COMMENTS, grade, content, picture, Id_CLIENTS, Id_EVENTS) values (220, 5, 'In hac habitasse platea dictumst. Etiam faucibus cursus urna.', 'http://dummyimage.com/219x128.png/dddddd/000000', 33, 141);
insert into COMMENTS (Id_COMMENTS, grade, content, picture, Id_CLIENTS, Id_EVENTS) values (221, 1, 'Vestibulum ante ipsum primis in faucibus orci luctus et ultrices posuere cubilia Curae; Duis faucibus accumsan odio.', 'http://dummyimage.com/196x209.png/cc0000/ffffff', 53, 186);
insert into COMMENTS (Id_COMMENTS, grade, content, picture, Id_CLIENTS, Id_EVENTS) values (222, 2, 'Nullam sit amet turpis elementum ligula vehicula consequat. Morbi a ipsum. Integer a nibh.', 'http://dummyimage.com/110x123.png/cc0000/ffffff', 25, 65);
insert into COMMENTS (Id_COMMENTS, grade, content, picture, Id_CLIENTS, Id_EVENTS) values (223, 3, 'Cum sociis natoque penatibus et magnis dis parturient montes, nascetur ridiculus mus. Etiam vel augue. Vestibulum rutrum rutrum neque.', 'http://dummyimage.com/129x193.png/5fa2dd/ffffff', 60, 56);
insert into COMMENTS (Id_COMMENTS, grade, content, picture, Id_CLIENTS, Id_EVENTS) values (224, 5, 'In congue.', 'http://dummyimage.com/168x176.png/5fa2dd/ffffff', 36, 16);
insert into COMMENTS (Id_COMMENTS, grade, content, picture, Id_CLIENTS, Id_EVENTS) values (225, 4, 'Fusce congue, diam id ornare imperdiet, sapien urna pretium nisl, ut volutpat sapien arcu sed augue. Aliquam erat volutpat. In congue.', 'http://dummyimage.com/163x142.png/dddddd/000000', 33, 6);
insert into COMMENTS (Id_COMMENTS, grade, content, picture, Id_CLIENTS, Id_EVENTS) values (226, 1, 'Maecenas pulvinar lobortis est. Phasellus sit amet erat.', 'http://dummyimage.com/125x133.png/5fa2dd/ffffff', 6, 84);
insert into COMMENTS (Id_COMMENTS, grade, content, picture, Id_CLIENTS, Id_EVENTS) values (227, 1, 'Pellentesque at nulla. Suspendisse potenti.', 'http://dummyimage.com/107x118.png/dddddd/000000', 68, 23);
insert into COMMENTS (Id_COMMENTS, grade, content, picture, Id_CLIENTS, Id_EVENTS) values (228, 2, 'Fusce lacus purus, aliquet at, feugiat non, pretium quis, lectus.', 'http://dummyimage.com/222x244.png/cc0000/ffffff', 50, 6);
insert into COMMENTS (Id_COMMENTS, grade, content, picture, Id_CLIENTS, Id_EVENTS) values (229, 3, 'Praesent lectus. Vestibulum quam sapien, varius ut, blandit non, interdum in, ante.', 'http://dummyimage.com/173x250.png/ff4444/ffffff', 67, 150);
insert into COMMENTS (Id_COMMENTS, grade, content, picture, Id_CLIENTS, Id_EVENTS) values (230, 2, 'Vestibulum sed magna at nunc commodo placerat. Praesent blandit.', 'http://dummyimage.com/134x164.png/cc0000/ffffff', 64, 132);
insert into COMMENTS (Id_COMMENTS, grade, content, picture, Id_CLIENTS, Id_EVENTS) values (231, 3, 'Morbi a ipsum. Integer a nibh. In quis justo.', 'http://dummyimage.com/140x195.png/cc0000/ffffff', 42, 107);
insert into COMMENTS (Id_COMMENTS, grade, content, picture, Id_CLIENTS, Id_EVENTS) values (232, 1, 'Cras in purus eu magna vulputate luctus.', 'http://dummyimage.com/187x179.png/ff4444/ffffff', 67, 96);
insert into COMMENTS (Id_COMMENTS, grade, content, picture, Id_CLIENTS, Id_EVENTS) values (233, 5, 'Nullam varius. Nulla facilisi. Cras non velit nec nisi vulputate nonummy.', 'http://dummyimage.com/161x201.png/cc0000/ffffff', 12, 150);
insert into COMMENTS (Id_COMMENTS, grade, content, picture, Id_CLIENTS, Id_EVENTS) values (234, 2, 'Vivamus tortor. Duis mattis egestas metus. Aenean fermentum.', 'http://dummyimage.com/112x222.png/ff4444/ffffff', 2, 107);
insert into COMMENTS (Id_COMMENTS, grade, content, picture, Id_CLIENTS, Id_EVENTS) values (235, 3, 'Vivamus in felis eu sapien cursus vestibulum. Proin eu mi.', 'http://dummyimage.com/159x127.png/ff4444/ffffff', 44, 120);
insert into COMMENTS (Id_COMMENTS, grade, content, picture, Id_CLIENTS, Id_EVENTS) values (236, 2, 'Duis ac nibh. Fusce lacus purus, aliquet at, feugiat non, pretium quis, lectus. Suspendisse potenti.', 'http://dummyimage.com/145x246.png/5fa2dd/ffffff', 62, 50);
insert into COMMENTS (Id_COMMENTS, grade, content, picture, Id_CLIENTS, Id_EVENTS) values (237, 5, 'Nullam varius. Nulla facilisi.', 'http://dummyimage.com/101x109.png/dddddd/000000', 27, 87);
insert into COMMENTS (Id_COMMENTS, grade, content, picture, Id_CLIENTS, Id_EVENTS) values (238, 3, 'Vestibulum ante ipsum primis in faucibus orci luctus et ultrices posuere cubilia Curae; Duis faucibus accumsan odio. Curabitur convallis. Duis consequat dui nec nisi volutpat eleifend.', 'http://dummyimage.com/143x184.png/5fa2dd/ffffff', 19, 144);
insert into COMMENTS (Id_COMMENTS, grade, content, picture, Id_CLIENTS, Id_EVENTS) values (239, 2, 'Vestibulum ante ipsum primis in faucibus orci luctus et ultrices posuere cubilia Curae; Nulla dapibus dolor vel est.', 'http://dummyimage.com/225x183.png/dddddd/000000', 42, 82);
insert into COMMENTS (Id_COMMENTS, grade, content, picture, Id_CLIENTS, Id_EVENTS) values (240, 2, 'Nullam molestie nibh in lectus. Pellentesque at nulla.', 'http://dummyimage.com/162x196.png/ff4444/ffffff', 62, 199);
insert into COMMENTS (Id_COMMENTS, grade, content, picture, Id_CLIENTS, Id_EVENTS) values (241, 2, 'Pellentesque ultrices mattis odio. Donec vitae nisi.', 'http://dummyimage.com/100x172.png/5fa2dd/ffffff', 39, 92);
insert into COMMENTS (Id_COMMENTS, grade, content, picture, Id_CLIENTS, Id_EVENTS) values (242, 1, 'Etiam faucibus cursus urna. Ut tellus.', 'http://dummyimage.com/133x103.png/cc0000/ffffff', 3, 173);
insert into COMMENTS (Id_COMMENTS, grade, content, picture, Id_CLIENTS, Id_EVENTS) values (243, 4, 'In hac habitasse platea dictumst.', 'http://dummyimage.com/187x171.png/cc0000/ffffff', 6, 57);
insert into COMMENTS (Id_COMMENTS, grade, content, picture, Id_CLIENTS, Id_EVENTS) values (244, 4, 'Fusce consequat. Nulla nisl. Nunc nisl.', 'http://dummyimage.com/242x235.png/ff4444/ffffff', 64, 69);
insert into COMMENTS (Id_COMMENTS, grade, content, picture, Id_CLIENTS, Id_EVENTS) values (245, 4, 'Suspendisse accumsan tortor quis turpis.', 'http://dummyimage.com/239x167.png/ff4444/ffffff', 2, 197);
insert into COMMENTS (Id_COMMENTS, grade, content, picture, Id_CLIENTS, Id_EVENTS) values (246, 3, 'Duis ac nibh.', 'http://dummyimage.com/186x213.png/ff4444/ffffff', 36, 151);
insert into COMMENTS (Id_COMMENTS, grade, content, picture, Id_CLIENTS, Id_EVENTS) values (247, 5, 'Vestibulum rutrum rutrum neque.', 'http://dummyimage.com/246x199.png/ff4444/ffffff', 64, 53);
insert into COMMENTS (Id_COMMENTS, grade, content, picture, Id_CLIENTS, Id_EVENTS) values (248, 1, 'Integer non velit. Donec diam neque, vestibulum eget, vulputate ut, ultrices vel, augue. Vestibulum ante ipsum primis in faucibus orci luctus et ultrices posuere cubilia Curae; Donec pharetra, magna vestibulum aliquet ultrices, erat tortor sollicitudin mi, sit amet lobortis sapien sapien non mi.', 'http://dummyimage.com/187x192.png/ff4444/ffffff', 38, 117);
insert into COMMENTS (Id_COMMENTS, grade, content, picture, Id_CLIENTS, Id_EVENTS) values (249, 2, 'Nunc rhoncus dui vel sem. Sed sagittis. Nam congue, risus semper porta volutpat, quam pede lobortis ligula, sit amet eleifend pede libero quis orci.', 'http://dummyimage.com/192x148.png/cc0000/ffffff', 63, 7);
insert into COMMENTS (Id_COMMENTS, grade, content, picture, Id_CLIENTS, Id_EVENTS) values (250, 4, 'Proin leo odio, porttitor id, consequat in, consequat ut, nulla. Sed accumsan felis.', 'http://dummyimage.com/233x181.png/cc0000/ffffff', 11, 54);
insert into COMMENTS (Id_COMMENTS, grade, content, picture, Id_CLIENTS, Id_EVENTS) values (251, 3, 'In hac habitasse platea dictumst.', 'http://dummyimage.com/232x101.png/5fa2dd/ffffff', 58, 139);
insert into COMMENTS (Id_COMMENTS, grade, content, picture, Id_CLIENTS, Id_EVENTS) values (252, 2, 'Nulla mollis molestie lorem. Quisque ut erat.', 'http://dummyimage.com/117x142.png/ff4444/ffffff', 44, 97);
insert into COMMENTS (Id_COMMENTS, grade, content, picture, Id_CLIENTS, Id_EVENTS) values (253, 2, 'Etiam pretium iaculis justo. In hac habitasse platea dictumst. Etiam faucibus cursus urna.', 'http://dummyimage.com/160x125.png/ff4444/ffffff', 2, 95);
insert into COMMENTS (Id_COMMENTS, grade, content, picture, Id_CLIENTS, Id_EVENTS) values (254, 3, 'Maecenas pulvinar lobortis est. Phasellus sit amet erat. Nulla tempus.', 'http://dummyimage.com/202x109.png/5fa2dd/ffffff', 5, 167);
insert into COMMENTS (Id_COMMENTS, grade, content, picture, Id_CLIENTS, Id_EVENTS) values (255, 1, 'Nullam sit amet turpis elementum ligula vehicula consequat. Morbi a ipsum. Integer a nibh.', 'http://dummyimage.com/149x195.png/5fa2dd/ffffff', 35, 135);
insert into COMMENTS (Id_COMMENTS, grade, content, picture, Id_CLIENTS, Id_EVENTS) values (256, 3, 'Aliquam erat volutpat.', 'http://dummyimage.com/211x106.png/cc0000/ffffff', 4, 55);
insert into COMMENTS (Id_COMMENTS, grade, content, picture, Id_CLIENTS, Id_EVENTS) values (257, 3, 'Duis at velit eu est congue elementum. In hac habitasse platea dictumst. Morbi vestibulum, velit id pretium iaculis, diam erat fermentum justo, nec condimentum neque sapien placerat ante.', 'http://dummyimage.com/225x125.png/5fa2dd/ffffff', 26, 140);
insert into COMMENTS (Id_COMMENTS, grade, content, picture, Id_CLIENTS, Id_EVENTS) values (258, 3, 'Nulla ut erat id mauris vulputate elementum.', 'http://dummyimage.com/215x121.png/ff4444/ffffff', 39, 150);
insert into COMMENTS (Id_COMMENTS, grade, content, picture, Id_CLIENTS, Id_EVENTS) values (259, 1, 'Suspendisse accumsan tortor quis turpis. Sed ante. Vivamus tortor.', 'http://dummyimage.com/129x135.png/ff4444/ffffff', 24, 38);
insert into COMMENTS (Id_COMMENTS, grade, content, picture, Id_CLIENTS, Id_EVENTS) values (260, 4, 'Duis aliquam convallis nunc. Proin at turpis a pede posuere nonummy. Integer non velit.', 'http://dummyimage.com/153x107.png/ff4444/ffffff', 55, 180);
insert into COMMENTS (Id_COMMENTS, grade, content, picture, Id_CLIENTS, Id_EVENTS) values (261, 3, 'Integer aliquet, massa id lobortis convallis, tortor risus dapibus augue, vel accumsan tellus nisi eu orci. Mauris lacinia sapien quis libero.', 'http://dummyimage.com/121x190.png/cc0000/ffffff', 66, 36);
insert into COMMENTS (Id_COMMENTS, grade, content, picture, Id_CLIENTS, Id_EVENTS) values (262, 3, 'Sed ante.', 'http://dummyimage.com/176x147.png/ff4444/ffffff', 49, 26);
insert into COMMENTS (Id_COMMENTS, grade, content, picture, Id_CLIENTS, Id_EVENTS) values (263, 3, 'Proin eu mi. Nulla ac enim.', 'http://dummyimage.com/138x145.png/dddddd/000000', 45, 106);
insert into COMMENTS (Id_COMMENTS, grade, content, picture, Id_CLIENTS, Id_EVENTS) values (264, 4, 'Morbi sem mauris, laoreet ut, rhoncus aliquet, pulvinar sed, nisl. Nunc rhoncus dui vel sem. Sed sagittis.', 'http://dummyimage.com/124x150.png/cc0000/ffffff', 62, 185);
insert into COMMENTS (Id_COMMENTS, grade, content, picture, Id_CLIENTS, Id_EVENTS) values (265, 3, 'Pellentesque viverra pede ac diam. Cras pellentesque volutpat dui.', 'http://dummyimage.com/231x244.png/5fa2dd/ffffff', 44, 49);
insert into COMMENTS (Id_COMMENTS, grade, content, picture, Id_CLIENTS, Id_EVENTS) values (266, 3, 'Etiam faucibus cursus urna. Ut tellus. Nulla ut erat id mauris vulputate elementum.', 'http://dummyimage.com/122x133.png/5fa2dd/ffffff', 20, 76);
insert into COMMENTS (Id_COMMENTS, grade, content, picture, Id_CLIENTS, Id_EVENTS) values (267, 3, 'Duis mattis egestas metus. Aenean fermentum.', 'http://dummyimage.com/177x243.png/dddddd/000000', 36, 119);
insert into COMMENTS (Id_COMMENTS, grade, content, picture, Id_CLIENTS, Id_EVENTS) values (268, 2, 'In congue. Etiam justo. Etiam pretium iaculis justo.', 'http://dummyimage.com/215x108.png/cc0000/ffffff', 56, 170);
insert into COMMENTS (Id_COMMENTS, grade, content, picture, Id_CLIENTS, Id_EVENTS) values (269, 4, 'Donec ut mauris eget massa tempor convallis. Nulla neque libero, convallis eget, eleifend luctus, ultricies eu, nibh.', 'http://dummyimage.com/183x193.png/dddddd/000000', 54, 83);
insert into COMMENTS (Id_COMMENTS, grade, content, picture, Id_CLIENTS, Id_EVENTS) values (270, 5, 'Morbi odio odio, elementum eu, interdum eu, tincidunt in, leo. Maecenas pulvinar lobortis est. Phasellus sit amet erat.', 'http://dummyimage.com/150x125.png/dddddd/000000', 65, 37);
insert into COMMENTS (Id_COMMENTS, grade, content, picture, Id_CLIENTS, Id_EVENTS) values (271, 4, 'Nunc nisl. Duis bibendum, felis sed interdum venenatis, turpis enim blandit mi, in porttitor pede justo eu massa.', 'http://dummyimage.com/180x166.png/dddddd/000000', 34, 199);
insert into COMMENTS (Id_COMMENTS, grade, content, picture, Id_CLIENTS, Id_EVENTS) values (272, 2, 'Aliquam erat volutpat.', 'http://dummyimage.com/112x212.png/ff4444/ffffff', 56, 153);
insert into COMMENTS (Id_COMMENTS, grade, content, picture, Id_CLIENTS, Id_EVENTS) values (273, 5, 'Nulla tempus. Vivamus in felis eu sapien cursus vestibulum. Proin eu mi.', 'http://dummyimage.com/232x187.png/cc0000/ffffff', 55, 161);
insert into COMMENTS (Id_COMMENTS, grade, content, picture, Id_CLIENTS, Id_EVENTS) values (274, 4, 'In hac habitasse platea dictumst. Etiam faucibus cursus urna. Ut tellus.', 'http://dummyimage.com/183x219.png/ff4444/ffffff', 69, 164);
insert into COMMENTS (Id_COMMENTS, grade, content, picture, Id_CLIENTS, Id_EVENTS) values (275, 5, 'Pellentesque ultrices mattis odio. Donec vitae nisi. Nam ultrices, libero non mattis pulvinar, nulla pede ullamcorper augue, a suscipit nulla elit ac nulla.', 'http://dummyimage.com/240x211.png/cc0000/ffffff', 22, 38);
insert into COMMENTS (Id_COMMENTS, grade, content, picture, Id_CLIENTS, Id_EVENTS) values (276, 4, 'Nullam molestie nibh in lectus. Pellentesque at nulla.', 'http://dummyimage.com/214x132.png/cc0000/ffffff', 60, 68);
insert into COMMENTS (Id_COMMENTS, grade, content, picture, Id_CLIENTS, Id_EVENTS) values (277, 2, 'Vivamus vestibulum sagittis sapien. Cum sociis natoque penatibus et magnis dis parturient montes, nascetur ridiculus mus. Etiam vel augue.', 'http://dummyimage.com/140x133.png/ff4444/ffffff', 48, 112);
insert into COMMENTS (Id_COMMENTS, grade, content, picture, Id_CLIENTS, Id_EVENTS) values (278, 2, 'Duis consequat dui nec nisi volutpat eleifend.', 'http://dummyimage.com/194x222.png/ff4444/ffffff', 26, 17);
insert into COMMENTS (Id_COMMENTS, grade, content, picture, Id_CLIENTS, Id_EVENTS) values (279, 5, 'Aliquam sit amet diam in magna bibendum imperdiet. Nullam orci pede, venenatis non, sodales sed, tincidunt eu, felis.', 'http://dummyimage.com/170x208.png/dddddd/000000', 7, 193);
insert into COMMENTS (Id_COMMENTS, grade, content, picture, Id_CLIENTS, Id_EVENTS) values (280, 1, 'Phasellus id sapien in sapien iaculis congue. Vivamus metus arcu, adipiscing molestie, hendrerit at, vulputate vitae, nisl. Aenean lectus.', 'http://dummyimage.com/145x173.png/dddddd/000000', 1, 14);
insert into COMMENTS (Id_COMMENTS, grade, content, picture, Id_CLIENTS, Id_EVENTS) values (281, 2, 'Praesent lectus. Vestibulum quam sapien, varius ut, blandit non, interdum in, ante.', 'http://dummyimage.com/246x197.png/5fa2dd/ffffff', 29, 72);
insert into COMMENTS (Id_COMMENTS, grade, content, picture, Id_CLIENTS, Id_EVENTS) values (282, 4, 'Morbi a ipsum. Integer a nibh. In quis justo.', 'http://dummyimage.com/215x105.png/5fa2dd/ffffff', 32, 128);
insert into COMMENTS (Id_COMMENTS, grade, content, picture, Id_CLIENTS, Id_EVENTS) values (283, 3, 'Praesent blandit lacinia erat.', 'http://dummyimage.com/125x144.png/cc0000/ffffff', 44, 83);
insert into COMMENTS (Id_COMMENTS, grade, content, picture, Id_CLIENTS, Id_EVENTS) values (284, 3, 'Mauris sit amet eros.', 'http://dummyimage.com/245x131.png/dddddd/000000', 18, 86);
insert into COMMENTS (Id_COMMENTS, grade, content, picture, Id_CLIENTS, Id_EVENTS) values (285, 2, 'Maecenas leo odio, condimentum id, luctus nec, molestie sed, justo. Pellentesque viverra pede ac diam.', 'http://dummyimage.com/227x151.png/ff4444/ffffff', 27, 175);
insert into COMMENTS (Id_COMMENTS, grade, content, picture, Id_CLIENTS, Id_EVENTS) values (286, 4, 'Curabitur at ipsum ac tellus semper interdum.', 'http://dummyimage.com/239x223.png/ff4444/ffffff', 53, 166);
insert into COMMENTS (Id_COMMENTS, grade, content, picture, Id_CLIENTS, Id_EVENTS) values (287, 3, 'In congue.', 'http://dummyimage.com/193x171.png/dddddd/000000', 15, 23);
insert into COMMENTS (Id_COMMENTS, grade, content, picture, Id_CLIENTS, Id_EVENTS) values (288, 3, 'Sed vel enim sit amet nunc viverra dapibus. Nulla suscipit ligula in lacus. Curabitur at ipsum ac tellus semper interdum.', 'http://dummyimage.com/222x169.png/5fa2dd/ffffff', 2, 20);
insert into COMMENTS (Id_COMMENTS, grade, content, picture, Id_CLIENTS, Id_EVENTS) values (289, 2, 'Donec semper sapien a libero. Nam dui.', 'http://dummyimage.com/132x231.png/5fa2dd/ffffff', 48, 89);
insert into COMMENTS (Id_COMMENTS, grade, content, picture, Id_CLIENTS, Id_EVENTS) values (290, 1, 'In hac habitasse platea dictumst. Etiam faucibus cursus urna.', 'http://dummyimage.com/120x249.png/dddddd/000000', 17, 112);
insert into COMMENTS (Id_COMMENTS, grade, content, picture, Id_CLIENTS, Id_EVENTS) values (291, 5, 'Duis aliquam convallis nunc. Proin at turpis a pede posuere nonummy.', 'http://dummyimage.com/164x123.png/ff4444/ffffff', 10, 91);
insert into COMMENTS (Id_COMMENTS, grade, content, picture, Id_CLIENTS, Id_EVENTS) values (292, 1, 'Donec quis orci eget orci vehicula condimentum. Curabitur in libero ut massa volutpat convallis.', 'http://dummyimage.com/206x193.png/5fa2dd/ffffff', 39, 180);
insert into COMMENTS (Id_COMMENTS, grade, content, picture, Id_CLIENTS, Id_EVENTS) values (293, 2, 'Nam dui. Proin leo odio, porttitor id, consequat in, consequat ut, nulla. Sed accumsan felis.', 'http://dummyimage.com/108x197.png/5fa2dd/ffffff', 65, 60);
insert into COMMENTS (Id_COMMENTS, grade, content, picture, Id_CLIENTS, Id_EVENTS) values (294, 2, 'Fusce congue, diam id ornare imperdiet, sapien urna pretium nisl, ut volutpat sapien arcu sed augue. Aliquam erat volutpat.', 'http://dummyimage.com/189x197.png/5fa2dd/ffffff', 66, 195);
insert into COMMENTS (Id_COMMENTS, grade, content, picture, Id_CLIENTS, Id_EVENTS) values (295, 2, 'Donec odio justo, sollicitudin ut, suscipit a, feugiat et, eros.', 'http://dummyimage.com/166x156.png/cc0000/ffffff', 67, 31);
insert into COMMENTS (Id_COMMENTS, grade, content, picture, Id_CLIENTS, Id_EVENTS) values (296, 3, 'Proin risus.', 'http://dummyimage.com/154x223.png/dddddd/000000', 41, 81);
insert into COMMENTS (Id_COMMENTS, grade, content, picture, Id_CLIENTS, Id_EVENTS) values (297, 1, 'Proin leo odio, porttitor id, consequat in, consequat ut, nulla. Sed accumsan felis. Ut at dolor quis odio consequat varius.', 'http://dummyimage.com/178x113.png/ff4444/ffffff', 45, 181);
insert into COMMENTS (Id_COMMENTS, grade, content, picture, Id_CLIENTS, Id_EVENTS) values (298, 3, 'Nulla facilisi.', 'http://dummyimage.com/233x171.png/ff4444/ffffff', 30, 102);
insert into COMMENTS (Id_COMMENTS, grade, content, picture, Id_CLIENTS, Id_EVENTS) values (299, 3, 'Nullam molestie nibh in lectus. Pellentesque at nulla. Suspendisse potenti.', 'http://dummyimage.com/213x220.png/5fa2dd/ffffff', 5, 35);
insert into COMMENTS (Id_COMMENTS, grade, content, picture, Id_CLIENTS, Id_EVENTS) values (300, 3, 'Morbi vestibulum, velit id pretium iaculis, diam erat fermentum justo, nec condimentum neque sapien placerat ante.', 'http://dummyimage.com/166x198.png/cc0000/ffffff', 28, 169);
insert into COMMENTS (Id_COMMENTS, grade, content, picture, Id_CLIENTS, Id_EVENTS) values (301, 3, 'Proin interdum mauris non ligula pellentesque ultrices. Phasellus id sapien in sapien iaculis congue.', 'http://dummyimage.com/134x224.png/5fa2dd/ffffff', 13, 120);
insert into COMMENTS (Id_COMMENTS, grade, content, picture, Id_CLIENTS, Id_EVENTS) values (302, 5, 'Cras pellentesque volutpat dui. Maecenas tristique, est et tempus semper, est quam pharetra magna, ac consequat metus sapien ut nunc.', 'http://dummyimage.com/214x227.png/5fa2dd/ffffff', 20, 76);
insert into COMMENTS (Id_COMMENTS, grade, content, picture, Id_CLIENTS, Id_EVENTS) values (303, 2, 'Aenean fermentum.', 'http://dummyimage.com/112x131.png/cc0000/ffffff', 49, 113);
insert into COMMENTS (Id_COMMENTS, grade, content, picture, Id_CLIENTS, Id_EVENTS) values (304, 5, 'In est risus, auctor sed, tristique in, tempus sit amet, sem.', 'http://dummyimage.com/128x152.png/cc0000/ffffff', 23, 28);
insert into COMMENTS (Id_COMMENTS, grade, content, picture, Id_CLIENTS, Id_EVENTS) values (305, 2, 'Suspendisse potenti.', 'http://dummyimage.com/193x219.png/dddddd/000000', 28, 147);
insert into COMMENTS (Id_COMMENTS, grade, content, picture, Id_CLIENTS, Id_EVENTS) values (306, 1, 'Lorem ipsum dolor sit amet, consectetuer adipiscing elit. Proin interdum mauris non ligula pellentesque ultrices. Phasellus id sapien in sapien iaculis congue.', 'http://dummyimage.com/123x221.png/cc0000/ffffff', 7, 5);
insert into COMMENTS (Id_COMMENTS, grade, content, picture, Id_CLIENTS, Id_EVENTS) values (307, 1, 'Donec odio justo, sollicitudin ut, suscipit a, feugiat et, eros.', 'http://dummyimage.com/132x239.png/dddddd/000000', 34, 80);
insert into COMMENTS (Id_COMMENTS, grade, content, picture, Id_CLIENTS, Id_EVENTS) values (308, 3, 'Proin leo odio, porttitor id, consequat in, consequat ut, nulla. Sed accumsan felis. Ut at dolor quis odio consequat varius.', 'http://dummyimage.com/174x142.png/dddddd/000000', 19, 18);
insert into COMMENTS (Id_COMMENTS, grade, content, picture, Id_CLIENTS, Id_EVENTS) values (309, 5, 'Etiam vel augue.', 'http://dummyimage.com/183x160.png/5fa2dd/ffffff', 26, 70);
insert into COMMENTS (Id_COMMENTS, grade, content, picture, Id_CLIENTS, Id_EVENTS) values (310, 4, 'Praesent blandit.', 'http://dummyimage.com/146x104.png/ff4444/ffffff', 61, 68);
insert into COMMENTS (Id_COMMENTS, grade, content, picture, Id_CLIENTS, Id_EVENTS) values (311, 4, 'Donec quis orci eget orci vehicula condimentum. Curabitur in libero ut massa volutpat convallis. Morbi odio odio, elementum eu, interdum eu, tincidunt in, leo.', 'http://dummyimage.com/164x143.png/cc0000/ffffff', 54, 91);
insert into COMMENTS (Id_COMMENTS, grade, content, picture, Id_CLIENTS, Id_EVENTS) values (312, 1, 'In hac habitasse platea dictumst. Maecenas ut massa quis augue luctus tincidunt.', 'http://dummyimage.com/225x250.png/5fa2dd/ffffff', 23, 65);
insert into COMMENTS (Id_COMMENTS, grade, content, picture, Id_CLIENTS, Id_EVENTS) values (313, 5, 'Etiam faucibus cursus urna.', 'http://dummyimage.com/220x245.png/cc0000/ffffff', 15, 96);
insert into COMMENTS (Id_COMMENTS, grade, content, picture, Id_CLIENTS, Id_EVENTS) values (314, 4, 'Donec ut dolor. Morbi vel lectus in quam fringilla rhoncus.', 'http://dummyimage.com/192x194.png/ff4444/ffffff', 31, 19);
insert into COMMENTS (Id_COMMENTS, grade, content, picture, Id_CLIENTS, Id_EVENTS) values (315, 3, 'Nam congue, risus semper porta volutpat, quam pede lobortis ligula, sit amet eleifend pede libero quis orci. Nullam molestie nibh in lectus.', 'http://dummyimage.com/225x109.png/ff4444/ffffff', 35, 167);
insert into COMMENTS (Id_COMMENTS, grade, content, picture, Id_CLIENTS, Id_EVENTS) values (316, 3, 'Duis at velit eu est congue elementum. In hac habitasse platea dictumst.', 'http://dummyimage.com/110x127.png/ff4444/ffffff', 25, 7);
insert into COMMENTS (Id_COMMENTS, grade, content, picture, Id_CLIENTS, Id_EVENTS) values (317, 3, 'Nulla tempus. Vivamus in felis eu sapien cursus vestibulum.', 'http://dummyimage.com/120x174.png/5fa2dd/ffffff', 24, 41);
insert into COMMENTS (Id_COMMENTS, grade, content, picture, Id_CLIENTS, Id_EVENTS) values (318, 3, 'Lorem ipsum dolor sit amet, consectetuer adipiscing elit. Proin interdum mauris non ligula pellentesque ultrices.', 'http://dummyimage.com/176x228.png/cc0000/ffffff', 41, 186);
insert into COMMENTS (Id_COMMENTS, grade, content, picture, Id_CLIENTS, Id_EVENTS) values (319, 4, 'Fusce posuere felis sed lacus. Morbi sem mauris, laoreet ut, rhoncus aliquet, pulvinar sed, nisl.', 'http://dummyimage.com/131x238.png/ff4444/ffffff', 60, 92);
insert into COMMENTS (Id_COMMENTS, grade, content, picture, Id_CLIENTS, Id_EVENTS) values (320, 1, 'Nullam molestie nibh in lectus. Pellentesque at nulla. Suspendisse potenti.', 'http://dummyimage.com/248x139.png/5fa2dd/ffffff', 1, 74);
insert into COMMENTS (Id_COMMENTS, grade, content, picture, Id_CLIENTS, Id_EVENTS) values (321, 3, 'Cras mi pede, malesuada in, imperdiet et, commodo vulputate, justo.', 'http://dummyimage.com/121x129.png/dddddd/000000', 15, 190);
insert into COMMENTS (Id_COMMENTS, grade, content, picture, Id_CLIENTS, Id_EVENTS) values (322, 5, 'Donec ut dolor.', 'http://dummyimage.com/250x110.png/ff4444/ffffff', 70, 85);
insert into COMMENTS (Id_COMMENTS, grade, content, picture, Id_CLIENTS, Id_EVENTS) values (323, 3, 'Maecenas leo odio, condimentum id, luctus nec, molestie sed, justo. Pellentesque viverra pede ac diam.', 'http://dummyimage.com/136x175.png/5fa2dd/ffffff', 61, 132);
insert into COMMENTS (Id_COMMENTS, grade, content, picture, Id_CLIENTS, Id_EVENTS) values (324, 2, 'Nam dui. Proin leo odio, porttitor id, consequat in, consequat ut, nulla. Sed accumsan felis.', 'http://dummyimage.com/233x205.png/5fa2dd/ffffff', 8, 162);
insert into COMMENTS (Id_COMMENTS, grade, content, picture, Id_CLIENTS, Id_EVENTS) values (325, 1, 'Nunc rhoncus dui vel sem. Sed sagittis.', 'http://dummyimage.com/143x188.png/5fa2dd/ffffff', 65, 196);
insert into COMMENTS (Id_COMMENTS, grade, content, picture, Id_CLIENTS, Id_EVENTS) values (326, 1, 'In hac habitasse platea dictumst. Etiam faucibus cursus urna. Ut tellus.', 'http://dummyimage.com/158x120.png/ff4444/ffffff', 31, 115);
insert into COMMENTS (Id_COMMENTS, grade, content, picture, Id_CLIENTS, Id_EVENTS) values (327, 4, 'Mauris enim leo, rhoncus sed, vestibulum sit amet, cursus id, turpis.', 'http://dummyimage.com/103x246.png/cc0000/ffffff', 43, 177);
insert into COMMENTS (Id_COMMENTS, grade, content, picture, Id_CLIENTS, Id_EVENTS) values (328, 4, 'In tempor, turpis nec euismod scelerisque, quam turpis adipiscing lorem, vitae mattis nibh ligula nec sem. Duis aliquam convallis nunc.', 'http://dummyimage.com/195x174.png/cc0000/ffffff', 51, 110);
insert into COMMENTS (Id_COMMENTS, grade, content, picture, Id_CLIENTS, Id_EVENTS) values (329, 5, 'In congue. Etiam justo. Etiam pretium iaculis justo.', 'http://dummyimage.com/159x115.png/ff4444/ffffff', 5, 168);
insert into COMMENTS (Id_COMMENTS, grade, content, picture, Id_CLIENTS, Id_EVENTS) values (330, 4, 'Donec diam neque, vestibulum eget, vulputate ut, ultrices vel, augue.', 'http://dummyimage.com/219x131.png/dddddd/000000', 19, 13);
insert into COMMENTS (Id_COMMENTS, grade, content, picture, Id_CLIENTS, Id_EVENTS) values (331, 3, 'Nunc rhoncus dui vel sem. Sed sagittis.', 'http://dummyimage.com/109x245.png/5fa2dd/ffffff', 48, 112);
insert into COMMENTS (Id_COMMENTS, grade, content, picture, Id_CLIENTS, Id_EVENTS) values (332, 5, 'Vestibulum ante ipsum primis in faucibus orci luctus et ultrices posuere cubilia Curae; Mauris viverra diam vitae quam.', 'http://dummyimage.com/245x154.png/cc0000/ffffff', 14, 29);
insert into COMMENTS (Id_COMMENTS, grade, content, picture, Id_CLIENTS, Id_EVENTS) values (333, 4, 'Donec ut dolor.', 'http://dummyimage.com/243x241.png/ff4444/ffffff', 59, 54);
insert into COMMENTS (Id_COMMENTS, grade, content, picture, Id_CLIENTS, Id_EVENTS) values (334, 4, 'Nam congue, risus semper porta volutpat, quam pede lobortis ligula, sit amet eleifend pede libero quis orci.', 'http://dummyimage.com/161x191.png/dddddd/000000', 26, 44);
insert into COMMENTS (Id_COMMENTS, grade, content, picture, Id_CLIENTS, Id_EVENTS) values (335, 5, 'Morbi non lectus. Aliquam sit amet diam in magna bibendum imperdiet. Nullam orci pede, venenatis non, sodales sed, tincidunt eu, felis.', 'http://dummyimage.com/203x169.png/ff4444/ffffff', 11, 41);
insert into COMMENTS (Id_COMMENTS, grade, content, picture, Id_CLIENTS, Id_EVENTS) values (336, 5, 'In est risus, auctor sed, tristique in, tempus sit amet, sem.', 'http://dummyimage.com/108x244.png/cc0000/ffffff', 27, 181);
insert into COMMENTS (Id_COMMENTS, grade, content, picture, Id_CLIENTS, Id_EVENTS) values (337, 3, 'Nunc purus. Phasellus in felis.', 'http://dummyimage.com/181x195.png/dddddd/000000', 53, 164);
insert into COMMENTS (Id_COMMENTS, grade, content, picture, Id_CLIENTS, Id_EVENTS) values (338, 3, 'Morbi non quam nec dui luctus rutrum. Nulla tellus. In sagittis dui vel nisl.', 'http://dummyimage.com/209x205.png/ff4444/ffffff', 53, 195);
insert into COMMENTS (Id_COMMENTS, grade, content, picture, Id_CLIENTS, Id_EVENTS) values (339, 4, 'In hac habitasse platea dictumst.', 'http://dummyimage.com/149x101.png/5fa2dd/ffffff', 63, 78);
insert into COMMENTS (Id_COMMENTS, grade, content, picture, Id_CLIENTS, Id_EVENTS) values (340, 1, 'Maecenas tristique, est et tempus semper, est quam pharetra magna, ac consequat metus sapien ut nunc. Vestibulum ante ipsum primis in faucibus orci luctus et ultrices posuere cubilia Curae; Mauris viverra diam vitae quam.', 'http://dummyimage.com/131x229.png/dddddd/000000', 39, 153);
insert into COMMENTS (Id_COMMENTS, grade, content, picture, Id_CLIENTS, Id_EVENTS) values (341, 5, 'Pellentesque viverra pede ac diam.', 'http://dummyimage.com/111x191.png/cc0000/ffffff', 27, 24);
insert into COMMENTS (Id_COMMENTS, grade, content, picture, Id_CLIENTS, Id_EVENTS) values (342, 4, 'Nullam sit amet turpis elementum ligula vehicula consequat. Morbi a ipsum.', 'http://dummyimage.com/139x142.png/ff4444/ffffff', 45, 36);
insert into COMMENTS (Id_COMMENTS, grade, content, picture, Id_CLIENTS, Id_EVENTS) values (343, 1, 'Nullam sit amet turpis elementum ligula vehicula consequat. Morbi a ipsum. Integer a nibh.', 'http://dummyimage.com/188x205.png/dddddd/000000', 18, 191);
insert into COMMENTS (Id_COMMENTS, grade, content, picture, Id_CLIENTS, Id_EVENTS) values (344, 1, 'Sed sagittis.', 'http://dummyimage.com/225x221.png/cc0000/ffffff', 62, 193);
insert into COMMENTS (Id_COMMENTS, grade, content, picture, Id_CLIENTS, Id_EVENTS) values (345, 1, 'In hac habitasse platea dictumst.', 'http://dummyimage.com/129x178.png/5fa2dd/ffffff', 23, 63);
insert into COMMENTS (Id_COMMENTS, grade, content, picture, Id_CLIENTS, Id_EVENTS) values (346, 1, 'Donec quis orci eget orci vehicula condimentum. Curabitur in libero ut massa volutpat convallis. Morbi odio odio, elementum eu, interdum eu, tincidunt in, leo.', 'http://dummyimage.com/229x164.png/dddddd/000000', 8, 116);
insert into COMMENTS (Id_COMMENTS, grade, content, picture, Id_CLIENTS, Id_EVENTS) values (347, 5, 'Vivamus vel nulla eget eros elementum pellentesque. Quisque porta volutpat erat.', 'http://dummyimage.com/121x217.png/5fa2dd/ffffff', 10, 129);
insert into COMMENTS (Id_COMMENTS, grade, content, picture, Id_CLIENTS, Id_EVENTS) values (348, 2, 'Phasellus sit amet erat. Nulla tempus.', 'http://dummyimage.com/241x202.png/cc0000/ffffff', 27, 100);
insert into COMMENTS (Id_COMMENTS, grade, content, picture, Id_CLIENTS, Id_EVENTS) values (349, 1, 'Quisque erat eros, viverra eget, congue eget, semper rutrum, nulla. Nunc purus.', 'http://dummyimage.com/157x220.png/ff4444/ffffff', 12, 185);
insert into COMMENTS (Id_COMMENTS, grade, content, picture, Id_CLIENTS, Id_EVENTS) values (350, 3, 'In congue. Etiam justo.', 'http://dummyimage.com/198x154.png/ff4444/ffffff', 48, 188);
insert into COMMENTS (Id_COMMENTS, grade, content, picture, Id_CLIENTS, Id_EVENTS) values (351, 4, 'Morbi quis tortor id nulla ultrices aliquet.', 'http://dummyimage.com/143x185.png/ff4444/ffffff', 37, 16);
insert into COMMENTS (Id_COMMENTS, grade, content, picture, Id_CLIENTS, Id_EVENTS) values (352, 3, 'Morbi vel lectus in quam fringilla rhoncus. Mauris enim leo, rhoncus sed, vestibulum sit amet, cursus id, turpis.', 'http://dummyimage.com/229x128.png/cc0000/ffffff', 22, 16);
insert into COMMENTS (Id_COMMENTS, grade, content, picture, Id_CLIENTS, Id_EVENTS) values (353, 4, 'Cras pellentesque volutpat dui. Maecenas tristique, est et tempus semper, est quam pharetra magna, ac consequat metus sapien ut nunc. Vestibulum ante ipsum primis in faucibus orci luctus et ultrices posuere cubilia Curae; Mauris viverra diam vitae quam.', 'http://dummyimage.com/193x229.png/ff4444/ffffff', 30, 198);
insert into COMMENTS (Id_COMMENTS, grade, content, picture, Id_CLIENTS, Id_EVENTS) values (354, 1, 'Morbi non quam nec dui luctus rutrum. Nulla tellus.', 'http://dummyimage.com/153x231.png/5fa2dd/ffffff', 48, 46);
insert into COMMENTS (Id_COMMENTS, grade, content, picture, Id_CLIENTS, Id_EVENTS) values (355, 1, 'Donec semper sapien a libero. Nam dui.', 'http://dummyimage.com/242x163.png/ff4444/ffffff', 11, 43);
insert into COMMENTS (Id_COMMENTS, grade, content, picture, Id_CLIENTS, Id_EVENTS) values (356, 4, 'Nulla neque libero, convallis eget, eleifend luctus, ultricies eu, nibh. Quisque id justo sit amet sapien dignissim vestibulum. Vestibulum ante ipsum primis in faucibus orci luctus et ultrices posuere cubilia Curae; Nulla dapibus dolor vel est.', 'http://dummyimage.com/132x141.png/5fa2dd/ffffff', 42, 29);
insert into COMMENTS (Id_COMMENTS, grade, content, picture, Id_CLIENTS, Id_EVENTS) values (357, 2, 'Pellentesque at nulla. Suspendisse potenti.', 'http://dummyimage.com/100x135.png/cc0000/ffffff', 66, 180);
insert into COMMENTS (Id_COMMENTS, grade, content, picture, Id_CLIENTS, Id_EVENTS) values (358, 4, 'Vestibulum ac est lacinia nisi venenatis tristique.', 'http://dummyimage.com/138x215.png/dddddd/000000', 33, 122);
insert into COMMENTS (Id_COMMENTS, grade, content, picture, Id_CLIENTS, Id_EVENTS) values (359, 2, 'Etiam pretium iaculis justo.', 'http://dummyimage.com/226x178.png/ff4444/ffffff', 17, 56);
insert into COMMENTS (Id_COMMENTS, grade, content, picture, Id_CLIENTS, Id_EVENTS) values (360, 3, 'Cras in purus eu magna vulputate luctus. Cum sociis natoque penatibus et magnis dis parturient montes, nascetur ridiculus mus.', 'http://dummyimage.com/111x149.png/cc0000/ffffff', 15, 184);
insert into COMMENTS (Id_COMMENTS, grade, content, picture, Id_CLIENTS, Id_EVENTS) values (361, 1, 'Fusce posuere felis sed lacus.', 'http://dummyimage.com/129x190.png/dddddd/000000', 59, 150);
insert into COMMENTS (Id_COMMENTS, grade, content, picture, Id_CLIENTS, Id_EVENTS) values (362, 3, 'Donec ut dolor.', 'http://dummyimage.com/243x114.png/5fa2dd/ffffff', 37, 30);
insert into COMMENTS (Id_COMMENTS, grade, content, picture, Id_CLIENTS, Id_EVENTS) values (363, 2, 'Maecenas rhoncus aliquam lacus. Morbi quis tortor id nulla ultrices aliquet.', 'http://dummyimage.com/228x170.png/5fa2dd/ffffff', 6, 8);
insert into COMMENTS (Id_COMMENTS, grade, content, picture, Id_CLIENTS, Id_EVENTS) values (364, 4, 'Donec quis orci eget orci vehicula condimentum. Curabitur in libero ut massa volutpat convallis.', 'http://dummyimage.com/147x172.png/ff4444/ffffff', 62, 170);
insert into COMMENTS (Id_COMMENTS, grade, content, picture, Id_CLIENTS, Id_EVENTS) values (365, 2, 'In hac habitasse platea dictumst. Etiam faucibus cursus urna. Ut tellus.', 'http://dummyimage.com/161x238.png/5fa2dd/ffffff', 38, 156);
insert into COMMENTS (Id_COMMENTS, grade, content, picture, Id_CLIENTS, Id_EVENTS) values (366, 2, 'Proin at turpis a pede posuere nonummy. Integer non velit.', 'http://dummyimage.com/144x101.png/5fa2dd/ffffff', 11, 46);
insert into COMMENTS (Id_COMMENTS, grade, content, picture, Id_CLIENTS, Id_EVENTS) values (367, 3, 'Vestibulum rutrum rutrum neque.', 'http://dummyimage.com/237x165.png/5fa2dd/ffffff', 27, 70);
insert into COMMENTS (Id_COMMENTS, grade, content, picture, Id_CLIENTS, Id_EVENTS) values (368, 3, 'Maecenas pulvinar lobortis est. Phasellus sit amet erat.', 'http://dummyimage.com/218x106.png/cc0000/ffffff', 67, 4);
insert into COMMENTS (Id_COMMENTS, grade, content, picture, Id_CLIENTS, Id_EVENTS) values (369, 5, 'In hac habitasse platea dictumst. Morbi vestibulum, velit id pretium iaculis, diam erat fermentum justo, nec condimentum neque sapien placerat ante.', 'http://dummyimage.com/148x205.png/cc0000/ffffff', 31, 185);
insert into COMMENTS (Id_COMMENTS, grade, content, picture, Id_CLIENTS, Id_EVENTS) values (370, 2, 'In blandit ultrices enim. Lorem ipsum dolor sit amet, consectetuer adipiscing elit.', 'http://dummyimage.com/179x249.png/5fa2dd/ffffff', 11, 58);
insert into COMMENTS (Id_COMMENTS, grade, content, picture, Id_CLIENTS, Id_EVENTS) values (371, 2, 'Nam dui. Proin leo odio, porttitor id, consequat in, consequat ut, nulla.', 'http://dummyimage.com/250x141.png/dddddd/000000', 7, 150);
insert into COMMENTS (Id_COMMENTS, grade, content, picture, Id_CLIENTS, Id_EVENTS) values (372, 1, 'Vestibulum ante ipsum primis in faucibus orci luctus et ultrices posuere cubilia Curae; Duis faucibus accumsan odio. Curabitur convallis.', 'http://dummyimage.com/221x102.png/cc0000/ffffff', 25, 185);
insert into COMMENTS (Id_COMMENTS, grade, content, picture, Id_CLIENTS, Id_EVENTS) values (373, 1, 'Curabitur gravida nisi at nibh.', 'http://dummyimage.com/117x173.png/5fa2dd/ffffff', 47, 81);
insert into COMMENTS (Id_COMMENTS, grade, content, picture, Id_CLIENTS, Id_EVENTS) values (374, 2, 'Lorem ipsum dolor sit amet, consectetuer adipiscing elit.', 'http://dummyimage.com/105x120.png/ff4444/ffffff', 60, 21);
insert into COMMENTS (Id_COMMENTS, grade, content, picture, Id_CLIENTS, Id_EVENTS) values (375, 3, 'Praesent id massa id nisl venenatis lacinia. Aenean sit amet justo. Morbi ut odio.', 'http://dummyimage.com/145x144.png/ff4444/ffffff', 48, 125);
insert into COMMENTS (Id_COMMENTS, grade, content, picture, Id_CLIENTS, Id_EVENTS) values (376, 1, 'Mauris ullamcorper purus sit amet nulla. Quisque arcu libero, rutrum ac, lobortis vel, dapibus at, diam.', 'http://dummyimage.com/147x173.png/5fa2dd/ffffff', 40, 146);
insert into COMMENTS (Id_COMMENTS, grade, content, picture, Id_CLIENTS, Id_EVENTS) values (377, 4, 'Praesent id massa id nisl venenatis lacinia.', 'http://dummyimage.com/113x172.png/dddddd/000000', 28, 65);
insert into COMMENTS (Id_COMMENTS, grade, content, picture, Id_CLIENTS, Id_EVENTS) values (378, 1, 'Morbi quis tortor id nulla ultrices aliquet. Maecenas leo odio, condimentum id, luctus nec, molestie sed, justo. Pellentesque viverra pede ac diam.', 'http://dummyimage.com/141x230.png/dddddd/000000', 9, 131);
insert into COMMENTS (Id_COMMENTS, grade, content, picture, Id_CLIENTS, Id_EVENTS) values (379, 4, 'Vestibulum quam sapien, varius ut, blandit non, interdum in, ante.', 'http://dummyimage.com/145x150.png/dddddd/000000', 60, 42);
insert into COMMENTS (Id_COMMENTS, grade, content, picture, Id_CLIENTS, Id_EVENTS) values (380, 4, 'Morbi odio odio, elementum eu, interdum eu, tincidunt in, leo.', 'http://dummyimage.com/150x109.png/cc0000/ffffff', 28, 137);
insert into COMMENTS (Id_COMMENTS, grade, content, picture, Id_CLIENTS, Id_EVENTS) values (381, 1, 'Maecenas pulvinar lobortis est.', 'http://dummyimage.com/187x160.png/cc0000/ffffff', 57, 71);
insert into COMMENTS (Id_COMMENTS, grade, content, picture, Id_CLIENTS, Id_EVENTS) values (382, 4, 'Nulla justo. Aliquam quis turpis eget elit sodales scelerisque.', 'http://dummyimage.com/190x194.png/ff4444/ffffff', 57, 122);
insert into COMMENTS (Id_COMMENTS, grade, content, picture, Id_CLIENTS, Id_EVENTS) values (383, 2, 'In hac habitasse platea dictumst.', 'http://dummyimage.com/144x160.png/ff4444/ffffff', 44, 21);
insert into COMMENTS (Id_COMMENTS, grade, content, picture, Id_CLIENTS, Id_EVENTS) values (384, 2, 'In eleifend quam a odio.', 'http://dummyimage.com/209x227.png/dddddd/000000', 50, 82);
insert into COMMENTS (Id_COMMENTS, grade, content, picture, Id_CLIENTS, Id_EVENTS) values (385, 4, 'Suspendisse accumsan tortor quis turpis. Sed ante. Vivamus tortor.', 'http://dummyimage.com/228x120.png/dddddd/000000', 61, 71);
insert into COMMENTS (Id_COMMENTS, grade, content, picture, Id_CLIENTS, Id_EVENTS) values (386, 2, 'Nullam sit amet turpis elementum ligula vehicula consequat. Morbi a ipsum.', 'http://dummyimage.com/181x220.png/5fa2dd/ffffff', 50, 85);
insert into COMMENTS (Id_COMMENTS, grade, content, picture, Id_CLIENTS, Id_EVENTS) values (387, 3, 'Nulla neque libero, convallis eget, eleifend luctus, ultricies eu, nibh. Quisque id justo sit amet sapien dignissim vestibulum. Vestibulum ante ipsum primis in faucibus orci luctus et ultrices posuere cubilia Curae; Nulla dapibus dolor vel est.', 'http://dummyimage.com/249x198.png/5fa2dd/ffffff', 50, 117);
insert into COMMENTS (Id_COMMENTS, grade, content, picture, Id_CLIENTS, Id_EVENTS) values (388, 2, 'Phasellus id sapien in sapien iaculis congue. Vivamus metus arcu, adipiscing molestie, hendrerit at, vulputate vitae, nisl. Aenean lectus.', 'http://dummyimage.com/125x122.png/dddddd/000000', 8, 16);
insert into COMMENTS (Id_COMMENTS, grade, content, picture, Id_CLIENTS, Id_EVENTS) values (389, 4, 'Maecenas ut massa quis augue luctus tincidunt. Nulla mollis molestie lorem.', 'http://dummyimage.com/159x202.png/ff4444/ffffff', 70, 79);
insert into COMMENTS (Id_COMMENTS, grade, content, picture, Id_CLIENTS, Id_EVENTS) values (390, 1, 'In hac habitasse platea dictumst. Etiam faucibus cursus urna.', 'http://dummyimage.com/153x205.png/cc0000/ffffff', 44, 167);
insert into COMMENTS (Id_COMMENTS, grade, content, picture, Id_CLIENTS, Id_EVENTS) values (391, 2, 'Mauris lacinia sapien quis libero. Nullam sit amet turpis elementum ligula vehicula consequat.', 'http://dummyimage.com/207x160.png/cc0000/ffffff', 10, 148);
insert into COMMENTS (Id_COMMENTS, grade, content, picture, Id_CLIENTS, Id_EVENTS) values (392, 4, 'Pellentesque eget nunc. Donec quis orci eget orci vehicula condimentum. Curabitur in libero ut massa volutpat convallis.', 'http://dummyimage.com/178x191.png/5fa2dd/ffffff', 10, 172);
insert into COMMENTS (Id_COMMENTS, grade, content, picture, Id_CLIENTS, Id_EVENTS) values (393, 5, 'Integer ac neque. Duis bibendum. Morbi non quam nec dui luctus rutrum.', 'http://dummyimage.com/167x219.png/5fa2dd/ffffff', 59, 183);
insert into COMMENTS (Id_COMMENTS, grade, content, picture, Id_CLIENTS, Id_EVENTS) values (394, 3, 'Morbi a ipsum. Integer a nibh.', 'http://dummyimage.com/244x247.png/dddddd/000000', 9, 184);
insert into COMMENTS (Id_COMMENTS, grade, content, picture, Id_CLIENTS, Id_EVENTS) values (395, 1, 'In blandit ultrices enim. Lorem ipsum dolor sit amet, consectetuer adipiscing elit. Proin interdum mauris non ligula pellentesque ultrices.', 'http://dummyimage.com/172x234.png/cc0000/ffffff', 22, 169);
insert into COMMENTS (Id_COMMENTS, grade, content, picture, Id_CLIENTS, Id_EVENTS) values (396, 2, 'Lorem ipsum dolor sit amet, consectetuer adipiscing elit.', 'http://dummyimage.com/199x134.png/ff4444/ffffff', 50, 187);
insert into COMMENTS (Id_COMMENTS, grade, content, picture, Id_CLIENTS, Id_EVENTS) values (397, 4, 'Duis bibendum, felis sed interdum venenatis, turpis enim blandit mi, in porttitor pede justo eu massa. Donec dapibus. Duis at velit eu est congue elementum.', 'http://dummyimage.com/145x160.png/cc0000/ffffff', 21, 83);
insert into COMMENTS (Id_COMMENTS, grade, content, picture, Id_CLIENTS, Id_EVENTS) values (398, 4, 'Vestibulum ante ipsum primis in faucibus orci luctus et ultrices posuere cubilia Curae; Nulla dapibus dolor vel est.', 'http://dummyimage.com/200x113.png/ff4444/ffffff', 15, 139);
insert into COMMENTS (Id_COMMENTS, grade, content, picture, Id_CLIENTS, Id_EVENTS) values (399, 2, 'Vestibulum sed magna at nunc commodo placerat. Praesent blandit.', 'http://dummyimage.com/187x127.png/5fa2dd/ffffff', 14, 130);
insert into COMMENTS (Id_COMMENTS, grade, content, picture, Id_CLIENTS, Id_EVENTS) values (400, 1, 'Suspendisse potenti. Cras in purus eu magna vulputate luctus.', 'http://dummyimage.com/155x193.png/5fa2dd/ffffff', 12, 15);
insert into COMMENTS (Id_COMMENTS, grade, content, picture, Id_CLIENTS, Id_EVENTS) values (401, 3, 'Nulla ac enim.', 'http://dummyimage.com/169x160.png/ff4444/ffffff', 57, 8);
insert into COMMENTS (Id_COMMENTS, grade, content, picture, Id_CLIENTS, Id_EVENTS) values (402, 4, 'In hac habitasse platea dictumst. Maecenas ut massa quis augue luctus tincidunt.', 'http://dummyimage.com/105x169.png/5fa2dd/ffffff', 39, 198);
insert into COMMENTS (Id_COMMENTS, grade, content, picture, Id_CLIENTS, Id_EVENTS) values (403, 5, 'Nam nulla. Integer pede justo, lacinia eget, tincidunt eget, tempus vel, pede. Morbi porttitor lorem id ligula.', 'http://dummyimage.com/188x173.png/cc0000/ffffff', 16, 169);
insert into COMMENTS (Id_COMMENTS, grade, content, picture, Id_CLIENTS, Id_EVENTS) values (404, 5, 'Morbi vel lectus in quam fringilla rhoncus. Mauris enim leo, rhoncus sed, vestibulum sit amet, cursus id, turpis. Integer aliquet, massa id lobortis convallis, tortor risus dapibus augue, vel accumsan tellus nisi eu orci.', 'http://dummyimage.com/176x207.png/5fa2dd/ffffff', 52, 79);
insert into COMMENTS (Id_COMMENTS, grade, content, picture, Id_CLIENTS, Id_EVENTS) values (405, 2, 'Vestibulum rutrum rutrum neque. Aenean auctor gravida sem. Praesent id massa id nisl venenatis lacinia.', 'http://dummyimage.com/103x137.png/dddddd/000000', 70, 66);
insert into COMMENTS (Id_COMMENTS, grade, content, picture, Id_CLIENTS, Id_EVENTS) values (406, 5, 'Vivamus in felis eu sapien cursus vestibulum.', 'http://dummyimage.com/210x137.png/dddddd/000000', 8, 9);
insert into COMMENTS (Id_COMMENTS, grade, content, picture, Id_CLIENTS, Id_EVENTS) values (407, 4, 'Integer pede justo, lacinia eget, tincidunt eget, tempus vel, pede. Morbi porttitor lorem id ligula. Suspendisse ornare consequat lectus.', 'http://dummyimage.com/103x173.png/cc0000/ffffff', 30, 96);
insert into COMMENTS (Id_COMMENTS, grade, content, picture, Id_CLIENTS, Id_EVENTS) values (408, 5, 'Nullam orci pede, venenatis non, sodales sed, tincidunt eu, felis.', 'http://dummyimage.com/105x182.png/dddddd/000000', 9, 78);
insert into COMMENTS (Id_COMMENTS, grade, content, picture, Id_CLIENTS, Id_EVENTS) values (409, 3, 'Duis bibendum, felis sed interdum venenatis, turpis enim blandit mi, in porttitor pede justo eu massa.', 'http://dummyimage.com/189x174.png/cc0000/ffffff', 35, 138);
insert into COMMENTS (Id_COMMENTS, grade, content, picture, Id_CLIENTS, Id_EVENTS) values (410, 3, 'Pellentesque viverra pede ac diam.', 'http://dummyimage.com/112x111.png/ff4444/ffffff', 20, 46);
insert into COMMENTS (Id_COMMENTS, grade, content, picture, Id_CLIENTS, Id_EVENTS) values (411, 2, 'Aliquam sit amet diam in magna bibendum imperdiet. Nullam orci pede, venenatis non, sodales sed, tincidunt eu, felis. Fusce posuere felis sed lacus.', 'http://dummyimage.com/130x215.png/dddddd/000000', 21, 102);
insert into COMMENTS (Id_COMMENTS, grade, content, picture, Id_CLIENTS, Id_EVENTS) values (412, 3, 'Nam dui.', 'http://dummyimage.com/171x223.png/cc0000/ffffff', 70, 110);
insert into COMMENTS (Id_COMMENTS, grade, content, picture, Id_CLIENTS, Id_EVENTS) values (413, 4, 'Nulla justo. Aliquam quis turpis eget elit sodales scelerisque. Mauris sit amet eros.', 'http://dummyimage.com/199x216.png/5fa2dd/ffffff', 52, 138);
insert into COMMENTS (Id_COMMENTS, grade, content, picture, Id_CLIENTS, Id_EVENTS) values (414, 4, 'Nulla justo. Aliquam quis turpis eget elit sodales scelerisque.', 'http://dummyimage.com/247x181.png/5fa2dd/ffffff', 46, 38);
insert into COMMENTS (Id_COMMENTS, grade, content, picture, Id_CLIENTS, Id_EVENTS) values (415, 4, 'Nullam orci pede, venenatis non, sodales sed, tincidunt eu, felis. Fusce posuere felis sed lacus. Morbi sem mauris, laoreet ut, rhoncus aliquet, pulvinar sed, nisl.', 'http://dummyimage.com/134x112.png/cc0000/ffffff', 39, 42);
insert into COMMENTS (Id_COMMENTS, grade, content, picture, Id_CLIENTS, Id_EVENTS) values (416, 3, 'Mauris lacinia sapien quis libero.', 'http://dummyimage.com/120x234.png/ff4444/ffffff', 59, 192);
insert into COMMENTS (Id_COMMENTS, grade, content, picture, Id_CLIENTS, Id_EVENTS) values (417, 5, 'Morbi vel lectus in quam fringilla rhoncus.', 'http://dummyimage.com/232x225.png/ff4444/ffffff', 61, 160);
insert into COMMENTS (Id_COMMENTS, grade, content, picture, Id_CLIENTS, Id_EVENTS) values (418, 2, 'Quisque arcu libero, rutrum ac, lobortis vel, dapibus at, diam.', 'http://dummyimage.com/113x142.png/ff4444/ffffff', 60, 188);
insert into COMMENTS (Id_COMMENTS, grade, content, picture, Id_CLIENTS, Id_EVENTS) values (419, 1, 'Proin eu mi.', 'http://dummyimage.com/214x114.png/ff4444/ffffff', 1, 106);
insert into COMMENTS (Id_COMMENTS, grade, content, picture, Id_CLIENTS, Id_EVENTS) values (420, 1, 'Praesent lectus. Vestibulum quam sapien, varius ut, blandit non, interdum in, ante. Vestibulum ante ipsum primis in faucibus orci luctus et ultrices posuere cubilia Curae; Duis faucibus accumsan odio.', 'http://dummyimage.com/246x250.png/ff4444/ffffff', 17, 40);
insert into COMMENTS (Id_COMMENTS, grade, content, picture, Id_CLIENTS, Id_EVENTS) values (421, 5, 'Maecenas rhoncus aliquam lacus.', 'http://dummyimage.com/225x128.png/5fa2dd/ffffff', 54, 35);
insert into COMMENTS (Id_COMMENTS, grade, content, picture, Id_CLIENTS, Id_EVENTS) values (422, 4, 'In congue. Etiam justo. Etiam pretium iaculis justo.', 'http://dummyimage.com/156x102.png/dddddd/000000', 68, 84);
insert into COMMENTS (Id_COMMENTS, grade, content, picture, Id_CLIENTS, Id_EVENTS) values (423, 5, 'Vivamus tortor. Duis mattis egestas metus.', 'http://dummyimage.com/183x159.png/dddddd/000000', 57, 80);
insert into COMMENTS (Id_COMMENTS, grade, content, picture, Id_CLIENTS, Id_EVENTS) values (424, 3, 'Pellentesque viverra pede ac diam.', 'http://dummyimage.com/227x140.png/cc0000/ffffff', 7, 134);
insert into COMMENTS (Id_COMMENTS, grade, content, picture, Id_CLIENTS, Id_EVENTS) values (425, 1, 'Integer pede justo, lacinia eget, tincidunt eget, tempus vel, pede.', 'http://dummyimage.com/110x103.png/ff4444/ffffff', 1, 106);
insert into COMMENTS (Id_COMMENTS, grade, content, picture, Id_CLIENTS, Id_EVENTS) values (426, 2, 'Etiam justo. Etiam pretium iaculis justo. In hac habitasse platea dictumst.', 'http://dummyimage.com/114x105.png/ff4444/ffffff', 61, 140);
insert into COMMENTS (Id_COMMENTS, grade, content, picture, Id_CLIENTS, Id_EVENTS) values (427, 4, 'Ut at dolor quis odio consequat varius. Integer ac leo. Pellentesque ultrices mattis odio.', 'http://dummyimage.com/183x215.png/5fa2dd/ffffff', 69, 106);
insert into COMMENTS (Id_COMMENTS, grade, content, picture, Id_CLIENTS, Id_EVENTS) values (428, 2, 'Quisque erat eros, viverra eget, congue eget, semper rutrum, nulla.', 'http://dummyimage.com/116x130.png/ff4444/ffffff', 67, 164);
insert into COMMENTS (Id_COMMENTS, grade, content, picture, Id_CLIENTS, Id_EVENTS) values (429, 2, 'Etiam pretium iaculis justo.', 'http://dummyimage.com/157x147.png/cc0000/ffffff', 29, 166);
insert into COMMENTS (Id_COMMENTS, grade, content, picture, Id_CLIENTS, Id_EVENTS) values (430, 4, 'Mauris sit amet eros. Suspendisse accumsan tortor quis turpis.', 'http://dummyimage.com/115x194.png/ff4444/ffffff', 20, 61);
insert into COMMENTS (Id_COMMENTS, grade, content, picture, Id_CLIENTS, Id_EVENTS) values (431, 3, 'Mauris ullamcorper purus sit amet nulla.', 'http://dummyimage.com/243x186.png/5fa2dd/ffffff', 26, 70);
insert into COMMENTS (Id_COMMENTS, grade, content, picture, Id_CLIENTS, Id_EVENTS) values (432, 5, 'Nulla tellus. In sagittis dui vel nisl. Duis ac nibh.', 'http://dummyimage.com/201x186.png/dddddd/000000', 54, 183);
insert into COMMENTS (Id_COMMENTS, grade, content, picture, Id_CLIENTS, Id_EVENTS) values (433, 1, 'Duis consequat dui nec nisi volutpat eleifend.', 'http://dummyimage.com/248x153.png/ff4444/ffffff', 56, 126);
insert into COMMENTS (Id_COMMENTS, grade, content, picture, Id_CLIENTS, Id_EVENTS) values (434, 5, 'Proin eu mi.', 'http://dummyimage.com/246x130.png/cc0000/ffffff', 70, 62);
insert into COMMENTS (Id_COMMENTS, grade, content, picture, Id_CLIENTS, Id_EVENTS) values (435, 4, 'In eleifend quam a odio. In hac habitasse platea dictumst. Maecenas ut massa quis augue luctus tincidunt.', 'http://dummyimage.com/228x152.png/cc0000/ffffff', 61, 140);
insert into COMMENTS (Id_COMMENTS, grade, content, picture, Id_CLIENTS, Id_EVENTS) values (436, 5, 'Maecenas tristique, est et tempus semper, est quam pharetra magna, ac consequat metus sapien ut nunc. Vestibulum ante ipsum primis in faucibus orci luctus et ultrices posuere cubilia Curae; Mauris viverra diam vitae quam. Suspendisse potenti.', 'http://dummyimage.com/202x162.png/cc0000/ffffff', 2, 114);
insert into COMMENTS (Id_COMMENTS, grade, content, picture, Id_CLIENTS, Id_EVENTS) values (437, 5, 'Donec ut mauris eget massa tempor convallis.', 'http://dummyimage.com/156x144.png/dddddd/000000', 63, 151);
insert into COMMENTS (Id_COMMENTS, grade, content, picture, Id_CLIENTS, Id_EVENTS) values (438, 4, 'Mauris lacinia sapien quis libero. Nullam sit amet turpis elementum ligula vehicula consequat.', 'http://dummyimage.com/120x170.png/ff4444/ffffff', 16, 126);
insert into COMMENTS (Id_COMMENTS, grade, content, picture, Id_CLIENTS, Id_EVENTS) values (439, 5, 'Nulla ac enim. In tempor, turpis nec euismod scelerisque, quam turpis adipiscing lorem, vitae mattis nibh ligula nec sem.', 'http://dummyimage.com/207x176.png/ff4444/ffffff', 24, 145);
insert into COMMENTS (Id_COMMENTS, grade, content, picture, Id_CLIENTS, Id_EVENTS) values (440, 3, 'Duis mattis egestas metus.', 'http://dummyimage.com/165x250.png/ff4444/ffffff', 37, 140);
insert into COMMENTS (Id_COMMENTS, grade, content, picture, Id_CLIENTS, Id_EVENTS) values (441, 5, 'Donec ut mauris eget massa tempor convallis.', 'http://dummyimage.com/116x112.png/dddddd/000000', 48, 105);
insert into COMMENTS (Id_COMMENTS, grade, content, picture, Id_CLIENTS, Id_EVENTS) values (442, 2, 'Praesent id massa id nisl venenatis lacinia.', 'http://dummyimage.com/233x137.png/cc0000/ffffff', 40, 54);
insert into COMMENTS (Id_COMMENTS, grade, content, picture, Id_CLIENTS, Id_EVENTS) values (443, 2, 'Nulla neque libero, convallis eget, eleifend luctus, ultricies eu, nibh. Quisque id justo sit amet sapien dignissim vestibulum. Vestibulum ante ipsum primis in faucibus orci luctus et ultrices posuere cubilia Curae; Nulla dapibus dolor vel est.', 'http://dummyimage.com/159x147.png/dddddd/000000', 68, 181);
insert into COMMENTS (Id_COMMENTS, grade, content, picture, Id_CLIENTS, Id_EVENTS) values (444, 2, 'Nullam orci pede, venenatis non, sodales sed, tincidunt eu, felis. Fusce posuere felis sed lacus. Morbi sem mauris, laoreet ut, rhoncus aliquet, pulvinar sed, nisl.', 'http://dummyimage.com/145x245.png/5fa2dd/ffffff', 60, 81);
insert into COMMENTS (Id_COMMENTS, grade, content, picture, Id_CLIENTS, Id_EVENTS) values (445, 4, 'Aliquam augue quam, sollicitudin vitae, consectetuer eget, rutrum at, lorem.', 'http://dummyimage.com/189x236.png/ff4444/ffffff', 60, 82);
insert into COMMENTS (Id_COMMENTS, grade, content, picture, Id_CLIENTS, Id_EVENTS) values (446, 4, 'Pellentesque ultrices mattis odio.', 'http://dummyimage.com/184x199.png/cc0000/ffffff', 61, 85);
insert into COMMENTS (Id_COMMENTS, grade, content, picture, Id_CLIENTS, Id_EVENTS) values (447, 1, 'Sed accumsan felis. Ut at dolor quis odio consequat varius. Integer ac leo.', 'http://dummyimage.com/193x200.png/ff4444/ffffff', 6, 130);
insert into COMMENTS (Id_COMMENTS, grade, content, picture, Id_CLIENTS, Id_EVENTS) values (448, 4, 'Nulla tellus. In sagittis dui vel nisl. Duis ac nibh.', 'http://dummyimage.com/145x233.png/cc0000/ffffff', 9, 3);
insert into COMMENTS (Id_COMMENTS, grade, content, picture, Id_CLIENTS, Id_EVENTS) values (449, 4, 'Phasellus id sapien in sapien iaculis congue.', 'http://dummyimage.com/120x235.png/5fa2dd/ffffff', 10, 46);
insert into COMMENTS (Id_COMMENTS, grade, content, picture, Id_CLIENTS, Id_EVENTS) values (450, 2, 'Sed vel enim sit amet nunc viverra dapibus.', 'http://dummyimage.com/201x200.png/ff4444/ffffff', 8, 97);
insert into COMMENTS (Id_COMMENTS, grade, content, picture, Id_CLIENTS, Id_EVENTS) values (451, 1, 'Nunc nisl. Duis bibendum, felis sed interdum venenatis, turpis enim blandit mi, in porttitor pede justo eu massa.', 'http://dummyimage.com/109x205.png/cc0000/ffffff', 39, 146);
insert into COMMENTS (Id_COMMENTS, grade, content, picture, Id_CLIENTS, Id_EVENTS) values (452, 1, 'Vestibulum ac est lacinia nisi venenatis tristique. Fusce congue, diam id ornare imperdiet, sapien urna pretium nisl, ut volutpat sapien arcu sed augue.', 'http://dummyimage.com/182x221.png/5fa2dd/ffffff', 70, 45);
insert into COMMENTS (Id_COMMENTS, grade, content, picture, Id_CLIENTS, Id_EVENTS) values (453, 4, 'Fusce consequat.', 'http://dummyimage.com/163x162.png/dddddd/000000', 57, 197);
insert into COMMENTS (Id_COMMENTS, grade, content, picture, Id_CLIENTS, Id_EVENTS) values (454, 2, 'In sagittis dui vel nisl. Duis ac nibh.', 'http://dummyimage.com/220x239.png/cc0000/ffffff', 5, 23);
insert into COMMENTS (Id_COMMENTS, grade, content, picture, Id_CLIENTS, Id_EVENTS) values (455, 5, 'Suspendisse accumsan tortor quis turpis. Sed ante. Vivamus tortor.', 'http://dummyimage.com/172x119.png/ff4444/ffffff', 40, 43);
insert into COMMENTS (Id_COMMENTS, grade, content, picture, Id_CLIENTS, Id_EVENTS) values (456, 4, 'In eleifend quam a odio.', 'http://dummyimage.com/101x206.png/ff4444/ffffff', 61, 127);
insert into COMMENTS (Id_COMMENTS, grade, content, picture, Id_CLIENTS, Id_EVENTS) values (457, 4, 'Cras non velit nec nisi vulputate nonummy. Maecenas tincidunt lacus at velit. Vivamus vel nulla eget eros elementum pellentesque.', 'http://dummyimage.com/160x162.png/cc0000/ffffff', 3, 91);
insert into COMMENTS (Id_COMMENTS, grade, content, picture, Id_CLIENTS, Id_EVENTS) values (458, 1, 'Cras non velit nec nisi vulputate nonummy. Maecenas tincidunt lacus at velit. Vivamus vel nulla eget eros elementum pellentesque.', 'http://dummyimage.com/230x219.png/cc0000/ffffff', 31, 72);
insert into COMMENTS (Id_COMMENTS, grade, content, picture, Id_CLIENTS, Id_EVENTS) values (459, 3, 'Morbi non quam nec dui luctus rutrum. Nulla tellus. In sagittis dui vel nisl.', 'http://dummyimage.com/136x166.png/5fa2dd/ffffff', 19, 199);
insert into COMMENTS (Id_COMMENTS, grade, content, picture, Id_CLIENTS, Id_EVENTS) values (460, 4, 'Suspendisse potenti.', 'http://dummyimage.com/233x241.png/dddddd/000000', 21, 60);
insert into COMMENTS (Id_COMMENTS, grade, content, picture, Id_CLIENTS, Id_EVENTS) values (461, 5, 'Nam congue, risus semper porta volutpat, quam pede lobortis ligula, sit amet eleifend pede libero quis orci. Nullam molestie nibh in lectus.', 'http://dummyimage.com/119x220.png/cc0000/ffffff', 64, 13);
insert into COMMENTS (Id_COMMENTS, grade, content, picture, Id_CLIENTS, Id_EVENTS) values (462, 4, 'Vestibulum ante ipsum primis in faucibus orci luctus et ultrices posuere cubilia Curae; Duis faucibus accumsan odio.', 'http://dummyimage.com/138x212.png/5fa2dd/ffffff', 9, 145);
insert into COMMENTS (Id_COMMENTS, grade, content, picture, Id_CLIENTS, Id_EVENTS) values (463, 1, 'Nam congue, risus semper porta volutpat, quam pede lobortis ligula, sit amet eleifend pede libero quis orci. Nullam molestie nibh in lectus.', 'http://dummyimage.com/193x176.png/cc0000/ffffff', 39, 42);
insert into COMMENTS (Id_COMMENTS, grade, content, picture, Id_CLIENTS, Id_EVENTS) values (464, 3, 'Curabitur convallis.', 'http://dummyimage.com/113x142.png/dddddd/000000', 6, 169);
insert into COMMENTS (Id_COMMENTS, grade, content, picture, Id_CLIENTS, Id_EVENTS) values (465, 3, 'Pellentesque viverra pede ac diam. Cras pellentesque volutpat dui. Maecenas tristique, est et tempus semper, est quam pharetra magna, ac consequat metus sapien ut nunc.', 'http://dummyimage.com/187x157.png/dddddd/000000', 52, 114);
insert into COMMENTS (Id_COMMENTS, grade, content, picture, Id_CLIENTS, Id_EVENTS) values (466, 4, 'Morbi a ipsum. Integer a nibh. In quis justo.', 'http://dummyimage.com/226x181.png/5fa2dd/ffffff', 59, 8);
insert into COMMENTS (Id_COMMENTS, grade, content, picture, Id_CLIENTS, Id_EVENTS) values (467, 1, 'Integer non velit. Donec diam neque, vestibulum eget, vulputate ut, ultrices vel, augue. Vestibulum ante ipsum primis in faucibus orci luctus et ultrices posuere cubilia Curae; Donec pharetra, magna vestibulum aliquet ultrices, erat tortor sollicitudin mi, sit amet lobortis sapien sapien non mi.', 'http://dummyimage.com/112x205.png/dddddd/000000', 41, 190);
insert into COMMENTS (Id_COMMENTS, grade, content, picture, Id_CLIENTS, Id_EVENTS) values (468, 5, 'Donec diam neque, vestibulum eget, vulputate ut, ultrices vel, augue. Vestibulum ante ipsum primis in faucibus orci luctus et ultrices posuere cubilia Curae; Donec pharetra, magna vestibulum aliquet ultrices, erat tortor sollicitudin mi, sit amet lobortis sapien sapien non mi. Integer ac neque.', 'http://dummyimage.com/186x211.png/cc0000/ffffff', 61, 51);
insert into COMMENTS (Id_COMMENTS, grade, content, picture, Id_CLIENTS, Id_EVENTS) values (469, 4, 'Duis mattis egestas metus. Aenean fermentum. Donec ut mauris eget massa tempor convallis.', 'http://dummyimage.com/126x152.png/ff4444/ffffff', 58, 198);
insert into COMMENTS (Id_COMMENTS, grade, content, picture, Id_CLIENTS, Id_EVENTS) values (470, 3, 'Lorem ipsum dolor sit amet, consectetuer adipiscing elit.', 'http://dummyimage.com/220x190.png/5fa2dd/ffffff', 25, 100);
insert into COMMENTS (Id_COMMENTS, grade, content, picture, Id_CLIENTS, Id_EVENTS) values (471, 5, 'Fusce congue, diam id ornare imperdiet, sapien urna pretium nisl, ut volutpat sapien arcu sed augue. Aliquam erat volutpat. In congue.', 'http://dummyimage.com/223x166.png/ff4444/ffffff', 5, 125);
insert into COMMENTS (Id_COMMENTS, grade, content, picture, Id_CLIENTS, Id_EVENTS) values (472, 3, 'Nam congue, risus semper porta volutpat, quam pede lobortis ligula, sit amet eleifend pede libero quis orci.', 'http://dummyimage.com/111x103.png/dddddd/000000', 32, 83);
insert into COMMENTS (Id_COMMENTS, grade, content, picture, Id_CLIENTS, Id_EVENTS) values (473, 4, 'Lorem ipsum dolor sit amet, consectetuer adipiscing elit.', 'http://dummyimage.com/149x216.png/ff4444/ffffff', 28, 73);
insert into COMMENTS (Id_COMMENTS, grade, content, picture, Id_CLIENTS, Id_EVENTS) values (474, 1, 'Curabitur at ipsum ac tellus semper interdum. Mauris ullamcorper purus sit amet nulla. Quisque arcu libero, rutrum ac, lobortis vel, dapibus at, diam.', 'http://dummyimage.com/189x101.png/dddddd/000000', 39, 95);
insert into COMMENTS (Id_COMMENTS, grade, content, picture, Id_CLIENTS, Id_EVENTS) values (475, 2, 'Suspendisse ornare consequat lectus.', 'http://dummyimage.com/220x181.png/5fa2dd/ffffff', 23, 96);
insert into COMMENTS (Id_COMMENTS, grade, content, picture, Id_CLIENTS, Id_EVENTS) values (476, 4, 'Aenean fermentum.', 'http://dummyimage.com/231x131.png/dddddd/000000', 51, 169);
insert into COMMENTS (Id_COMMENTS, grade, content, picture, Id_CLIENTS, Id_EVENTS) values (477, 4, 'Fusce lacus purus, aliquet at, feugiat non, pretium quis, lectus. Suspendisse potenti. In eleifend quam a odio.', 'http://dummyimage.com/213x102.png/dddddd/000000', 45, 146);
insert into COMMENTS (Id_COMMENTS, grade, content, picture, Id_CLIENTS, Id_EVENTS) values (478, 4, 'Duis mattis egestas metus. Aenean fermentum.', 'http://dummyimage.com/190x250.png/dddddd/000000', 51, 124);
insert into COMMENTS (Id_COMMENTS, grade, content, picture, Id_CLIENTS, Id_EVENTS) values (479, 2, 'Proin at turpis a pede posuere nonummy.', 'http://dummyimage.com/197x233.png/ff4444/ffffff', 36, 96);
insert into COMMENTS (Id_COMMENTS, grade, content, picture, Id_CLIENTS, Id_EVENTS) values (480, 5, 'Praesent lectus.', 'http://dummyimage.com/130x120.png/dddddd/000000', 6, 128);
insert into COMMENTS (Id_COMMENTS, grade, content, picture, Id_CLIENTS, Id_EVENTS) values (481, 5, 'Curabitur in libero ut massa volutpat convallis. Morbi odio odio, elementum eu, interdum eu, tincidunt in, leo. Maecenas pulvinar lobortis est.', 'http://dummyimage.com/164x122.png/ff4444/ffffff', 8, 168);
insert into COMMENTS (Id_COMMENTS, grade, content, picture, Id_CLIENTS, Id_EVENTS) values (482, 5, 'Nulla ac enim.', 'http://dummyimage.com/228x158.png/5fa2dd/ffffff', 30, 180);
insert into COMMENTS (Id_COMMENTS, grade, content, picture, Id_CLIENTS, Id_EVENTS) values (483, 2, 'Vestibulum ac est lacinia nisi venenatis tristique. Fusce congue, diam id ornare imperdiet, sapien urna pretium nisl, ut volutpat sapien arcu sed augue. Aliquam erat volutpat.', 'http://dummyimage.com/156x227.png/cc0000/ffffff', 44, 162);
insert into COMMENTS (Id_COMMENTS, grade, content, picture, Id_CLIENTS, Id_EVENTS) values (484, 4, 'Fusce posuere felis sed lacus. Morbi sem mauris, laoreet ut, rhoncus aliquet, pulvinar sed, nisl.', 'http://dummyimage.com/189x215.png/cc0000/ffffff', 66, 183);
insert into COMMENTS (Id_COMMENTS, grade, content, picture, Id_CLIENTS, Id_EVENTS) values (485, 2, 'Nam ultrices, libero non mattis pulvinar, nulla pede ullamcorper augue, a suscipit nulla elit ac nulla. Sed vel enim sit amet nunc viverra dapibus. Nulla suscipit ligula in lacus.', 'http://dummyimage.com/163x208.png/ff4444/ffffff', 37, 56);
insert into COMMENTS (Id_COMMENTS, grade, content, picture, Id_CLIENTS, Id_EVENTS) values (486, 5, 'Aliquam non mauris. Morbi non lectus. Aliquam sit amet diam in magna bibendum imperdiet.', 'http://dummyimage.com/233x168.png/ff4444/ffffff', 62, 188);
insert into COMMENTS (Id_COMMENTS, grade, content, picture, Id_CLIENTS, Id_EVENTS) values (487, 4, 'Curabitur convallis. Duis consequat dui nec nisi volutpat eleifend. Donec ut dolor.', 'http://dummyimage.com/215x219.png/5fa2dd/ffffff', 58, 195);
insert into COMMENTS (Id_COMMENTS, grade, content, picture, Id_CLIENTS, Id_EVENTS) values (488, 5, 'Vivamus in felis eu sapien cursus vestibulum. Proin eu mi.', 'http://dummyimage.com/180x156.png/5fa2dd/ffffff', 45, 49);
insert into COMMENTS (Id_COMMENTS, grade, content, picture, Id_CLIENTS, Id_EVENTS) values (489, 2, 'Praesent lectus.', 'http://dummyimage.com/112x146.png/ff4444/ffffff', 49, 62);
insert into COMMENTS (Id_COMMENTS, grade, content, picture, Id_CLIENTS, Id_EVENTS) values (490, 1, 'Pellentesque eget nunc.', 'http://dummyimage.com/230x187.png/ff4444/ffffff', 59, 5);
insert into COMMENTS (Id_COMMENTS, grade, content, picture, Id_CLIENTS, Id_EVENTS) values (491, 1, 'Nunc purus. Phasellus in felis.', 'http://dummyimage.com/177x138.png/ff4444/ffffff', 7, 185);
insert into COMMENTS (Id_COMMENTS, grade, content, picture, Id_CLIENTS, Id_EVENTS) values (492, 2, 'Aliquam non mauris. Morbi non lectus. Aliquam sit amet diam in magna bibendum imperdiet.', 'http://dummyimage.com/103x126.png/dddddd/000000', 15, 98);
insert into COMMENTS (Id_COMMENTS, grade, content, picture, Id_CLIENTS, Id_EVENTS) values (493, 5, 'Phasellus in felis. Donec semper sapien a libero.', 'http://dummyimage.com/125x229.png/dddddd/000000', 32, 120);
insert into COMMENTS (Id_COMMENTS, grade, content, picture, Id_CLIENTS, Id_EVENTS) values (494, 2, 'Donec posuere metus vitae ipsum. Aliquam non mauris. Morbi non lectus.', 'http://dummyimage.com/239x142.png/cc0000/ffffff', 16, 116);
insert into COMMENTS (Id_COMMENTS, grade, content, picture, Id_CLIENTS, Id_EVENTS) values (495, 1, 'Donec posuere metus vitae ipsum.', 'http://dummyimage.com/154x187.png/dddddd/000000', 46, 195);
insert into COMMENTS (Id_COMMENTS, grade, content, picture, Id_CLIENTS, Id_EVENTS) values (496, 1, 'Maecenas tristique, est et tempus semper, est quam pharetra magna, ac consequat metus sapien ut nunc. Vestibulum ante ipsum primis in faucibus orci luctus et ultrices posuere cubilia Curae; Mauris viverra diam vitae quam. Suspendisse potenti.', 'http://dummyimage.com/240x178.png/dddddd/000000', 56, 105);
insert into COMMENTS (Id_COMMENTS, grade, content, picture, Id_CLIENTS, Id_EVENTS) values (497, 4, 'Curabitur gravida nisi at nibh.', 'http://dummyimage.com/245x113.png/dddddd/000000', 62, 46);
insert into COMMENTS (Id_COMMENTS, grade, content, picture, Id_CLIENTS, Id_EVENTS) values (498, 4, 'Pellentesque eget nunc. Donec quis orci eget orci vehicula condimentum. Curabitur in libero ut massa volutpat convallis.', 'http://dummyimage.com/163x177.png/dddddd/000000', 4, 151);
insert into COMMENTS (Id_COMMENTS, grade, content, picture, Id_CLIENTS, Id_EVENTS) values (499, 1, 'Maecenas rhoncus aliquam lacus.', 'http://dummyimage.com/191x134.png/cc0000/ffffff', 51, 61);
insert into COMMENTS (Id_COMMENTS, grade, content, picture, Id_CLIENTS, Id_EVENTS) values (500, 3, 'Duis mattis egestas metus.', 'http://dummyimage.com/143x235.png/ff4444/ffffff', 16, 129);
insert into FOODS (Id_FOODS, name, description, price, picture) values (1, 'Chocolate - Milk', 'Praesent blandit. Nam nulla. Integer pede justo, lacinia eget, tincidunt eget, tempus vel, pede.', 20.64, 'http://dummyimage.com/179x210.png/ff4444/ffffff');
insert into FOODS (Id_FOODS, name, description, price, picture) values (2, 'Oxtail - Cut', 'Vivamus tortor.', 16.04, 'http://dummyimage.com/192x184.png/cc0000/ffffff');
insert into FOODS (Id_FOODS, name, description, price, picture) values (3, 'Baking Powder', 'Nullam porttitor lacus at turpis.', 14.92, 'http://dummyimage.com/227x210.png/cc0000/ffffff');
insert into FOODS (Id_FOODS, name, description, price, picture) values (4, 'Sachet', 'In sagittis dui vel nisl.', 25.93, 'http://dummyimage.com/157x218.png/cc0000/ffffff');
insert into FOODS (Id_FOODS, name, description, price, picture) values (5, 'Tomatoes - Grape', 'Praesent blandit. Nam nulla. Integer pede justo, lacinia eget, tincidunt eget, tempus vel, pede.', 27.24, 'http://dummyimage.com/180x229.png/5fa2dd/ffffff');
insert into FOODS (Id_FOODS, name, description, price, picture) values (6, 'Water - Evian 355 Ml', 'Aenean sit amet justo. Morbi ut odio. Cras mi pede, malesuada in, imperdiet et, commodo vulputate, justo.', 14.37, 'http://dummyimage.com/122x100.png/dddddd/000000');
insert into FOODS (Id_FOODS, name, description, price, picture) values (7, 'Veal - Insides, Grains', 'Quisque id justo sit amet sapien dignissim vestibulum.', 31.36, 'http://dummyimage.com/137x190.png/ff4444/ffffff');
insert into FOODS (Id_FOODS, name, description, price, picture) values (8, 'Apples - Spartan', 'Curabitur at ipsum ac tellus semper interdum.', 18.91, 'http://dummyimage.com/117x139.png/dddddd/000000');
insert into FOODS (Id_FOODS, name, description, price, picture) values (9, 'Rice - Basmati', 'Pellentesque eget nunc. Donec quis orci eget orci vehicula condimentum.', 31.7, 'http://dummyimage.com/128x203.png/5fa2dd/ffffff');
insert into FOODS (Id_FOODS, name, description, price, picture) values (10, 'Coffee Decaf Colombian', 'Maecenas pulvinar lobortis est. Phasellus sit amet erat.', 9.58, 'http://dummyimage.com/167x123.png/dddddd/000000');
insert into FOODS (Id_FOODS, name, description, price, picture) values (11, 'Pasta - Agnolotti - Butternut', 'Integer pede justo, lacinia eget, tincidunt eget, tempus vel, pede. Morbi porttitor lorem id ligula. Suspendisse ornare consequat lectus.', 28.87, 'http://dummyimage.com/145x220.png/5fa2dd/ffffff');
insert into FOODS (Id_FOODS, name, description, price, picture) values (12, 'Lotus Rootlets - Canned', 'In hac habitasse platea dictumst.', 7.26, 'http://dummyimage.com/107x145.png/5fa2dd/ffffff');
insert into FOODS (Id_FOODS, name, description, price, picture) values (13, 'Tea - Herbal - 6 Asst', 'In quis justo. Maecenas rhoncus aliquam lacus.', 16.09, 'http://dummyimage.com/241x245.png/cc0000/ffffff');
insert into FOODS (Id_FOODS, name, description, price, picture) values (14, 'Appetizer - Spring Roll, Veg', 'Integer non velit. Donec diam neque, vestibulum eget, vulputate ut, ultrices vel, augue.', 9.41, 'http://dummyimage.com/148x114.png/cc0000/ffffff');
insert into FOODS (Id_FOODS, name, description, price, picture) values (15, 'Wine - Chardonnay Mondavi', 'Vivamus vel nulla eget eros elementum pellentesque. Quisque porta volutpat erat. Quisque erat eros, viverra eget, congue eget, semper rutrum, nulla.', 20.76, 'http://dummyimage.com/188x132.png/dddddd/000000');
insert into FOODS (Id_FOODS, name, description, price, picture) values (16, 'Beef - Tenderloin', 'Cum sociis natoque penatibus et magnis dis parturient montes, nascetur ridiculus mus.', 32.46, 'http://dummyimage.com/229x171.png/ff4444/ffffff');
insert into FOODS (Id_FOODS, name, description, price, picture) values (17, 'Munchies Honey Sweet Trail Mix', 'Nulla nisl.', 20.55, 'http://dummyimage.com/232x228.png/5fa2dd/ffffff');
insert into FOODS (Id_FOODS, name, description, price, picture) values (18, 'Chocolate Eclairs', 'Cum sociis natoque penatibus et magnis dis parturient montes, nascetur ridiculus mus.', 14.88, 'http://dummyimage.com/103x126.png/ff4444/ffffff');
insert into FOODS (Id_FOODS, name, description, price, picture) values (19, 'Chocolate - Liqueur Cups With Foil', 'Cum sociis natoque penatibus et magnis dis parturient montes, nascetur ridiculus mus. Vivamus vestibulum sagittis sapien. Cum sociis natoque penatibus et magnis dis parturient montes, nascetur ridiculus mus.', 16.11, 'http://dummyimage.com/241x236.png/cc0000/ffffff');
insert into FOODS (Id_FOODS, name, description, price, picture) values (20, 'Spinach - Spinach Leaf', 'Nulla tempus. Vivamus in felis eu sapien cursus vestibulum.', 10.72, 'http://dummyimage.com/204x128.png/ff4444/ffffff');
insert into FOODS (Id_FOODS, name, description, price, picture) values (21, 'Potatoes - Purple, Organic', 'Nulla neque libero, convallis eget, eleifend luctus, ultricies eu, nibh. Quisque id justo sit amet sapien dignissim vestibulum. Vestibulum ante ipsum primis in faucibus orci luctus et ultrices posuere cubilia Curae; Nulla dapibus dolor vel est.', 7.85, 'http://dummyimage.com/115x146.png/ff4444/ffffff');
insert into FOODS (Id_FOODS, name, description, price, picture) values (22, 'Bread - Bistro Sour', 'Donec posuere metus vitae ipsum. Aliquam non mauris. Morbi non lectus.', 33.25, 'http://dummyimage.com/188x122.png/cc0000/ffffff');
insert into FOODS (Id_FOODS, name, description, price, picture) values (23, 'Ginger - Ground', 'Morbi vel lectus in quam fringilla rhoncus. Mauris enim leo, rhoncus sed, vestibulum sit amet, cursus id, turpis.', 19.82, 'http://dummyimage.com/232x248.png/cc0000/ffffff');
insert into FOODS (Id_FOODS, name, description, price, picture) values (24, 'Bacardi Breezer - Tropical', 'Lorem ipsum dolor sit amet, consectetuer adipiscing elit.', 22.14, 'http://dummyimage.com/161x238.png/ff4444/ffffff');
insert into FOODS (Id_FOODS, name, description, price, picture) values (25, 'Dill Weed - Fresh', 'Morbi non quam nec dui luctus rutrum.', 17.85, 'http://dummyimage.com/119x141.png/dddddd/000000');
insert into FOODS (Id_FOODS, name, description, price, picture) values (26, 'Pepper - Scotch Bonnet', 'Aenean fermentum.', 24.45, 'http://dummyimage.com/237x104.png/5fa2dd/ffffff');
insert into FOODS (Id_FOODS, name, description, price, picture) values (27, 'Sea Bass - Fillets', 'In sagittis dui vel nisl.', 11.85, 'http://dummyimage.com/173x106.png/dddddd/000000');
insert into FOODS (Id_FOODS, name, description, price, picture) values (28, 'Carbonated Water - Blackberry', 'Pellentesque ultrices mattis odio. Donec vitae nisi.', 33.69, 'http://dummyimage.com/137x177.png/ff4444/ffffff');
insert into FOODS (Id_FOODS, name, description, price, picture) values (29, 'Bread Foccacia Whole', 'Nulla mollis molestie lorem. Quisque ut erat. Curabitur gravida nisi at nibh.', 27.74, 'http://dummyimage.com/100x120.png/5fa2dd/ffffff');
insert into FOODS (Id_FOODS, name, description, price, picture) values (30, 'Chilli Paste, Hot Sambal Oelek', 'Quisque ut erat.', 17.45, 'http://dummyimage.com/120x206.png/ff4444/ffffff');
insert into FOODS (Id_FOODS, name, description, price, picture) values (31, 'Cheese - St. Andre', 'In congue. Etiam justo. Etiam pretium iaculis justo.', 11.5, 'http://dummyimage.com/121x139.png/ff4444/ffffff');
insert into FOODS (Id_FOODS, name, description, price, picture) values (32, 'Salmon - Atlantic, No Skin', 'Integer ac neque.', 26.63, 'http://dummyimage.com/156x236.png/cc0000/ffffff');
insert into FOODS (Id_FOODS, name, description, price, picture) values (33, 'Sauce - Roasted Red Pepper', 'Maecenas ut massa quis augue luctus tincidunt. Nulla mollis molestie lorem. Quisque ut erat.', 34.99, 'http://dummyimage.com/124x242.png/cc0000/ffffff');
insert into FOODS (Id_FOODS, name, description, price, picture) values (34, 'Bread - Petit Baguette', 'Integer pede justo, lacinia eget, tincidunt eget, tempus vel, pede.', 18.29, 'http://dummyimage.com/117x137.png/ff4444/ffffff');
insert into FOODS (Id_FOODS, name, description, price, picture) values (35, 'Yokaline', 'Aenean fermentum. Donec ut mauris eget massa tempor convallis.', 18.85, 'http://dummyimage.com/187x186.png/ff4444/ffffff');
insert into FOODS (Id_FOODS, name, description, price, picture) values (36, 'Liners - Baking Cups', 'Duis bibendum. Morbi non quam nec dui luctus rutrum.', 16.51, 'http://dummyimage.com/245x162.png/dddddd/000000');
insert into FOODS (Id_FOODS, name, description, price, picture) values (37, 'Wine - Placido Pinot Grigo', 'In hac habitasse platea dictumst.', 30.47, 'http://dummyimage.com/179x231.png/cc0000/ffffff');
insert into FOODS (Id_FOODS, name, description, price, picture) values (38, 'Oil - Cooking Spray', 'Etiam faucibus cursus urna. Ut tellus. Nulla ut erat id mauris vulputate elementum.', 15.7, 'http://dummyimage.com/185x137.png/5fa2dd/ffffff');
insert into FOODS (Id_FOODS, name, description, price, picture) values (39, 'Sole - Iqf', 'In hac habitasse platea dictumst. Maecenas ut massa quis augue luctus tincidunt.', 26.65, 'http://dummyimage.com/105x207.png/5fa2dd/ffffff');
insert into FOODS (Id_FOODS, name, description, price, picture) values (40, 'Juice - Orange, Concentrate', 'Nullam orci pede, venenatis non, sodales sed, tincidunt eu, felis. Fusce posuere felis sed lacus. Morbi sem mauris, laoreet ut, rhoncus aliquet, pulvinar sed, nisl.', 28.65, 'http://dummyimage.com/249x232.png/dddddd/000000');
insert into FOODS (Id_FOODS, name, description, price, picture) values (41, 'Mushroom - Lg - Cello', 'Duis bibendum, felis sed interdum venenatis, turpis enim blandit mi, in porttitor pede justo eu massa.', 23.0, 'http://dummyimage.com/172x139.png/5fa2dd/ffffff');
insert into FOODS (Id_FOODS, name, description, price, picture) values (42, 'Pepper - Julienne, Frozen', 'Vivamus tortor. Duis mattis egestas metus.', 19.68, 'http://dummyimage.com/205x131.png/cc0000/ffffff');
insert into FOODS (Id_FOODS, name, description, price, picture) values (43, 'Nantucket - Kiwi Berry Cktl.', 'Fusce lacus purus, aliquet at, feugiat non, pretium quis, lectus. Suspendisse potenti.', 24.48, 'http://dummyimage.com/159x201.png/cc0000/ffffff');
insert into FOODS (Id_FOODS, name, description, price, picture) values (44, 'Okra', 'Integer non velit. Donec diam neque, vestibulum eget, vulputate ut, ultrices vel, augue.', 14.05, 'http://dummyimage.com/214x157.png/5fa2dd/ffffff');
insert into FOODS (Id_FOODS, name, description, price, picture) values (45, 'Cake - Box Window 10x10x2.5', 'Sed ante.', 19.47, 'http://dummyimage.com/108x135.png/cc0000/ffffff');
insert into FOODS (Id_FOODS, name, description, price, picture) values (46, 'Sobe - Orange Carrot', 'In blandit ultrices enim.', 14.93, 'http://dummyimage.com/130x130.png/dddddd/000000');
insert into FOODS (Id_FOODS, name, description, price, picture) values (47, 'Longos - Chicken Cordon Bleu', 'Vestibulum ante ipsum primis in faucibus orci luctus et ultrices posuere cubilia Curae; Duis faucibus accumsan odio. Curabitur convallis.', 17.35, 'http://dummyimage.com/202x174.png/cc0000/ffffff');
insert into FOODS (Id_FOODS, name, description, price, picture) values (48, 'Wine - Niagara Peninsula Vqa', 'Vestibulum ante ipsum primis in faucibus orci luctus et ultrices posuere cubilia Curae; Donec pharetra, magna vestibulum aliquet ultrices, erat tortor sollicitudin mi, sit amet lobortis sapien sapien non mi. Integer ac neque.', 20.87, 'http://dummyimage.com/235x159.png/dddddd/000000');
insert into FOODS (Id_FOODS, name, description, price, picture) values (49, 'Bread Country Roll', 'Sed sagittis. Nam congue, risus semper porta volutpat, quam pede lobortis ligula, sit amet eleifend pede libero quis orci.', 9.84, 'http://dummyimage.com/245x114.png/ff4444/ffffff');
insert into FOODS (Id_FOODS, name, description, price, picture) values (50, 'Rum - Spiced, Captain Morgan', 'Nullam porttitor lacus at turpis. Donec posuere metus vitae ipsum. Aliquam non mauris.', 31.63, 'http://dummyimage.com/249x142.png/ff4444/ffffff');
insert into SHOP_ITEMS (Id_SHOP_ITEMS, name, description, price, stock, reward, picture) values (1, 'Turkey, wild', 'Nulla mollis molestie lorem. Quisque ut erat. Curabitur gravida nisi at nibh.', 27.96, 3, 1, 'http://dummyimage.com/118x115.png/cc0000/ffffff');
insert into SHOP_ITEMS (Id_SHOP_ITEMS, name, description, price, stock, reward, picture) values (2, 'Malay squirrel (unidentified)', 'Duis bibendum.', 29.36, 11, 0, 'http://dummyimage.com/222x227.png/dddddd/000000');
insert into SHOP_ITEMS (Id_SHOP_ITEMS, name, description, price, stock, reward, picture) values (3, 'Magellanic penguin', 'Vestibulum ante ipsum primis in faucibus orci luctus et ultrices posuere cubilia Curae; Donec pharetra, magna vestibulum aliquet ultrices, erat tortor sollicitudin mi, sit amet lobortis sapien sapien non mi.', 25.66, 8, 2, 'http://dummyimage.com/140x110.png/dddddd/000000');
insert into SHOP_ITEMS (Id_SHOP_ITEMS, name, description, price, stock, reward, picture) values (4, 'Little brown bat', 'Lorem ipsum dolor sit amet, consectetuer adipiscing elit. Proin risus. Praesent lectus.', 19.01, 32, 3, 'http://dummyimage.com/104x159.png/ff4444/ffffff');
insert into SHOP_ITEMS (Id_SHOP_ITEMS, name, description, price, stock, reward, picture) values (5, 'Giant heron', 'In hac habitasse platea dictumst. Maecenas ut massa quis augue luctus tincidunt. Nulla mollis molestie lorem.', 11.96, 47, 0, 'http://dummyimage.com/182x213.png/ff4444/ffffff');
insert into SHOP_ITEMS (Id_SHOP_ITEMS, name, description, price, stock, reward, picture) values (6, 'Kori bustard', 'Quisque id justo sit amet sapien dignissim vestibulum.', 30.13, 27, 5, 'http://dummyimage.com/149x212.png/cc0000/ffffff');
insert into SHOP_ITEMS (Id_SHOP_ITEMS, name, description, price, stock, reward, picture) values (7, 'Phalarope, grey', 'Fusce posuere felis sed lacus. Morbi sem mauris, laoreet ut, rhoncus aliquet, pulvinar sed, nisl. Nunc rhoncus dui vel sem.', 11.19, 2, 3, 'http://dummyimage.com/114x149.png/dddddd/000000');
insert into SHOP_ITEMS (Id_SHOP_ITEMS, name, description, price, stock, reward, picture) values (8, 'Otter, giant', 'Quisque erat eros, viverra eget, congue eget, semper rutrum, nulla.', 21.34, 38, 3, 'http://dummyimage.com/176x160.png/5fa2dd/ffffff');
insert into SHOP_ITEMS (Id_SHOP_ITEMS, name, description, price, stock, reward, picture) values (9, 'Whale, long-finned pilot', 'In blandit ultrices enim. Lorem ipsum dolor sit amet, consectetuer adipiscing elit.', 20.66, 17, 1, 'http://dummyimage.com/156x118.png/ff4444/ffffff');
insert into SHOP_ITEMS (Id_SHOP_ITEMS, name, description, price, stock, reward, picture) values (10, 'Macaw, blue and gold', 'Sed vel enim sit amet nunc viverra dapibus. Nulla suscipit ligula in lacus. Curabitur at ipsum ac tellus semper interdum.', 28.89, 1, 4, 'http://dummyimage.com/153x108.png/ff4444/ffffff');
insert into SHOP_ITEMS (Id_SHOP_ITEMS, name, description, price, stock, reward, picture) values (11, 'Cook''s tree boa', 'Aliquam erat volutpat. In congue. Etiam justo.', 26.12, 34, 3, 'http://dummyimage.com/183x180.png/5fa2dd/ffffff');
insert into SHOP_ITEMS (Id_SHOP_ITEMS, name, description, price, stock, reward, picture) values (12, 'Meerkat, red', 'Duis mattis egestas metus. Aenean fermentum.', 17.77, 35, 2, 'http://dummyimage.com/106x151.png/dddddd/000000');
insert into SHOP_ITEMS (Id_SHOP_ITEMS, name, description, price, stock, reward, picture) values (13, 'Caribou', 'Maecenas ut massa quis augue luctus tincidunt. Nulla mollis molestie lorem.', 18.13, 28, 1, 'http://dummyimage.com/225x212.png/ff4444/ffffff');
insert into SHOP_ITEMS (Id_SHOP_ITEMS, name, description, price, stock, reward, picture) values (14, 'Swallow-tail gull', 'Suspendisse ornare consequat lectus.', 17.36, 2, 2, 'http://dummyimage.com/131x170.png/ff4444/ffffff');
insert into SHOP_ITEMS (Id_SHOP_ITEMS, name, description, price, stock, reward, picture) values (15, 'Stanley bustard', 'Vestibulum ante ipsum primis in faucibus orci luctus et ultrices posuere cubilia Curae; Nulla dapibus dolor vel est. Donec odio justo, sollicitudin ut, suscipit a, feugiat et, eros.', 18.38, 5, 5, 'http://dummyimage.com/107x164.png/ff4444/ffffff');
insert into SHOP_ITEMS (Id_SHOP_ITEMS, name, description, price, stock, reward, picture) values (16, 'Giant otter', 'Lorem ipsum dolor sit amet, consectetuer adipiscing elit.', 8.34, 18, 4, 'http://dummyimage.com/195x138.png/dddddd/000000');
insert into SHOP_ITEMS (Id_SHOP_ITEMS, name, description, price, stock, reward, picture) values (17, 'Two-banded monitor', 'Aenean lectus. Pellentesque eget nunc.', 9.12, 30, 0, 'http://dummyimage.com/140x148.png/dddddd/000000');
insert into SHOP_ITEMS (Id_SHOP_ITEMS, name, description, price, stock, reward, picture) values (18, 'Grey lourie', 'Vivamus vel nulla eget eros elementum pellentesque. Quisque porta volutpat erat. Quisque erat eros, viverra eget, congue eget, semper rutrum, nulla.', 9.78, 29, 1, 'http://dummyimage.com/197x154.png/dddddd/000000');
insert into SHOP_ITEMS (Id_SHOP_ITEMS, name, description, price, stock, reward, picture) values (19, 'Malleefowl', 'Sed accumsan felis. Ut at dolor quis odio consequat varius.', 8.79, 21, 3, 'http://dummyimage.com/137x231.png/ff4444/ffffff');
insert into SHOP_ITEMS (Id_SHOP_ITEMS, name, description, price, stock, reward, picture) values (20, 'Common grenadier', 'Duis mattis egestas metus. Aenean fermentum.', 18.21, 32, 3, 'http://dummyimage.com/199x246.png/cc0000/ffffff');
insert into SHOP_ITEMS (Id_SHOP_ITEMS, name, description, price, stock, reward, picture) values (21, 'Duck, white-faced whistling', 'Suspendisse potenti. In eleifend quam a odio.', 27.05, 49, 1, 'http://dummyimage.com/179x208.png/5fa2dd/ffffff');
insert into SHOP_ITEMS (Id_SHOP_ITEMS, name, description, price, stock, reward, picture) values (22, 'Lion, mountain', 'Morbi ut odio. Cras mi pede, malesuada in, imperdiet et, commodo vulputate, justo. In blandit ultrices enim.', 32.01, 44, 4, 'http://dummyimage.com/223x188.png/5fa2dd/ffffff');
insert into SHOP_ITEMS (Id_SHOP_ITEMS, name, description, price, stock, reward, picture) values (23, 'Eastern white pelican', 'Sed accumsan felis.', 27.53, 5, 4, 'http://dummyimage.com/192x191.png/cc0000/ffffff');
insert into SHOP_ITEMS (Id_SHOP_ITEMS, name, description, price, stock, reward, picture) values (24, 'Jaguar', 'Duis ac nibh.', 24.24, 14, 0, 'http://dummyimage.com/107x110.png/ff4444/ffffff');
insert into SHOP_ITEMS (Id_SHOP_ITEMS, name, description, price, stock, reward, picture) values (25, 'Tammar wallaby', 'Mauris sit amet eros. Suspendisse accumsan tortor quis turpis. Sed ante.', 12.15, 38, 0, 'http://dummyimage.com/190x140.png/ff4444/ffffff');
insert into SHOP_ITEMS (Id_SHOP_ITEMS, name, description, price, stock, reward, picture) values (26, 'Deer, black-tailed', 'Praesent blandit.', 34.44, 48, 2, 'http://dummyimage.com/222x214.png/cc0000/ffffff');
insert into SHOP_ITEMS (Id_SHOP_ITEMS, name, description, price, stock, reward, picture) values (27, 'Magellanic penguin', 'Vestibulum rutrum rutrum neque. Aenean auctor gravida sem. Praesent id massa id nisl venenatis lacinia.', 27.42, 26, 2, 'http://dummyimage.com/191x181.png/5fa2dd/ffffff');
insert into SHOP_ITEMS (Id_SHOP_ITEMS, name, description, price, stock, reward, picture) values (28, 'Potoroo', 'Fusce lacus purus, aliquet at, feugiat non, pretium quis, lectus. Suspendisse potenti. In eleifend quam a odio.', 14.65, 30, 5, 'http://dummyimage.com/168x124.png/5fa2dd/ffffff');
insert into SHOP_ITEMS (Id_SHOP_ITEMS, name, description, price, stock, reward, picture) values (29, 'Southern tamandua', 'Nam congue, risus semper porta volutpat, quam pede lobortis ligula, sit amet eleifend pede libero quis orci. Nullam molestie nibh in lectus.', 25.5, 41, 2, 'http://dummyimage.com/247x115.png/5fa2dd/ffffff');
insert into SHOP_ITEMS (Id_SHOP_ITEMS, name, description, price, stock, reward, picture) values (30, 'Mexican boa', 'Aenean lectus. Pellentesque eget nunc.', 23.16, 19, 5, 'http://dummyimage.com/214x117.png/ff4444/ffffff');
insert into SHOP_ITEMS (Id_SHOP_ITEMS, name, description, price, stock, reward, picture) values (31, 'Mandras tree shrew', 'Praesent lectus. Vestibulum quam sapien, varius ut, blandit non, interdum in, ante. Vestibulum ante ipsum primis in faucibus orci luctus et ultrices posuere cubilia Curae; Duis faucibus accumsan odio.', 33.33, 48, 3, 'http://dummyimage.com/240x164.png/cc0000/ffffff');
insert into SHOP_ITEMS (Id_SHOP_ITEMS, name, description, price, stock, reward, picture) values (32, 'Waxbill, violet-eared', 'Morbi odio odio, elementum eu, interdum eu, tincidunt in, leo. Maecenas pulvinar lobortis est. Phasellus sit amet erat.', 26.79, 32, 1, 'http://dummyimage.com/224x222.png/cc0000/ffffff');
insert into SHOP_ITEMS (Id_SHOP_ITEMS, name, description, price, stock, reward, picture) values (33, 'Australian masked owl', 'Curabitur convallis.', 10.36, 34, 5, 'http://dummyimage.com/185x142.png/cc0000/ffffff');
insert into SHOP_ITEMS (Id_SHOP_ITEMS, name, description, price, stock, reward, picture) values (34, 'White-headed vulture', 'Mauris enim leo, rhoncus sed, vestibulum sit amet, cursus id, turpis. Integer aliquet, massa id lobortis convallis, tortor risus dapibus augue, vel accumsan tellus nisi eu orci. Mauris lacinia sapien quis libero.', 9.29, 14, 0, 'http://dummyimage.com/207x117.png/ff4444/ffffff');
insert into SHOP_ITEMS (Id_SHOP_ITEMS, name, description, price, stock, reward, picture) values (35, 'Uinta ground squirrel', 'Lorem ipsum dolor sit amet, consectetuer adipiscing elit. Proin risus.', 30.26, 7, 5, 'http://dummyimage.com/231x151.png/cc0000/ffffff');
insert into SHOP_ITEMS (Id_SHOP_ITEMS, name, description, price, stock, reward, picture) values (36, 'Pine squirrel', 'In sagittis dui vel nisl.', 19.69, 9, 3, 'http://dummyimage.com/168x247.png/5fa2dd/ffffff');
insert into SHOP_ITEMS (Id_SHOP_ITEMS, name, description, price, stock, reward, picture) values (37, 'Goose, cereopsis', 'Phasellus sit amet erat. Nulla tempus. Vivamus in felis eu sapien cursus vestibulum.', 12.31, 7, 2, 'http://dummyimage.com/180x224.png/cc0000/ffffff');
insert into SHOP_ITEMS (Id_SHOP_ITEMS, name, description, price, stock, reward, picture) values (38, 'Four-horned antelope', 'Quisque ut erat. Curabitur gravida nisi at nibh. In hac habitasse platea dictumst.', 10.95, 11, 5, 'http://dummyimage.com/231x221.png/cc0000/ffffff');
insert into SHOP_ITEMS (Id_SHOP_ITEMS, name, description, price, stock, reward, picture) values (39, 'Stork, european', 'Aliquam sit amet diam in magna bibendum imperdiet.', 20.31, 28, 2, 'http://dummyimage.com/121x160.png/5fa2dd/ffffff');
insert into SHOP_ITEMS (Id_SHOP_ITEMS, name, description, price, stock, reward, picture) values (40, 'Vulture, white-headed', 'Pellentesque at nulla. Suspendisse potenti. Cras in purus eu magna vulputate luctus.', 27.64, 23, 3, 'http://dummyimage.com/145x223.png/dddddd/000000');
insert into SHOP_ITEMS (Id_SHOP_ITEMS, name, description, price, stock, reward, picture) values (41, 'Striped dolphin', 'Vivamus metus arcu, adipiscing molestie, hendrerit at, vulputate vitae, nisl. Aenean lectus.', 15.49, 13, 1, 'http://dummyimage.com/175x170.png/5fa2dd/ffffff');
insert into SHOP_ITEMS (Id_SHOP_ITEMS, name, description, price, stock, reward, picture) values (42, 'Crimson-breasted shrike', 'Nulla neque libero, convallis eget, eleifend luctus, ultricies eu, nibh.', 18.19, 32, 0, 'http://dummyimage.com/231x196.png/5fa2dd/ffffff');
insert into SHOP_ITEMS (Id_SHOP_ITEMS, name, description, price, stock, reward, picture) values (43, 'Common mynah', 'Morbi odio odio, elementum eu, interdum eu, tincidunt in, leo. Maecenas pulvinar lobortis est.', 34.15, 18, 2, 'http://dummyimage.com/175x216.png/5fa2dd/ffffff');
insert into SHOP_ITEMS (Id_SHOP_ITEMS, name, description, price, stock, reward, picture) values (44, 'Australian sea lion', 'Ut tellus. Nulla ut erat id mauris vulputate elementum.', 33.88, 18, 1, 'http://dummyimage.com/150x125.png/dddddd/000000');
insert into SHOP_ITEMS (Id_SHOP_ITEMS, name, description, price, stock, reward, picture) values (45, 'Loris, slender', 'Duis consequat dui nec nisi volutpat eleifend. Donec ut dolor.', 25.05, 18, 3, 'http://dummyimage.com/181x236.png/dddddd/000000');
insert into SHOP_ITEMS (Id_SHOP_ITEMS, name, description, price, stock, reward, picture) values (46, 'Woodpecker, red-headed', 'In hac habitasse platea dictumst. Aliquam augue quam, sollicitudin vitae, consectetuer eget, rutrum at, lorem.', 27.57, 36, 0, 'http://dummyimage.com/237x189.png/dddddd/000000');
insert into SHOP_ITEMS (Id_SHOP_ITEMS, name, description, price, stock, reward, picture) values (47, 'American crow', 'Donec dapibus.', 11.81, 8, 2, 'http://dummyimage.com/208x209.png/5fa2dd/ffffff');
insert into SHOP_ITEMS (Id_SHOP_ITEMS, name, description, price, stock, reward, picture) values (48, 'Pintail, white-cheeked', 'Duis ac nibh.', 26.64, 2, 0, 'http://dummyimage.com/170x151.png/ff4444/ffffff');
insert into SHOP_ITEMS (Id_SHOP_ITEMS, name, description, price, stock, reward, picture) values (49, 'Openbill, asian', 'Proin at turpis a pede posuere nonummy.', 11.19, 4, 3, 'http://dummyimage.com/200x139.png/dddddd/000000');
insert into SHOP_ITEMS (Id_SHOP_ITEMS, name, description, price, stock, reward, picture) values (50, 'Lemur, brown', 'In blandit ultrices enim.', 26.57, 5, 1, 'http://dummyimage.com/145x121.png/dddddd/000000');
insert into ORDERS (Id_ORDERS, status, price, createdAt, deliveryAddress, Id_CONTRACTORS, Id_CONTRACTORS_1, Id_CLIENTS) values (1, 'Female', 67.78, '2020-02-02 16:42:07', '0687 Shopko Hill', 19, 16, 49);
insert into ORDERS (Id_ORDERS, status, price, createdAt, deliveryAddress, Id_CONTRACTORS, Id_CONTRACTORS_1, Id_CLIENTS) values (2, 'Male', 28.54, '2022-10-20 04:40:31', '48291 Spohn Trail', 8, 3, 10);
insert into ORDERS (Id_ORDERS, status, price, createdAt, deliveryAddress, Id_CONTRACTORS, Id_CONTRACTORS_1, Id_CLIENTS) values (3, 'Female', 95.02, '2023-03-14 23:43:55', '55 Michigan Hill', 10, 7, 32);
insert into ORDERS (Id_ORDERS, status, price, createdAt, deliveryAddress, Id_CONTRACTORS, Id_CONTRACTORS_1, Id_CLIENTS) values (4, 'Female', 110.32, '2022-01-17 08:33:40', '0548 Grasskamp Junction', 19, 19, 25);
insert into ORDERS (Id_ORDERS, status, price, createdAt, deliveryAddress, Id_CONTRACTORS, Id_CONTRACTORS_1, Id_CLIENTS) values (5, 'Female', 136.25, '2022-02-23 20:50:07', '485 Mcbride Plaza', 3, 1, 31);
insert into ORDERS (Id_ORDERS, status, price, createdAt, deliveryAddress, Id_CONTRACTORS, Id_CONTRACTORS_1, Id_CLIENTS) values (6, 'Female', 86.29, '2022-05-17 16:53:14', '5569 Holmberg Avenue', 16, 14, 35);
insert into ORDERS (Id_ORDERS, status, price, createdAt, deliveryAddress, Id_CONTRACTORS, Id_CONTRACTORS_1, Id_CLIENTS) values (7, 'Male', 132.03, '2021-01-03 18:00:07', '13112 Onsgard Crossing', 18, 14, 30);
insert into ORDERS (Id_ORDERS, status, price, createdAt, deliveryAddress, Id_CONTRACTORS, Id_CONTRACTORS_1, Id_CLIENTS) values (8, 'Female', 78.93, '2020-04-11 05:45:18', '04 Fieldstone Plaza', 5, 3, 47);
insert into ORDERS (Id_ORDERS, status, price, createdAt, deliveryAddress, Id_CONTRACTORS, Id_CONTRACTORS_1, Id_CLIENTS) values (9, 'Female', 117.43, '2020-01-20 03:19:06', '41728 Butterfield Road', 10, 15, 2);
insert into ORDERS (Id_ORDERS, status, price, createdAt, deliveryAddress, Id_CONTRACTORS, Id_CONTRACTORS_1, Id_CLIENTS) values (10, 'Female', 148.48, '2020-08-04 13:42:06', '46 Morrow Terrace', 15, 7, 70);
insert into ORDERS (Id_ORDERS, status, price, createdAt, deliveryAddress, Id_CONTRACTORS, Id_CONTRACTORS_1, Id_CLIENTS) values (11, 'Male', 29.96, '2020-05-05 06:58:41', '762 Autumn Leaf Court', 18, 19, 21);
insert into ORDERS (Id_ORDERS, status, price, createdAt, deliveryAddress, Id_CONTRACTORS, Id_CONTRACTORS_1, Id_CLIENTS) values (12, 'Male', 15.98, '2023-01-17 13:02:26', '33666 Orin Point', 13, 4, 61);
insert into ORDERS (Id_ORDERS, status, price, createdAt, deliveryAddress, Id_CONTRACTORS, Id_CONTRACTORS_1, Id_CLIENTS) values (13, 'Female', 97.34, '2020-11-05 05:34:59', '9296 Schurz Place', 10, 12, 10);
insert into ORDERS (Id_ORDERS, status, price, createdAt, deliveryAddress, Id_CONTRACTORS, Id_CONTRACTORS_1, Id_CLIENTS) values (14, 'Female', 50.22, '2020-07-31 16:41:07', '052 Hanson Alley', 4, 11, 19);
insert into ORDERS (Id_ORDERS, status, price, createdAt, deliveryAddress, Id_CONTRACTORS, Id_CONTRACTORS_1, Id_CLIENTS) values (15, 'Male', 39.05, '2022-03-26 08:53:34', '159 Rutledge Parkway', 17, 12, 67);
insert into ORDERS (Id_ORDERS, status, price, createdAt, deliveryAddress, Id_CONTRACTORS, Id_CONTRACTORS_1, Id_CLIENTS) values (16, 'Male', 98.85, '2020-12-07 19:54:23', '5316 Killdeer Trail', 3, 14, 8);
insert into ORDERS (Id_ORDERS, status, price, createdAt, deliveryAddress, Id_CONTRACTORS, Id_CONTRACTORS_1, Id_CLIENTS) values (17, 'Male', 70.99, '2023-05-31 02:00:22', '470 Dapin Terrace', 12, 1, 33);
insert into ORDERS (Id_ORDERS, status, price, createdAt, deliveryAddress, Id_CONTRACTORS, Id_CONTRACTORS_1, Id_CLIENTS) values (18, 'Male', 32.47, '2022-08-17 19:54:11', '48759 Eggendart Street', 2, 1, 9);
insert into ORDERS (Id_ORDERS, status, price, createdAt, deliveryAddress, Id_CONTRACTORS, Id_CONTRACTORS_1, Id_CLIENTS) values (19, 'Female', 85.84, '2020-01-05 06:29:24', '626 Maple Wood Center', 6, 10, 53);
insert into ORDERS (Id_ORDERS, status, price, createdAt, deliveryAddress, Id_CONTRACTORS, Id_CONTRACTORS_1, Id_CLIENTS) values (20, 'Male', 57.76, '2023-06-11 16:12:20', '0 Fisk Point', 2, 11, 8);
insert into ORDERS (Id_ORDERS, status, price, createdAt, deliveryAddress, Id_CONTRACTORS, Id_CONTRACTORS_1, Id_CLIENTS) values (21, 'Female', 63.98, '2021-03-10 15:25:43', '5010 Schiller Junction', 12, 12, 33);
insert into ORDERS (Id_ORDERS, status, price, createdAt, deliveryAddress, Id_CONTRACTORS, Id_CONTRACTORS_1, Id_CLIENTS) values (22, 'Male', 60.32, '2021-11-04 14:33:24', '23 Pepper Wood Court', 15, 3, 53);
insert into ORDERS (Id_ORDERS, status, price, createdAt, deliveryAddress, Id_CONTRACTORS, Id_CONTRACTORS_1, Id_CLIENTS) values (23, 'Male', 124.75, '2022-05-22 05:11:43', '04 Gina Point', 1, 10, 66);
insert into ORDERS (Id_ORDERS, status, price, createdAt, deliveryAddress, Id_CONTRACTORS, Id_CONTRACTORS_1, Id_CLIENTS) values (24, 'Male', 64.75, '2020-06-11 21:12:00', '929 Steensland Trail', 5, 4, 39);
insert into ORDERS (Id_ORDERS, status, price, createdAt, deliveryAddress, Id_CONTRACTORS, Id_CONTRACTORS_1, Id_CLIENTS) values (25, 'Female', 121.02, '2023-03-07 20:05:45', '8086 Mockingbird Center', 4, 12, 1);
insert into ORDERS (Id_ORDERS, status, price, createdAt, deliveryAddress, Id_CONTRACTORS, Id_CONTRACTORS_1, Id_CLIENTS) values (26, 'Male', 37.38, '2022-08-26 23:35:28', '505 Ilene Court', 11, 14, 6);
insert into ORDERS (Id_ORDERS, status, price, createdAt, deliveryAddress, Id_CONTRACTORS, Id_CONTRACTORS_1, Id_CLIENTS) values (27, 'Female', 12.09, '2020-03-07 05:07:39', '696 Paget Parkway', 4, 17, 51);
insert into ORDERS (Id_ORDERS, status, price, createdAt, deliveryAddress, Id_CONTRACTORS, Id_CONTRACTORS_1, Id_CLIENTS) values (28, 'Male', 65.85, '2020-06-18 23:52:27', '5 Hollow Ridge Road', 4, 19, 4);
insert into ORDERS (Id_ORDERS, status, price, createdAt, deliveryAddress, Id_CONTRACTORS, Id_CONTRACTORS_1, Id_CLIENTS) values (29, 'Female', 68.95, '2021-10-24 13:06:42', '8 Arapahoe Crossing', 3, 18, 65);
insert into ORDERS (Id_ORDERS, status, price, createdAt, deliveryAddress, Id_CONTRACTORS, Id_CONTRACTORS_1, Id_CLIENTS) values (30, 'Male', 44.75, '2022-02-14 09:27:46', '2 Blackbird Terrace', 6, 16, 4);
insert into ORDERS (Id_ORDERS, status, price, createdAt, deliveryAddress, Id_CONTRACTORS, Id_CONTRACTORS_1, Id_CLIENTS) values (31, 'Male', 61.5, '2023-06-03 06:28:28', '6 Messerschmidt Street', 13, 2, 9);
insert into ORDERS (Id_ORDERS, status, price, createdAt, deliveryAddress, Id_CONTRACTORS, Id_CONTRACTORS_1, Id_CLIENTS) values (32, 'Female', 115.35, '2022-11-12 14:16:22', '08 Corben Street', 9, 12, 1);
insert into ORDERS (Id_ORDERS, status, price, createdAt, deliveryAddress, Id_CONTRACTORS, Id_CONTRACTORS_1, Id_CLIENTS) values (33, 'Male', 23.43, '2023-05-08 01:15:54', '7573 Northport Pass', 9, 12, 16);
insert into ORDERS (Id_ORDERS, status, price, createdAt, deliveryAddress, Id_CONTRACTORS, Id_CONTRACTORS_1, Id_CLIENTS) values (34, 'Female', 139.85, '2020-06-21 21:10:46', '1 Dryden Trail', 11, 4, 41);
insert into ORDERS (Id_ORDERS, status, price, createdAt, deliveryAddress, Id_CONTRACTORS, Id_CONTRACTORS_1, Id_CLIENTS) values (35, 'Male', 67.63, '2020-07-01 11:31:43', '3 Maywood Street', 3, 8, 12);
insert into ORDERS (Id_ORDERS, status, price, createdAt, deliveryAddress, Id_CONTRACTORS, Id_CONTRACTORS_1, Id_CLIENTS) values (36, 'Male', 89.55, '2021-08-16 07:34:31', '277 Maple Terrace', 4, 11, 56);
insert into ORDERS (Id_ORDERS, status, price, createdAt, deliveryAddress, Id_CONTRACTORS, Id_CONTRACTORS_1, Id_CLIENTS) values (37, 'Male', 135.37, '2023-03-05 08:49:02', '1233 Derek Crossing', 8, 9, 16);
insert into ORDERS (Id_ORDERS, status, price, createdAt, deliveryAddress, Id_CONTRACTORS, Id_CONTRACTORS_1, Id_CLIENTS) values (38, 'Female', 24.85, '2021-05-09 21:59:38', '130 Lakeland Drive', 12, 2, 41);
insert into ORDERS (Id_ORDERS, status, price, createdAt, deliveryAddress, Id_CONTRACTORS, Id_CONTRACTORS_1, Id_CLIENTS) values (39, 'Female', 30.25, '2022-04-09 04:45:22', '1 Basil Center', 11, 7, 27);
insert into ORDERS (Id_ORDERS, status, price, createdAt, deliveryAddress, Id_CONTRACTORS, Id_CONTRACTORS_1, Id_CLIENTS) values (40, 'Male', 86.21, '2022-08-06 20:53:35', '4456 Surrey Trail', 12, 3, 62);
insert into ORDERS (Id_ORDERS, status, price, createdAt, deliveryAddress, Id_CONTRACTORS, Id_CONTRACTORS_1, Id_CLIENTS) values (41, 'Female', 133.04, '2020-04-02 03:17:42', '7 Weeping Birch Hill', 5, 17, 61);
insert into ORDERS (Id_ORDERS, status, price, createdAt, deliveryAddress, Id_CONTRACTORS, Id_CONTRACTORS_1, Id_CLIENTS) values (42, 'Female', 18.67, '2020-08-23 12:44:16', '9 Independence Junction', 1, 5, 57);
insert into ORDERS (Id_ORDERS, status, price, createdAt, deliveryAddress, Id_CONTRACTORS, Id_CONTRACTORS_1, Id_CLIENTS) values (43, 'Male', 17.97, '2023-03-24 22:29:40', '6 American Ash Junction', 4, 6, 13);
insert into ORDERS (Id_ORDERS, status, price, createdAt, deliveryAddress, Id_CONTRACTORS, Id_CONTRACTORS_1, Id_CLIENTS) values (44, 'Male', 127.59, '2021-08-21 19:29:58', '9 Artisan Point', 9, 4, 21);
insert into ORDERS (Id_ORDERS, status, price, createdAt, deliveryAddress, Id_CONTRACTORS, Id_CONTRACTORS_1, Id_CLIENTS) values (45, 'Male', 111.36, '2021-09-01 22:34:17', '3 Hooker Place', 4, 1, 35);
insert into ORDERS (Id_ORDERS, status, price, createdAt, deliveryAddress, Id_CONTRACTORS, Id_CONTRACTORS_1, Id_CLIENTS) values (46, 'Female', 26.58, '2021-05-29 03:15:56', '56 Loeprich Way', 11, 2, 15);
insert into ORDERS (Id_ORDERS, status, price, createdAt, deliveryAddress, Id_CONTRACTORS, Id_CONTRACTORS_1, Id_CLIENTS) values (47, 'Female', 81.57, '2020-05-24 14:39:24', '526 Esker Park', 6, 18, 24);
insert into ORDERS (Id_ORDERS, status, price, createdAt, deliveryAddress, Id_CONTRACTORS, Id_CONTRACTORS_1, Id_CLIENTS) values (48, 'Female', 112.22, '2020-05-16 20:03:40', '823 Elka Court', 16, 16, 37);
insert into ORDERS (Id_ORDERS, status, price, createdAt, deliveryAddress, Id_CONTRACTORS, Id_CONTRACTORS_1, Id_CLIENTS) values (49, 'Female', 90.86, '2022-08-04 11:40:52', '61330 Barnett Center', 13, 11, 36);
insert into ORDERS (Id_ORDERS, status, price, createdAt, deliveryAddress, Id_CONTRACTORS, Id_CONTRACTORS_1, Id_CLIENTS) values (50, 'Female', 72.72, '2021-11-25 16:49:30', '8426 Northwestern Lane', 2, 10, 31);
insert into ORDERS (Id_ORDERS, status, price, createdAt, deliveryAddress, Id_CONTRACTORS, Id_CONTRACTORS_1, Id_CLIENTS) values (51, 'Female', 35.52, '2022-06-25 08:52:22', '64 Vahlen Trail', 1, 19, 35);
insert into ORDERS (Id_ORDERS, status, price, createdAt, deliveryAddress, Id_CONTRACTORS, Id_CONTRACTORS_1, Id_CLIENTS) values (52, 'Male', 52.73, '2021-03-13 00:45:40', '470 Larry Plaza', 13, 7, 31);
insert into ORDERS (Id_ORDERS, status, price, createdAt, deliveryAddress, Id_CONTRACTORS, Id_CONTRACTORS_1, Id_CLIENTS) values (53, 'Female', 41.2, '2022-09-23 20:49:56', '47990 Lighthouse Bay Way', 5, 4, 55);
insert into ORDERS (Id_ORDERS, status, price, createdAt, deliveryAddress, Id_CONTRACTORS, Id_CONTRACTORS_1, Id_CLIENTS) values (54, 'Female', 41.12, '2020-06-06 18:18:52', '18377 Maryland Crossing', 14, 17, 54);
insert into ORDERS (Id_ORDERS, status, price, createdAt, deliveryAddress, Id_CONTRACTORS, Id_CONTRACTORS_1, Id_CLIENTS) values (55, 'Female', 126.71, '2023-05-04 03:17:54', '0 Autumn Leaf Pass', 6, 17, 17);
insert into ORDERS (Id_ORDERS, status, price, createdAt, deliveryAddress, Id_CONTRACTORS, Id_CONTRACTORS_1, Id_CLIENTS) values (56, 'Female', 72.96, '2022-01-14 03:54:45', '5695 Cascade Drive', 13, 19, 2);
insert into ORDERS (Id_ORDERS, status, price, createdAt, deliveryAddress, Id_CONTRACTORS, Id_CONTRACTORS_1, Id_CLIENTS) values (57, 'Male', 30.88, '2021-05-30 23:08:41', '8 Porter Point', 17, 14, 57);
insert into ORDERS (Id_ORDERS, status, price, createdAt, deliveryAddress, Id_CONTRACTORS, Id_CONTRACTORS_1, Id_CLIENTS) values (58, 'Male', 63.16, '2023-04-20 20:32:57', '4 Paget Circle', 9, 16, 15);
insert into ORDERS (Id_ORDERS, status, price, createdAt, deliveryAddress, Id_CONTRACTORS, Id_CONTRACTORS_1, Id_CLIENTS) values (59, 'Female', 133.22, '2023-05-04 04:55:20', '0136 Truax Street', 7, 2, 56);
insert into ORDERS (Id_ORDERS, status, price, createdAt, deliveryAddress, Id_CONTRACTORS, Id_CONTRACTORS_1, Id_CLIENTS) values (60, 'Female', 138.93, '2021-11-04 19:48:34', '2608 Menomonie Junction', 12, 1, 16);
insert into ORDERS (Id_ORDERS, status, price, createdAt, deliveryAddress, Id_CONTRACTORS, Id_CONTRACTORS_1, Id_CLIENTS) values (61, 'Female', 50.27, '2020-06-17 05:30:21', '375 Hoepker Trail', 9, 15, 9);
insert into ORDERS (Id_ORDERS, status, price, createdAt, deliveryAddress, Id_CONTRACTORS, Id_CONTRACTORS_1, Id_CLIENTS) values (62, 'Male', 23.38, '2020-11-22 19:18:49', '7 Roth Court', 16, 3, 63);
insert into ORDERS (Id_ORDERS, status, price, createdAt, deliveryAddress, Id_CONTRACTORS, Id_CONTRACTORS_1, Id_CLIENTS) values (63, 'Male', 36.57, '2021-08-23 19:08:06', '9765 Namekagon Circle', 19, 8, 8);
insert into ORDERS (Id_ORDERS, status, price, createdAt, deliveryAddress, Id_CONTRACTORS, Id_CONTRACTORS_1, Id_CLIENTS) values (64, 'Male', 67.3, '2021-07-19 14:38:00', '14894 Killdeer Park', 3, 20, 55);
insert into ORDERS (Id_ORDERS, status, price, createdAt, deliveryAddress, Id_CONTRACTORS, Id_CONTRACTORS_1, Id_CLIENTS) values (65, 'Male', 133.58, '2020-08-29 10:06:30', '0115 Farmco Terrace', 18, 4, 44);
insert into ORDERS (Id_ORDERS, status, price, createdAt, deliveryAddress, Id_CONTRACTORS, Id_CONTRACTORS_1, Id_CLIENTS) values (66, 'Female', 52.86, '2020-02-17 20:21:17', '23 American Ash Parkway', 19, 12, 65);
insert into ORDERS (Id_ORDERS, status, price, createdAt, deliveryAddress, Id_CONTRACTORS, Id_CONTRACTORS_1, Id_CLIENTS) values (67, 'Female', 73.76, '2022-04-28 15:07:36', '17044 Village Green Point', 7, 19, 53);
insert into ORDERS (Id_ORDERS, status, price, createdAt, deliveryAddress, Id_CONTRACTORS, Id_CONTRACTORS_1, Id_CLIENTS) values (68, 'Male', 53.57, '2022-12-13 13:43:45', '1 Larry Avenue', 13, 1, 36);
insert into ORDERS (Id_ORDERS, status, price, createdAt, deliveryAddress, Id_CONTRACTORS, Id_CONTRACTORS_1, Id_CLIENTS) values (69, 'Female', 86.39, '2023-05-04 01:21:25', '84 Northwestern Point', 20, 16, 14);
insert into ORDERS (Id_ORDERS, status, price, createdAt, deliveryAddress, Id_CONTRACTORS, Id_CONTRACTORS_1, Id_CLIENTS) values (70, 'Female', 24.11, '2020-02-20 09:34:33', '8645 Vernon Park', 10, 10, 7);
insert into ORDERS (Id_ORDERS, status, price, createdAt, deliveryAddress, Id_CONTRACTORS, Id_CONTRACTORS_1, Id_CLIENTS) values (71, 'Male', 118.83, '2022-06-07 00:31:33', '76 Elka Plaza', 14, 12, 55);
insert into ORDERS (Id_ORDERS, status, price, createdAt, deliveryAddress, Id_CONTRACTORS, Id_CONTRACTORS_1, Id_CLIENTS) values (72, 'Female', 71.95, '2020-05-03 18:59:46', '6 Ilene Plaza', 8, 6, 14);
insert into ORDERS (Id_ORDERS, status, price, createdAt, deliveryAddress, Id_CONTRACTORS, Id_CONTRACTORS_1, Id_CLIENTS) values (73, 'Female', 140.29, '2022-03-10 15:31:32', '0830 Vernon Alley', 11, 14, 70);
insert into ORDERS (Id_ORDERS, status, price, createdAt, deliveryAddress, Id_CONTRACTORS, Id_CONTRACTORS_1, Id_CLIENTS) values (74, 'Male', 35.7, '2020-07-08 03:16:11', '180 Mayfield Plaza', 4, 10, 7);
insert into ORDERS (Id_ORDERS, status, price, createdAt, deliveryAddress, Id_CONTRACTORS, Id_CONTRACTORS_1, Id_CLIENTS) values (75, 'Female', 19.7, '2023-01-16 11:46:32', '70 Washington Avenue', 13, 17, 21);
insert into ORDERS (Id_ORDERS, status, price, createdAt, deliveryAddress, Id_CONTRACTORS, Id_CONTRACTORS_1, Id_CLIENTS) values (76, 'Male', 90.6, '2021-06-28 02:52:59', '533 Hintze Road', 19, 3, 12);
insert into ORDERS (Id_ORDERS, status, price, createdAt, deliveryAddress, Id_CONTRACTORS, Id_CONTRACTORS_1, Id_CLIENTS) values (77, 'Male', 49.61, '2022-05-06 09:33:08', '60964 Hagan Lane', 15, 20, 15);
insert into ORDERS (Id_ORDERS, status, price, createdAt, deliveryAddress, Id_CONTRACTORS, Id_CONTRACTORS_1, Id_CLIENTS) values (78, 'Male', 35.9, '2022-05-23 19:32:08', '90196 Claremont Lane', 16, 17, 13);
insert into ORDERS (Id_ORDERS, status, price, createdAt, deliveryAddress, Id_CONTRACTORS, Id_CONTRACTORS_1, Id_CLIENTS) values (79, 'Female', 8.15, '2023-02-13 14:11:08', '38541 Hooker Park', 4, 18, 19);
insert into ORDERS (Id_ORDERS, status, price, createdAt, deliveryAddress, Id_CONTRACTORS, Id_CONTRACTORS_1, Id_CLIENTS) values (80, 'Female', 19.88, '2022-02-10 18:25:12', '31248 Canary Drive', 18, 20, 40);
insert into ORDERS (Id_ORDERS, status, price, createdAt, deliveryAddress, Id_CONTRACTORS, Id_CONTRACTORS_1, Id_CLIENTS) values (81, 'Female', 47.32, '2022-04-10 10:04:49', '95 Bluestem Way', 20, 3, 27);
insert into ORDERS (Id_ORDERS, status, price, createdAt, deliveryAddress, Id_CONTRACTORS, Id_CONTRACTORS_1, Id_CLIENTS) values (82, 'Female', 116.08, '2022-04-09 23:51:08', '009 Jackson Hill', 3, 18, 28);
insert into ORDERS (Id_ORDERS, status, price, createdAt, deliveryAddress, Id_CONTRACTORS, Id_CONTRACTORS_1, Id_CLIENTS) values (83, 'Male', 113.37, '2023-01-19 20:09:38', '84 Melby Plaza', 11, 14, 50);
insert into ORDERS (Id_ORDERS, status, price, createdAt, deliveryAddress, Id_CONTRACTORS, Id_CONTRACTORS_1, Id_CLIENTS) values (84, 'Male', 67.22, '2020-08-17 18:13:04', '04 Hooker Parkway', 15, 18, 20);
insert into ORDERS (Id_ORDERS, status, price, createdAt, deliveryAddress, Id_CONTRACTORS, Id_CONTRACTORS_1, Id_CLIENTS) values (85, 'Male', 102.28, '2023-04-18 01:32:22', '87496 Sloan Road', 5, 17, 27);
insert into ORDERS (Id_ORDERS, status, price, createdAt, deliveryAddress, Id_CONTRACTORS, Id_CONTRACTORS_1, Id_CLIENTS) values (86, 'Male', 69.8, '2022-07-13 13:35:41', '80 Mallory Pass', 9, 8, 23);
insert into ORDERS (Id_ORDERS, status, price, createdAt, deliveryAddress, Id_CONTRACTORS, Id_CONTRACTORS_1, Id_CLIENTS) values (87, 'Female', 43.48, '2020-05-12 10:53:09', '162 Sloan Lane', 12, 12, 49);
insert into ORDERS (Id_ORDERS, status, price, createdAt, deliveryAddress, Id_CONTRACTORS, Id_CONTRACTORS_1, Id_CLIENTS) values (88, 'Male', 63.43, '2021-08-02 15:29:38', '7436 Hermina Drive', 1, 20, 52);
insert into ORDERS (Id_ORDERS, status, price, createdAt, deliveryAddress, Id_CONTRACTORS, Id_CONTRACTORS_1, Id_CLIENTS) values (89, 'Female', 143.34, '2020-01-24 07:45:15', '50 Washington Trail', 19, 4, 43);
insert into ORDERS (Id_ORDERS, status, price, createdAt, deliveryAddress, Id_CONTRACTORS, Id_CONTRACTORS_1, Id_CLIENTS) values (90, 'Female', 131.42, '2022-03-27 15:07:42', '90 Dorton Crossing', 10, 6, 40);
insert into ORDERS (Id_ORDERS, status, price, createdAt, deliveryAddress, Id_CONTRACTORS, Id_CONTRACTORS_1, Id_CLIENTS) values (91, 'Male', 44.47, '2021-03-16 08:14:46', '794 Hallows Terrace', 6, 5, 19);
insert into ORDERS (Id_ORDERS, status, price, createdAt, deliveryAddress, Id_CONTRACTORS, Id_CONTRACTORS_1, Id_CLIENTS) values (92, 'Female', 133.24, '2022-12-22 06:25:59', '66530 Kim Trail', 7, 19, 28);
insert into ORDERS (Id_ORDERS, status, price, createdAt, deliveryAddress, Id_CONTRACTORS, Id_CONTRACTORS_1, Id_CLIENTS) values (93, 'Female', 53.16, '2020-10-05 03:08:02', '73 Springs Lane', 3, 12, 70);
insert into ORDERS (Id_ORDERS, status, price, createdAt, deliveryAddress, Id_CONTRACTORS, Id_CONTRACTORS_1, Id_CLIENTS) values (94, 'Female', 118.45, '2022-06-22 18:45:40', '05 Havey Street', 10, 18, 18);
insert into ORDERS (Id_ORDERS, status, price, createdAt, deliveryAddress, Id_CONTRACTORS, Id_CONTRACTORS_1, Id_CLIENTS) values (95, 'Male', 63.63, '2021-07-31 20:06:16', '078 Oakridge Lane', 18, 2, 6);
insert into ORDERS (Id_ORDERS, status, price, createdAt, deliveryAddress, Id_CONTRACTORS, Id_CONTRACTORS_1, Id_CLIENTS) values (96, 'Female', 132.35, '2023-01-19 16:18:46', '0 Killdeer Terrace', 10, 12, 38);
insert into ORDERS (Id_ORDERS, status, price, createdAt, deliveryAddress, Id_CONTRACTORS, Id_CONTRACTORS_1, Id_CLIENTS) values (97, 'Male', 88.77, '2021-01-18 06:36:42', '3 Crowley Parkway', 4, 7, 25);
insert into ORDERS (Id_ORDERS, status, price, createdAt, deliveryAddress, Id_CONTRACTORS, Id_CONTRACTORS_1, Id_CLIENTS) values (98, 'Female', 122.85, '2020-10-27 02:48:24', '17350 Trailsway Hill', 18, 16, 11);
insert into ORDERS (Id_ORDERS, status, price, createdAt, deliveryAddress, Id_CONTRACTORS, Id_CONTRACTORS_1, Id_CLIENTS) values (99, 'Female', 67.62, '2020-05-12 08:01:25', '10357 Lindbergh Avenue', 11, 20, 37);
insert into ORDERS (Id_ORDERS, status, price, createdAt, deliveryAddress, Id_CONTRACTORS, Id_CONTRACTORS_1, Id_CLIENTS) values (100, 'Male', 30.64, '2021-05-25 22:59:40', '9174 Darwin Street', 6, 2, 7);
insert into ORDERS (Id_ORDERS, status, price, createdAt, deliveryAddress, Id_CONTRACTORS, Id_CONTRACTORS_1, Id_CLIENTS) values (101, 'Female', 121.12, '2023-04-06 17:26:38', '84 Fieldstone Street', 19, 4, 32);
insert into ORDERS (Id_ORDERS, status, price, createdAt, deliveryAddress, Id_CONTRACTORS, Id_CONTRACTORS_1, Id_CLIENTS) values (102, 'Male', 123.29, '2020-09-09 14:55:36', '0601 Hoard Park', 6, 2, 37);
insert into ORDERS (Id_ORDERS, status, price, createdAt, deliveryAddress, Id_CONTRACTORS, Id_CONTRACTORS_1, Id_CLIENTS) values (103, 'Male', 30.01, '2020-12-03 21:41:20', '1 Myrtle Pass', 14, 9, 36);
insert into ORDERS (Id_ORDERS, status, price, createdAt, deliveryAddress, Id_CONTRACTORS, Id_CONTRACTORS_1, Id_CLIENTS) values (104, 'Female', 36.45, '2021-03-20 09:56:49', '105 Waxwing Court', 19, 20, 68);
insert into ORDERS (Id_ORDERS, status, price, createdAt, deliveryAddress, Id_CONTRACTORS, Id_CONTRACTORS_1, Id_CLIENTS) values (105, 'Male', 69.79, '2020-09-16 05:53:32', '62989 Hollow Ridge Street', 18, 18, 30);
insert into ORDERS (Id_ORDERS, status, price, createdAt, deliveryAddress, Id_CONTRACTORS, Id_CONTRACTORS_1, Id_CLIENTS) values (106, 'Male', 139.13, '2020-08-13 14:41:31', '27618 Lakewood Gardens Trail', 6, 16, 9);
insert into ORDERS (Id_ORDERS, status, price, createdAt, deliveryAddress, Id_CONTRACTORS, Id_CONTRACTORS_1, Id_CLIENTS) values (107, 'Female', 56.14, '2020-02-22 00:57:56', '65016 Maple Wood Place', 4, 4, 43);
insert into ORDERS (Id_ORDERS, status, price, createdAt, deliveryAddress, Id_CONTRACTORS, Id_CONTRACTORS_1, Id_CLIENTS) values (108, 'Female', 66.9, '2022-01-20 12:51:59', '9 Debra Avenue', 9, 7, 44);
insert into ORDERS (Id_ORDERS, status, price, createdAt, deliveryAddress, Id_CONTRACTORS, Id_CONTRACTORS_1, Id_CLIENTS) values (109, 'Female', 74.11, '2021-05-14 07:20:11', '678 Golf View Crossing', 12, 2, 68);
insert into ORDERS (Id_ORDERS, status, price, createdAt, deliveryAddress, Id_CONTRACTORS, Id_CONTRACTORS_1, Id_CLIENTS) values (110, 'Female', 128.41, '2020-06-25 05:05:14', '2 Atwood Crossing', 1, 7, 67);
insert into ORDERS (Id_ORDERS, status, price, createdAt, deliveryAddress, Id_CONTRACTORS, Id_CONTRACTORS_1, Id_CLIENTS) values (111, 'Male', 137.81, '2020-10-12 12:05:42', '285 Debra Place', 1, 9, 53);
insert into ORDERS (Id_ORDERS, status, price, createdAt, deliveryAddress, Id_CONTRACTORS, Id_CONTRACTORS_1, Id_CLIENTS) values (112, 'Male', 74.86, '2020-10-13 22:42:49', '4358 Buena Vista Road', 17, 7, 8);
insert into ORDERS (Id_ORDERS, status, price, createdAt, deliveryAddress, Id_CONTRACTORS, Id_CONTRACTORS_1, Id_CLIENTS) values (113, 'Female', 51.64, '2022-07-15 08:30:07', '9 Blackbird Lane', 3, 2, 29);
insert into ORDERS (Id_ORDERS, status, price, createdAt, deliveryAddress, Id_CONTRACTORS, Id_CONTRACTORS_1, Id_CLIENTS) values (114, 'Male', 81.51, '2023-04-28 10:11:36', '7116 Gerald Avenue', 17, 3, 53);
insert into ORDERS (Id_ORDERS, status, price, createdAt, deliveryAddress, Id_CONTRACTORS, Id_CONTRACTORS_1, Id_CLIENTS) values (115, 'Male', 63.59, '2021-05-04 01:06:51', '7 Cottonwood Hill', 16, 14, 41);
insert into ORDERS (Id_ORDERS, status, price, createdAt, deliveryAddress, Id_CONTRACTORS, Id_CONTRACTORS_1, Id_CLIENTS) values (116, 'Female', 118.58, '2022-09-14 04:04:46', '95 Dryden Trail', 13, 7, 57);
insert into ORDERS (Id_ORDERS, status, price, createdAt, deliveryAddress, Id_CONTRACTORS, Id_CONTRACTORS_1, Id_CLIENTS) values (117, 'Female', 9.99, '2022-12-01 16:24:33', '223 Melvin Pass', 2, 5, 11);
insert into ORDERS (Id_ORDERS, status, price, createdAt, deliveryAddress, Id_CONTRACTORS, Id_CONTRACTORS_1, Id_CLIENTS) values (118, 'Female', 66.14, '2022-03-27 07:01:26', '87 Pankratz Avenue', 14, 14, 24);
insert into ORDERS (Id_ORDERS, status, price, createdAt, deliveryAddress, Id_CONTRACTORS, Id_CONTRACTORS_1, Id_CLIENTS) values (119, 'Female', 127.7, '2022-12-04 03:59:37', '74390 Grim Pass', 17, 8, 43);
insert into ORDERS (Id_ORDERS, status, price, createdAt, deliveryAddress, Id_CONTRACTORS, Id_CONTRACTORS_1, Id_CLIENTS) values (120, 'Female', 114.62, '2022-11-01 22:56:38', '17 Boyd Drive', 20, 13, 20);
insert into ORDERS (Id_ORDERS, status, price, createdAt, deliveryAddress, Id_CONTRACTORS, Id_CONTRACTORS_1, Id_CLIENTS) values (121, 'Female', 15.79, '2020-07-14 17:04:22', '56 Vahlen Court', 20, 16, 59);
insert into ORDERS (Id_ORDERS, status, price, createdAt, deliveryAddress, Id_CONTRACTORS, Id_CONTRACTORS_1, Id_CLIENTS) values (122, 'Male', 50.23, '2020-09-27 03:32:59', '2794 Blaine Place', 5, 12, 63);
insert into ORDERS (Id_ORDERS, status, price, createdAt, deliveryAddress, Id_CONTRACTORS, Id_CONTRACTORS_1, Id_CLIENTS) values (123, 'Male', 119.91, '2021-07-04 11:09:37', '2 Fremont Terrace', 3, 14, 66);
insert into ORDERS (Id_ORDERS, status, price, createdAt, deliveryAddress, Id_CONTRACTORS, Id_CONTRACTORS_1, Id_CLIENTS) values (124, 'Male', 45.78, '2023-02-23 04:25:40', '67 Del Mar Parkway', 14, 17, 44);
insert into ORDERS (Id_ORDERS, status, price, createdAt, deliveryAddress, Id_CONTRACTORS, Id_CONTRACTORS_1, Id_CLIENTS) values (125, 'Male', 112.81, '2021-08-18 14:01:58', '514 Basil Point', 13, 19, 29);
insert into ORDERS (Id_ORDERS, status, price, createdAt, deliveryAddress, Id_CONTRACTORS, Id_CONTRACTORS_1, Id_CLIENTS) values (126, 'Female', 88.68, '2022-10-24 00:15:55', '02 Parkside Center', 18, 18, 63);
insert into ORDERS (Id_ORDERS, status, price, createdAt, deliveryAddress, Id_CONTRACTORS, Id_CONTRACTORS_1, Id_CLIENTS) values (127, 'Male', 100.69, '2023-05-01 06:08:51', '27 Miller Plaza', 7, 16, 69);
insert into ORDERS (Id_ORDERS, status, price, createdAt, deliveryAddress, Id_CONTRACTORS, Id_CONTRACTORS_1, Id_CLIENTS) values (128, 'Male', 8.15, '2020-07-31 10:18:50', '41034 Morningstar Trail', 14, 6, 22);
insert into ORDERS (Id_ORDERS, status, price, createdAt, deliveryAddress, Id_CONTRACTORS, Id_CONTRACTORS_1, Id_CLIENTS) values (129, 'Male', 128.87, '2022-03-09 06:12:41', '1180 Roxbury Way', 19, 3, 48);
insert into ORDERS (Id_ORDERS, status, price, createdAt, deliveryAddress, Id_CONTRACTORS, Id_CONTRACTORS_1, Id_CLIENTS) values (130, 'Male', 120.24, '2022-04-19 18:50:01', '20118 Prairieview Circle', 16, 17, 27);
insert into ORDERS (Id_ORDERS, status, price, createdAt, deliveryAddress, Id_CONTRACTORS, Id_CONTRACTORS_1, Id_CLIENTS) values (131, 'Female', 37.92, '2022-05-29 03:38:02', '698 Pierstorff Parkway', 2, 7, 60);
insert into ORDERS (Id_ORDERS, status, price, createdAt, deliveryAddress, Id_CONTRACTORS, Id_CONTRACTORS_1, Id_CLIENTS) values (132, 'Female', 94.85, '2020-07-28 12:18:29', '174 Carberry Trail', 7, 11, 42);
insert into ORDERS (Id_ORDERS, status, price, createdAt, deliveryAddress, Id_CONTRACTORS, Id_CONTRACTORS_1, Id_CLIENTS) values (133, 'Male', 103.2, '2022-01-23 03:29:24', '600 Vernon Road', 15, 13, 50);
insert into ORDERS (Id_ORDERS, status, price, createdAt, deliveryAddress, Id_CONTRACTORS, Id_CONTRACTORS_1, Id_CLIENTS) values (134, 'Male', 110.21, '2022-09-21 01:38:13', '1953 Lighthouse Bay Circle', 1, 5, 41);
insert into ORDERS (Id_ORDERS, status, price, createdAt, deliveryAddress, Id_CONTRACTORS, Id_CONTRACTORS_1, Id_CLIENTS) values (135, 'Female', 44.91, '2020-01-03 11:25:52', '9259 Sugar Street', 19, 16, 46);
insert into ORDERS (Id_ORDERS, status, price, createdAt, deliveryAddress, Id_CONTRACTORS, Id_CONTRACTORS_1, Id_CLIENTS) values (136, 'Male', 9.3, '2023-03-13 10:55:53', '86526 Warbler Alley', 1, 20, 48);
insert into ORDERS (Id_ORDERS, status, price, createdAt, deliveryAddress, Id_CONTRACTORS, Id_CONTRACTORS_1, Id_CLIENTS) values (137, 'Female', 107.22, '2023-04-02 10:35:51', '807 South Avenue', 17, 11, 23);
insert into ORDERS (Id_ORDERS, status, price, createdAt, deliveryAddress, Id_CONTRACTORS, Id_CONTRACTORS_1, Id_CLIENTS) values (138, 'Female', 99.69, '2022-03-04 03:49:26', '86 Crest Line Crossing', 20, 20, 64);
insert into ORDERS (Id_ORDERS, status, price, createdAt, deliveryAddress, Id_CONTRACTORS, Id_CONTRACTORS_1, Id_CLIENTS) values (139, 'Female', 94.77, '2022-05-25 23:18:18', '84 Sunfield Hill', 19, 13, 21);
insert into ORDERS (Id_ORDERS, status, price, createdAt, deliveryAddress, Id_CONTRACTORS, Id_CONTRACTORS_1, Id_CLIENTS) values (140, 'Male', 143.18, '2023-03-29 11:21:41', '6384 Garrison Road', 4, 1, 47);
insert into ORDERS (Id_ORDERS, status, price, createdAt, deliveryAddress, Id_CONTRACTORS, Id_CONTRACTORS_1, Id_CLIENTS) values (141, 'Male', 99.35, '2021-01-08 07:41:31', '0 Truax Way', 8, 12, 64);
insert into ORDERS (Id_ORDERS, status, price, createdAt, deliveryAddress, Id_CONTRACTORS, Id_CONTRACTORS_1, Id_CLIENTS) values (142, 'Female', 127.0, '2020-09-09 17:21:58', '1397 Grayhawk Drive', 11, 18, 32);
insert into ORDERS (Id_ORDERS, status, price, createdAt, deliveryAddress, Id_CONTRACTORS, Id_CONTRACTORS_1, Id_CLIENTS) values (143, 'Male', 43.85, '2022-01-29 00:01:08', '0571 Eagle Crest Alley', 14, 4, 45);
insert into ORDERS (Id_ORDERS, status, price, createdAt, deliveryAddress, Id_CONTRACTORS, Id_CONTRACTORS_1, Id_CLIENTS) values (144, 'Female', 21.44, '2022-01-30 03:41:35', '16178 Mosinee Junction', 2, 17, 27);
insert into ORDERS (Id_ORDERS, status, price, createdAt, deliveryAddress, Id_CONTRACTORS, Id_CONTRACTORS_1, Id_CLIENTS) values (145, 'Female', 27.73, '2022-02-03 18:57:59', '069 Russell Circle', 6, 19, 26);
insert into ORDERS (Id_ORDERS, status, price, createdAt, deliveryAddress, Id_CONTRACTORS, Id_CONTRACTORS_1, Id_CLIENTS) values (146, 'Male', 110.84, '2020-01-28 16:22:32', '82407 Leroy Parkway', 7, 12, 40);
insert into ORDERS (Id_ORDERS, status, price, createdAt, deliveryAddress, Id_CONTRACTORS, Id_CONTRACTORS_1, Id_CLIENTS) values (147, 'Male', 12.17, '2020-03-01 08:04:49', '141 Scoville Crossing', 16, 16, 21);
insert into ORDERS (Id_ORDERS, status, price, createdAt, deliveryAddress, Id_CONTRACTORS, Id_CONTRACTORS_1, Id_CLIENTS) values (148, 'Female', 67.31, '2020-08-11 08:58:23', '36531 Arkansas Street', 17, 18, 67);
insert into ORDERS (Id_ORDERS, status, price, createdAt, deliveryAddress, Id_CONTRACTORS, Id_CONTRACTORS_1, Id_CLIENTS) values (149, 'Female', 91.16, '2020-05-16 14:26:50', '952 Judy Hill', 11, 6, 41);
insert into ORDERS (Id_ORDERS, status, price, createdAt, deliveryAddress, Id_CONTRACTORS, Id_CONTRACTORS_1, Id_CLIENTS) values (150, 'Female', 28.84, '2021-01-04 03:33:52', '92090 Longview Trail', 15, 19, 57);
insert into ORDERS (Id_ORDERS, status, price, createdAt, deliveryAddress, Id_CONTRACTORS, Id_CONTRACTORS_1, Id_CLIENTS) values (151, 'Female', 81.23, '2022-01-27 21:53:39', '90469 Graedel Street', 11, 6, 63);
insert into ORDERS (Id_ORDERS, status, price, createdAt, deliveryAddress, Id_CONTRACTORS, Id_CONTRACTORS_1, Id_CLIENTS) values (152, 'Male', 146.57, '2023-01-17 15:26:27', '03007 Clove Lane', 1, 6, 16);
insert into ORDERS (Id_ORDERS, status, price, createdAt, deliveryAddress, Id_CONTRACTORS, Id_CONTRACTORS_1, Id_CLIENTS) values (153, 'Female', 32.04, '2021-06-29 17:23:12', '461 Center Way', 16, 16, 69);
insert into ORDERS (Id_ORDERS, status, price, createdAt, deliveryAddress, Id_CONTRACTORS, Id_CONTRACTORS_1, Id_CLIENTS) values (154, 'Male', 140.16, '2021-08-17 04:25:47', '6126 Upham Plaza', 15, 9, 37);
insert into ORDERS (Id_ORDERS, status, price, createdAt, deliveryAddress, Id_CONTRACTORS, Id_CONTRACTORS_1, Id_CLIENTS) values (155, 'Female', 113.41, '2020-05-31 09:10:43', '743 Fordem Terrace', 19, 1, 14);
insert into ORDERS (Id_ORDERS, status, price, createdAt, deliveryAddress, Id_CONTRACTORS, Id_CONTRACTORS_1, Id_CLIENTS) values (156, 'Female', 39.62, '2020-09-06 20:51:48', '4 Brickson Park Trail', 19, 2, 67);
insert into ORDERS (Id_ORDERS, status, price, createdAt, deliveryAddress, Id_CONTRACTORS, Id_CONTRACTORS_1, Id_CLIENTS) values (157, 'Male', 107.56, '2020-07-08 08:26:12', '41 Luster Circle', 13, 12, 55);
insert into ORDERS (Id_ORDERS, status, price, createdAt, deliveryAddress, Id_CONTRACTORS, Id_CONTRACTORS_1, Id_CLIENTS) values (158, 'Female', 36.01, '2020-11-15 15:16:20', '1 Delladonna Way', 2, 9, 49);
insert into ORDERS (Id_ORDERS, status, price, createdAt, deliveryAddress, Id_CONTRACTORS, Id_CONTRACTORS_1, Id_CLIENTS) values (159, 'Male', 52.59, '2020-11-24 15:56:41', '41134 Tennessee Place', 7, 9, 39);
insert into ORDERS (Id_ORDERS, status, price, createdAt, deliveryAddress, Id_CONTRACTORS, Id_CONTRACTORS_1, Id_CLIENTS) values (160, 'Male', 135.56, '2022-12-25 10:28:56', '31728 Merrick Road', 17, 3, 21);
insert into ORDERS (Id_ORDERS, status, price, createdAt, deliveryAddress, Id_CONTRACTORS, Id_CONTRACTORS_1, Id_CLIENTS) values (161, 'Male', 139.11, '2021-05-23 19:06:52', '18417 Harper Circle', 8, 15, 46);
insert into ORDERS (Id_ORDERS, status, price, createdAt, deliveryAddress, Id_CONTRACTORS, Id_CONTRACTORS_1, Id_CLIENTS) values (162, 'Male', 91.53, '2022-12-25 07:53:23', '6626 Summit Crossing', 7, 3, 67);
insert into ORDERS (Id_ORDERS, status, price, createdAt, deliveryAddress, Id_CONTRACTORS, Id_CONTRACTORS_1, Id_CLIENTS) values (163, 'Male', 102.89, '2023-06-09 14:15:40', '44 Caliangt Hill', 14, 9, 69);
insert into ORDERS (Id_ORDERS, status, price, createdAt, deliveryAddress, Id_CONTRACTORS, Id_CONTRACTORS_1, Id_CLIENTS) values (164, 'Male', 70.9, '2022-05-01 15:08:31', '30467 Del Mar Place', 3, 16, 23);
insert into ORDERS (Id_ORDERS, status, price, createdAt, deliveryAddress, Id_CONTRACTORS, Id_CONTRACTORS_1, Id_CLIENTS) values (165, 'Male', 17.18, '2020-09-18 12:55:52', '658 Scoville Terrace', 17, 13, 49);
insert into ORDERS (Id_ORDERS, status, price, createdAt, deliveryAddress, Id_CONTRACTORS, Id_CONTRACTORS_1, Id_CLIENTS) values (166, 'Male', 15.03, '2020-04-06 07:25:59', '7 Bobwhite Hill', 11, 8, 46);
insert into ORDERS (Id_ORDERS, status, price, createdAt, deliveryAddress, Id_CONTRACTORS, Id_CONTRACTORS_1, Id_CLIENTS) values (167, 'Female', 142.59, '2020-05-08 17:37:51', '93335 Toban Drive', 17, 1, 4);
insert into ORDERS (Id_ORDERS, status, price, createdAt, deliveryAddress, Id_CONTRACTORS, Id_CONTRACTORS_1, Id_CLIENTS) values (168, 'Female', 137.09, '2020-01-19 06:27:58', '0180 Kedzie Road', 17, 6, 13);
insert into ORDERS (Id_ORDERS, status, price, createdAt, deliveryAddress, Id_CONTRACTORS, Id_CONTRACTORS_1, Id_CLIENTS) values (169, 'Male', 89.48, '2022-04-24 17:46:54', '673 Waxwing Center', 1, 6, 19);
insert into ORDERS (Id_ORDERS, status, price, createdAt, deliveryAddress, Id_CONTRACTORS, Id_CONTRACTORS_1, Id_CLIENTS) values (170, 'Female', 22.41, '2020-12-08 19:46:09', '46 Killdeer Court', 9, 18, 47);
insert into ORDERS (Id_ORDERS, status, price, createdAt, deliveryAddress, Id_CONTRACTORS, Id_CONTRACTORS_1, Id_CLIENTS) values (171, 'Male', 68.14, '2020-07-06 11:51:02', '85 Dayton Crossing', 12, 14, 26);
insert into ORDERS (Id_ORDERS, status, price, createdAt, deliveryAddress, Id_CONTRACTORS, Id_CONTRACTORS_1, Id_CLIENTS) values (172, 'Male', 111.5, '2022-11-07 12:38:18', '520 Carey Avenue', 3, 18, 18);
insert into ORDERS (Id_ORDERS, status, price, createdAt, deliveryAddress, Id_CONTRACTORS, Id_CONTRACTORS_1, Id_CLIENTS) values (173, 'Male', 13.37, '2021-06-15 06:14:36', '8569 School Plaza', 4, 11, 52);
insert into ORDERS (Id_ORDERS, status, price, createdAt, deliveryAddress, Id_CONTRACTORS, Id_CONTRACTORS_1, Id_CLIENTS) values (174, 'Female', 93.13, '2021-11-03 09:50:26', '9662 Ridgeway Place', 13, 15, 13);
insert into ORDERS (Id_ORDERS, status, price, createdAt, deliveryAddress, Id_CONTRACTORS, Id_CONTRACTORS_1, Id_CLIENTS) values (175, 'Female', 84.97, '2021-04-19 00:14:42', '20468 Londonderry Hill', 6, 7, 2);
insert into ORDERS (Id_ORDERS, status, price, createdAt, deliveryAddress, Id_CONTRACTORS, Id_CONTRACTORS_1, Id_CLIENTS) values (176, 'Male', 92.22, '2020-07-14 09:22:13', '554 Oriole Point', 15, 20, 25);
insert into ORDERS (Id_ORDERS, status, price, createdAt, deliveryAddress, Id_CONTRACTORS, Id_CONTRACTORS_1, Id_CLIENTS) values (177, 'Male', 22.76, '2021-04-20 08:31:57', '15 Mcguire Street', 12, 1, 40);
insert into ORDERS (Id_ORDERS, status, price, createdAt, deliveryAddress, Id_CONTRACTORS, Id_CONTRACTORS_1, Id_CLIENTS) values (178, 'Female', 38.34, '2022-09-22 15:39:07', '8 Nobel Hill', 17, 2, 42);
insert into ORDERS (Id_ORDERS, status, price, createdAt, deliveryAddress, Id_CONTRACTORS, Id_CONTRACTORS_1, Id_CLIENTS) values (179, 'Female', 49.32, '2020-12-19 09:00:07', '20752 Anthes Court', 8, 7, 61);
insert into ORDERS (Id_ORDERS, status, price, createdAt, deliveryAddress, Id_CONTRACTORS, Id_CONTRACTORS_1, Id_CLIENTS) values (180, 'Female', 133.02, '2020-10-15 00:57:51', '91 Scoville Street', 14, 5, 26);
insert into ORDERS (Id_ORDERS, status, price, createdAt, deliveryAddress, Id_CONTRACTORS, Id_CONTRACTORS_1, Id_CLIENTS) values (181, 'Male', 47.38, '2021-03-24 21:43:49', '14919 Mifflin Avenue', 20, 10, 35);
insert into ORDERS (Id_ORDERS, status, price, createdAt, deliveryAddress, Id_CONTRACTORS, Id_CONTRACTORS_1, Id_CLIENTS) values (182, 'Female', 48.49, '2022-12-02 22:24:31', '89973 Lakewood Gardens Junction', 14, 1, 25);
insert into ORDERS (Id_ORDERS, status, price, createdAt, deliveryAddress, Id_CONTRACTORS, Id_CONTRACTORS_1, Id_CLIENTS) values (183, 'Female', 40.15, '2021-03-29 17:31:27', '136 Burning Wood Circle', 1, 12, 65);
insert into ORDERS (Id_ORDERS, status, price, createdAt, deliveryAddress, Id_CONTRACTORS, Id_CONTRACTORS_1, Id_CLIENTS) values (184, 'Male', 56.73, '2020-02-21 12:00:24', '1 Gale Center', 4, 20, 48);
insert into ORDERS (Id_ORDERS, status, price, createdAt, deliveryAddress, Id_CONTRACTORS, Id_CONTRACTORS_1, Id_CLIENTS) values (185, 'Female', 8.13, '2022-04-10 08:40:09', '62162 Toban Junction', 13, 8, 7);
insert into ORDERS (Id_ORDERS, status, price, createdAt, deliveryAddress, Id_CONTRACTORS, Id_CONTRACTORS_1, Id_CLIENTS) values (186, 'Male', 54.01, '2022-11-18 19:37:34', '74 Golf View Court', 3, 16, 27);
insert into ORDERS (Id_ORDERS, status, price, createdAt, deliveryAddress, Id_CONTRACTORS, Id_CONTRACTORS_1, Id_CLIENTS) values (187, 'Male', 104.95, '2021-07-06 17:03:59', '1 Everett Crossing', 6, 15, 47);
insert into ORDERS (Id_ORDERS, status, price, createdAt, deliveryAddress, Id_CONTRACTORS, Id_CONTRACTORS_1, Id_CLIENTS) values (188, 'Male', 53.83, '2021-09-18 09:02:23', '57946 Buena Vista Point', 18, 15, 5);
insert into ORDERS (Id_ORDERS, status, price, createdAt, deliveryAddress, Id_CONTRACTORS, Id_CONTRACTORS_1, Id_CLIENTS) values (189, 'Female', 69.34, '2022-06-16 08:25:07', '335 Del Sol Pass', 13, 13, 2);
insert into ORDERS (Id_ORDERS, status, price, createdAt, deliveryAddress, Id_CONTRACTORS, Id_CONTRACTORS_1, Id_CLIENTS) values (190, 'Male', 137.43, '2021-09-04 06:35:17', '85606 Brown Crossing', 10, 8, 43);
insert into ORDERS (Id_ORDERS, status, price, createdAt, deliveryAddress, Id_CONTRACTORS, Id_CONTRACTORS_1, Id_CLIENTS) values (191, 'Male', 43.98, '2020-04-28 06:46:54', '83724 Continental Terrace', 2, 8, 58);
insert into ORDERS (Id_ORDERS, status, price, createdAt, deliveryAddress, Id_CONTRACTORS, Id_CONTRACTORS_1, Id_CLIENTS) values (192, 'Female', 18.82, '2020-07-23 12:01:41', '57137 Fallview Junction', 4, 3, 28);
insert into ORDERS (Id_ORDERS, status, price, createdAt, deliveryAddress, Id_CONTRACTORS, Id_CONTRACTORS_1, Id_CLIENTS) values (193, 'Male', 24.03, '2022-01-02 07:56:38', '459 Kenwood Place', 12, 8, 31);
insert into ORDERS (Id_ORDERS, status, price, createdAt, deliveryAddress, Id_CONTRACTORS, Id_CONTRACTORS_1, Id_CLIENTS) values (194, 'Male', 31.21, '2022-04-30 11:02:16', '8 Loomis Place', 7, 12, 35);
insert into ORDERS (Id_ORDERS, status, price, createdAt, deliveryAddress, Id_CONTRACTORS, Id_CONTRACTORS_1, Id_CLIENTS) values (195, 'Male', 124.03, '2022-01-22 20:50:46', '98 Bartillon Place', 7, 1, 62);
insert into ORDERS (Id_ORDERS, status, price, createdAt, deliveryAddress, Id_CONTRACTORS, Id_CONTRACTORS_1, Id_CLIENTS) values (196, 'Female', 145.79, '2022-08-23 08:44:15', '41126 Maple Wood Road', 3, 11, 18);
insert into ORDERS (Id_ORDERS, status, price, createdAt, deliveryAddress, Id_CONTRACTORS, Id_CONTRACTORS_1, Id_CLIENTS) values (197, 'Male', 93.82, '2022-06-02 09:32:35', '09855 Duke Hill', 17, 15, 6);
insert into ORDERS (Id_ORDERS, status, price, createdAt, deliveryAddress, Id_CONTRACTORS, Id_CONTRACTORS_1, Id_CLIENTS) values (198, 'Female', 92.09, '2020-07-16 19:37:12', '80179 Clyde Gallagher Center', 9, 20, 23);
insert into ORDERS (Id_ORDERS, status, price, createdAt, deliveryAddress, Id_CONTRACTORS, Id_CONTRACTORS_1, Id_CLIENTS) values (199, 'Male', 21.03, '2022-04-24 11:01:28', '290 Jay Hill', 14, 8, 53);
insert into ORDERS (Id_ORDERS, status, price, createdAt, deliveryAddress, Id_CONTRACTORS, Id_CONTRACTORS_1, Id_CLIENTS) values (200, 'Male', 115.23, '2021-08-24 19:31:23', '89203 Hayes Alley', 13, 6, 21);
insert into BOOKS (Id_BOOKS, startTime, endTime, Id_COOKING_SPACES, Id_CLIENTS) values (1, '2020-05-31 11:37:14', '2021-12-09 22:46:27', 20, 28);
insert into BOOKS (Id_BOOKS, startTime, endTime, Id_COOKING_SPACES, Id_CLIENTS) values (2, '2023-03-02 03:02:41', '2023-05-21 01:20:39', 8, 20);
insert into BOOKS (Id_BOOKS, startTime, endTime, Id_COOKING_SPACES, Id_CLIENTS) values (3, '2023-03-03 16:24:58', '2021-10-24 23:59:47', 21, 63);
insert into BOOKS (Id_BOOKS, startTime, endTime, Id_COOKING_SPACES, Id_CLIENTS) values (4, '2020-12-22 16:16:40', '2021-09-15 08:09:20', 33, 51);
insert into BOOKS (Id_BOOKS, startTime, endTime, Id_COOKING_SPACES, Id_CLIENTS) values (5, '2021-08-23 20:45:05', '2021-01-25 21:45:04', 49, 20);
insert into BOOKS (Id_BOOKS, startTime, endTime, Id_COOKING_SPACES, Id_CLIENTS) values (6, '2020-01-12 14:22:09', '2020-06-02 12:34:47', 5, 30);
insert into BOOKS (Id_BOOKS, startTime, endTime, Id_COOKING_SPACES, Id_CLIENTS) values (7, '2021-03-31 21:01:17', '2023-06-03 22:58:23', 45, 23);
insert into BOOKS (Id_BOOKS, startTime, endTime, Id_COOKING_SPACES, Id_CLIENTS) values (8, '2022-11-09 01:22:43', '2020-05-18 07:41:18', 13, 9);
insert into BOOKS (Id_BOOKS, startTime, endTime, Id_COOKING_SPACES, Id_CLIENTS) values (9, '2020-08-19 23:57:14', '2021-11-12 10:11:31', 34, 23);
insert into BOOKS (Id_BOOKS, startTime, endTime, Id_COOKING_SPACES, Id_CLIENTS) values (10, '2022-10-25 16:58:30', '2023-05-14 05:09:17', 11, 50);
insert into BOOKS (Id_BOOKS, startTime, endTime, Id_COOKING_SPACES, Id_CLIENTS) values (11, '2023-02-23 07:15:07', '2022-09-30 14:14:16', 30, 18);
insert into BOOKS (Id_BOOKS, startTime, endTime, Id_COOKING_SPACES, Id_CLIENTS) values (12, '2022-10-03 04:47:23', '2021-04-28 16:12:17', 30, 51);
insert into BOOKS (Id_BOOKS, startTime, endTime, Id_COOKING_SPACES, Id_CLIENTS) values (13, '2021-03-26 06:59:14', '2020-02-19 07:21:42', 21, 58);
insert into BOOKS (Id_BOOKS, startTime, endTime, Id_COOKING_SPACES, Id_CLIENTS) values (14, '2022-10-27 11:37:21', '2020-10-27 04:26:12', 42, 15);
insert into BOOKS (Id_BOOKS, startTime, endTime, Id_COOKING_SPACES, Id_CLIENTS) values (15, '2022-12-04 14:20:50', '2021-10-24 06:16:21', 49, 23);
insert into BOOKS (Id_BOOKS, startTime, endTime, Id_COOKING_SPACES, Id_CLIENTS) values (16, '2020-12-17 10:00:41', '2020-03-04 05:32:57', 30, 58);
insert into BOOKS (Id_BOOKS, startTime, endTime, Id_COOKING_SPACES, Id_CLIENTS) values (17, '2023-04-13 03:51:37', '2023-05-11 23:29:05', 43, 8);
insert into BOOKS (Id_BOOKS, startTime, endTime, Id_COOKING_SPACES, Id_CLIENTS) values (18, '2023-03-26 21:06:00', '2020-10-11 17:23:59', 43, 33);
insert into BOOKS (Id_BOOKS, startTime, endTime, Id_COOKING_SPACES, Id_CLIENTS) values (19, '2022-03-18 19:25:47', '2021-07-09 07:46:10', 26, 42);
insert into BOOKS (Id_BOOKS, startTime, endTime, Id_COOKING_SPACES, Id_CLIENTS) values (20, '2022-05-04 06:01:51', '2022-04-28 05:37:46', 29, 34);
insert into BOOKS (Id_BOOKS, startTime, endTime, Id_COOKING_SPACES, Id_CLIENTS) values (21, '2020-03-08 08:54:52', '2020-03-28 21:05:04', 25, 43);
insert into BOOKS (Id_BOOKS, startTime, endTime, Id_COOKING_SPACES, Id_CLIENTS) values (22, '2021-01-21 05:41:51', '2022-01-16 12:33:55', 21, 9);
insert into BOOKS (Id_BOOKS, startTime, endTime, Id_COOKING_SPACES, Id_CLIENTS) values (23, '2021-09-16 21:38:16', '2021-07-13 14:18:13', 16, 67);
insert into BOOKS (Id_BOOKS, startTime, endTime, Id_COOKING_SPACES, Id_CLIENTS) values (24, '2020-02-04 12:25:36', '2021-05-19 18:52:51', 15, 70);
insert into BOOKS (Id_BOOKS, startTime, endTime, Id_COOKING_SPACES, Id_CLIENTS) values (25, '2022-12-12 08:42:57', '2022-12-04 09:00:31', 26, 31);
insert into BOOKS (Id_BOOKS, startTime, endTime, Id_COOKING_SPACES, Id_CLIENTS) values (26, '2022-10-23 22:06:07', '2022-09-27 11:40:27', 22, 54);
insert into BOOKS (Id_BOOKS, startTime, endTime, Id_COOKING_SPACES, Id_CLIENTS) values (27, '2021-05-29 04:04:43', '2020-08-22 03:01:55', 22, 35);
insert into BOOKS (Id_BOOKS, startTime, endTime, Id_COOKING_SPACES, Id_CLIENTS) values (28, '2022-09-28 09:47:08', '2020-06-26 10:37:17', 23, 63);
insert into BOOKS (Id_BOOKS, startTime, endTime, Id_COOKING_SPACES, Id_CLIENTS) values (29, '2021-01-04 22:41:34', '2022-12-12 00:38:54', 38, 11);
insert into BOOKS (Id_BOOKS, startTime, endTime, Id_COOKING_SPACES, Id_CLIENTS) values (30, '2022-08-25 05:54:05', '2022-10-15 21:13:51', 47, 25);
insert into BOOKS (Id_BOOKS, startTime, endTime, Id_COOKING_SPACES, Id_CLIENTS) values (31, '2022-07-24 05:59:24', '2020-02-29 00:55:00', 44, 15);
insert into BOOKS (Id_BOOKS, startTime, endTime, Id_COOKING_SPACES, Id_CLIENTS) values (32, '2021-12-21 18:07:07', '2021-08-11 18:23:50', 42, 58);
insert into BOOKS (Id_BOOKS, startTime, endTime, Id_COOKING_SPACES, Id_CLIENTS) values (33, '2021-10-29 10:00:03', '2022-02-26 21:22:11', 5, 36);
insert into BOOKS (Id_BOOKS, startTime, endTime, Id_COOKING_SPACES, Id_CLIENTS) values (34, '2021-02-20 13:36:58', '2022-10-31 18:41:34', 7, 63);
insert into BOOKS (Id_BOOKS, startTime, endTime, Id_COOKING_SPACES, Id_CLIENTS) values (35, '2020-12-14 09:50:20', '2021-03-11 14:55:52', 26, 6);
insert into BOOKS (Id_BOOKS, startTime, endTime, Id_COOKING_SPACES, Id_CLIENTS) values (36, '2020-05-15 20:06:59', '2021-02-07 02:44:39', 40, 40);
insert into BOOKS (Id_BOOKS, startTime, endTime, Id_COOKING_SPACES, Id_CLIENTS) values (37, '2021-02-14 16:13:14', '2020-10-13 11:02:53', 9, 46);
insert into BOOKS (Id_BOOKS, startTime, endTime, Id_COOKING_SPACES, Id_CLIENTS) values (38, '2021-05-17 04:43:21', '2022-09-30 15:22:04', 41, 44);
insert into BOOKS (Id_BOOKS, startTime, endTime, Id_COOKING_SPACES, Id_CLIENTS) values (39, '2022-03-31 12:39:18', '2021-08-16 23:04:36', 6, 26);
insert into BOOKS (Id_BOOKS, startTime, endTime, Id_COOKING_SPACES, Id_CLIENTS) values (40, '2021-03-06 20:42:06', '2021-02-18 09:35:47', 14, 23);
insert into BOOKS (Id_BOOKS, startTime, endTime, Id_COOKING_SPACES, Id_CLIENTS) values (41, '2020-07-28 07:30:59', '2022-04-23 23:07:19', 25, 26);
insert into BOOKS (Id_BOOKS, startTime, endTime, Id_COOKING_SPACES, Id_CLIENTS) values (42, '2020-01-24 10:30:29', '2022-10-25 15:21:55', 47, 24);
insert into BOOKS (Id_BOOKS, startTime, endTime, Id_COOKING_SPACES, Id_CLIENTS) values (43, '2020-04-28 02:40:41', '2020-05-05 00:51:12', 7, 38);
insert into BOOKS (Id_BOOKS, startTime, endTime, Id_COOKING_SPACES, Id_CLIENTS) values (44, '2020-07-29 00:50:37', '2021-08-09 17:08:57', 50, 59);
insert into BOOKS (Id_BOOKS, startTime, endTime, Id_COOKING_SPACES, Id_CLIENTS) values (45, '2020-03-11 19:13:00', '2022-06-06 08:20:42', 20, 22);
insert into BOOKS (Id_BOOKS, startTime, endTime, Id_COOKING_SPACES, Id_CLIENTS) values (46, '2022-12-30 20:14:22', '2021-02-27 12:18:39', 47, 62);
insert into BOOKS (Id_BOOKS, startTime, endTime, Id_COOKING_SPACES, Id_CLIENTS) values (47, '2022-09-17 14:00:01', '2022-09-06 19:10:33', 13, 28);
insert into BOOKS (Id_BOOKS, startTime, endTime, Id_COOKING_SPACES, Id_CLIENTS) values (48, '2020-02-27 11:43:52', '2022-02-05 19:00:43', 33, 7);
insert into BOOKS (Id_BOOKS, startTime, endTime, Id_COOKING_SPACES, Id_CLIENTS) values (49, '2020-02-23 14:58:18', '2022-05-23 20:25:17', 23, 24);
insert into BOOKS (Id_BOOKS, startTime, endTime, Id_COOKING_SPACES, Id_CLIENTS) values (50, '2020-06-26 01:50:13', '2020-08-08 04:15:41', 9, 46);
insert into BOOKS (Id_BOOKS, startTime, endTime, Id_COOKING_SPACES, Id_CLIENTS) values (51, '2022-12-31 13:08:20', '2020-04-12 16:58:55', 40, 4);
insert into BOOKS (Id_BOOKS, startTime, endTime, Id_COOKING_SPACES, Id_CLIENTS) values (52, '2022-01-21 02:19:18', '2022-09-17 07:47:47', 19, 45);
insert into BOOKS (Id_BOOKS, startTime, endTime, Id_COOKING_SPACES, Id_CLIENTS) values (53, '2021-07-26 04:01:18', '2021-11-08 06:47:34', 31, 41);
insert into BOOKS (Id_BOOKS, startTime, endTime, Id_COOKING_SPACES, Id_CLIENTS) values (54, '2020-10-30 23:04:08', '2020-09-24 09:59:53', 40, 47);
insert into BOOKS (Id_BOOKS, startTime, endTime, Id_COOKING_SPACES, Id_CLIENTS) values (55, '2023-04-08 18:51:37', '2022-06-16 07:08:40', 5, 30);
insert into BOOKS (Id_BOOKS, startTime, endTime, Id_COOKING_SPACES, Id_CLIENTS) values (56, '2022-01-22 01:45:59', '2020-06-30 01:53:37', 36, 31);
insert into BOOKS (Id_BOOKS, startTime, endTime, Id_COOKING_SPACES, Id_CLIENTS) values (57, '2021-06-03 10:58:19', '2023-04-11 01:18:41', 37, 44);
insert into BOOKS (Id_BOOKS, startTime, endTime, Id_COOKING_SPACES, Id_CLIENTS) values (58, '2021-04-17 03:01:06', '2020-10-13 08:09:30', 43, 50);
insert into BOOKS (Id_BOOKS, startTime, endTime, Id_COOKING_SPACES, Id_CLIENTS) values (59, '2022-07-30 15:16:40', '2020-03-18 04:22:25', 21, 6);
insert into BOOKS (Id_BOOKS, startTime, endTime, Id_COOKING_SPACES, Id_CLIENTS) values (60, '2022-08-22 07:33:40', '2021-07-07 02:24:27', 29, 18);
insert into BOOKS (Id_BOOKS, startTime, endTime, Id_COOKING_SPACES, Id_CLIENTS) values (61, '2020-07-27 13:51:31', '2021-04-30 19:11:23', 26, 65);
insert into BOOKS (Id_BOOKS, startTime, endTime, Id_COOKING_SPACES, Id_CLIENTS) values (62, '2022-05-21 07:51:25', '2020-10-22 04:33:07', 34, 26);
insert into BOOKS (Id_BOOKS, startTime, endTime, Id_COOKING_SPACES, Id_CLIENTS) values (63, '2020-01-04 06:43:09', '2020-11-13 05:28:21', 21, 5);
insert into BOOKS (Id_BOOKS, startTime, endTime, Id_COOKING_SPACES, Id_CLIENTS) values (64, '2021-09-19 22:25:39', '2020-07-09 20:28:59', 45, 59);
insert into BOOKS (Id_BOOKS, startTime, endTime, Id_COOKING_SPACES, Id_CLIENTS) values (65, '2020-02-03 09:37:46', '2022-05-01 03:47:17', 16, 16);
insert into BOOKS (Id_BOOKS, startTime, endTime, Id_COOKING_SPACES, Id_CLIENTS) values (66, '2022-04-27 05:32:49', '2021-08-15 23:47:51', 4, 15);
insert into BOOKS (Id_BOOKS, startTime, endTime, Id_COOKING_SPACES, Id_CLIENTS) values (67, '2022-04-28 17:31:50', '2022-11-06 00:32:07', 31, 18);
insert into BOOKS (Id_BOOKS, startTime, endTime, Id_COOKING_SPACES, Id_CLIENTS) values (68, '2022-02-10 15:09:44', '2020-11-02 09:06:01', 5, 48);
insert into BOOKS (Id_BOOKS, startTime, endTime, Id_COOKING_SPACES, Id_CLIENTS) values (69, '2022-02-09 07:39:57', '2020-05-13 13:05:00', 40, 38);
insert into BOOKS (Id_BOOKS, startTime, endTime, Id_COOKING_SPACES, Id_CLIENTS) values (70, '2023-01-15 18:59:06', '2021-05-21 20:19:23', 48, 67);
insert into BOOKS (Id_BOOKS, startTime, endTime, Id_COOKING_SPACES, Id_CLIENTS) values (71, '2022-05-28 17:49:45', '2020-12-04 09:31:04', 17, 56);
insert into BOOKS (Id_BOOKS, startTime, endTime, Id_COOKING_SPACES, Id_CLIENTS) values (72, '2022-08-22 08:28:50', '2020-10-03 17:55:13', 17, 53);
insert into BOOKS (Id_BOOKS, startTime, endTime, Id_COOKING_SPACES, Id_CLIENTS) values (73, '2022-09-22 15:20:14', '2022-05-26 05:59:24', 28, 47);
insert into BOOKS (Id_BOOKS, startTime, endTime, Id_COOKING_SPACES, Id_CLIENTS) values (74, '2020-04-09 12:48:18', '2022-10-08 17:16:47', 33, 65);
insert into BOOKS (Id_BOOKS, startTime, endTime, Id_COOKING_SPACES, Id_CLIENTS) values (75, '2021-01-09 21:28:32', '2022-06-12 13:53:33', 14, 58);
insert into BOOKS (Id_BOOKS, startTime, endTime, Id_COOKING_SPACES, Id_CLIENTS) values (76, '2021-07-31 11:56:30', '2022-05-20 20:14:38', 4, 56);
insert into BOOKS (Id_BOOKS, startTime, endTime, Id_COOKING_SPACES, Id_CLIENTS) values (77, '2020-07-27 06:20:12', '2022-12-14 20:35:33', 9, 13);
insert into BOOKS (Id_BOOKS, startTime, endTime, Id_COOKING_SPACES, Id_CLIENTS) values (78, '2020-08-03 21:08:10', '2021-02-25 00:52:01', 29, 59);
insert into BOOKS (Id_BOOKS, startTime, endTime, Id_COOKING_SPACES, Id_CLIENTS) values (79, '2022-09-23 08:51:06', '2020-02-18 21:19:29', 6, 17);
insert into BOOKS (Id_BOOKS, startTime, endTime, Id_COOKING_SPACES, Id_CLIENTS) values (80, '2022-04-04 08:17:14', '2020-04-05 19:13:55', 31, 22);
insert into BOOKS (Id_BOOKS, startTime, endTime, Id_COOKING_SPACES, Id_CLIENTS) values (81, '2022-07-27 02:41:47', '2023-02-03 00:11:26', 33, 27);
insert into BOOKS (Id_BOOKS, startTime, endTime, Id_COOKING_SPACES, Id_CLIENTS) values (82, '2022-11-03 01:52:05', '2021-04-15 05:42:52', 8, 53);
insert into BOOKS (Id_BOOKS, startTime, endTime, Id_COOKING_SPACES, Id_CLIENTS) values (83, '2020-08-06 03:43:58', '2022-06-27 22:50:52', 30, 38);
insert into BOOKS (Id_BOOKS, startTime, endTime, Id_COOKING_SPACES, Id_CLIENTS) values (84, '2022-07-30 22:23:05', '2022-09-29 17:49:03', 50, 43);
insert into BOOKS (Id_BOOKS, startTime, endTime, Id_COOKING_SPACES, Id_CLIENTS) values (85, '2020-03-10 11:14:12', '2023-01-19 12:50:37', 32, 22);
insert into BOOKS (Id_BOOKS, startTime, endTime, Id_COOKING_SPACES, Id_CLIENTS) values (86, '2020-05-21 15:10:22', '2022-10-20 03:22:00', 50, 47);
insert into BOOKS (Id_BOOKS, startTime, endTime, Id_COOKING_SPACES, Id_CLIENTS) values (87, '2023-03-28 07:23:38', '2023-05-20 11:50:43', 4, 8);
insert into BOOKS (Id_BOOKS, startTime, endTime, Id_COOKING_SPACES, Id_CLIENTS) values (88, '2023-02-05 08:45:25', '2020-03-09 10:41:27', 32, 65);
insert into BOOKS (Id_BOOKS, startTime, endTime, Id_COOKING_SPACES, Id_CLIENTS) values (89, '2020-06-07 16:34:32', '2020-08-24 14:01:41', 27, 36);
insert into BOOKS (Id_BOOKS, startTime, endTime, Id_COOKING_SPACES, Id_CLIENTS) values (90, '2023-05-31 22:27:34', '2022-01-08 16:02:22', 1, 16);
insert into BOOKS (Id_BOOKS, startTime, endTime, Id_COOKING_SPACES, Id_CLIENTS) values (91, '2022-05-13 22:49:38', '2022-06-30 11:44:00', 23, 27);
insert into BOOKS (Id_BOOKS, startTime, endTime, Id_COOKING_SPACES, Id_CLIENTS) values (92, '2020-08-11 23:34:26', '2021-02-01 11:51:01', 18, 52);
insert into BOOKS (Id_BOOKS, startTime, endTime, Id_COOKING_SPACES, Id_CLIENTS) values (93, '2022-04-26 14:40:06', '2022-02-22 00:17:08', 13, 17);
insert into BOOKS (Id_BOOKS, startTime, endTime, Id_COOKING_SPACES, Id_CLIENTS) values (94, '2022-08-09 17:58:49', '2022-02-12 05:30:12', 28, 45);
insert into BOOKS (Id_BOOKS, startTime, endTime, Id_COOKING_SPACES, Id_CLIENTS) values (95, '2021-04-30 08:43:22', '2022-05-19 07:36:31', 23, 69);
insert into BOOKS (Id_BOOKS, startTime, endTime, Id_COOKING_SPACES, Id_CLIENTS) values (96, '2021-04-24 11:32:38', '2022-04-14 14:21:45', 17, 38);
insert into BOOKS (Id_BOOKS, startTime, endTime, Id_COOKING_SPACES, Id_CLIENTS) values (97, '2020-12-07 03:24:38', '2020-04-19 02:54:50', 45, 36);
insert into BOOKS (Id_BOOKS, startTime, endTime, Id_COOKING_SPACES, Id_CLIENTS) values (98, '2023-03-06 05:05:30', '2021-01-10 13:50:56', 26, 22);
insert into BOOKS (Id_BOOKS, startTime, endTime, Id_COOKING_SPACES, Id_CLIENTS) values (99, '2021-09-05 22:47:31', '2020-05-30 15:19:13', 13, 62);
insert into BOOKS (Id_BOOKS, startTime, endTime, Id_COOKING_SPACES, Id_CLIENTS) values (100, '2021-09-15 07:35:33', '2021-06-07 01:47:10', 27, 4);
insert into BOOKS (Id_BOOKS, startTime, endTime, Id_COOKING_SPACES, Id_CLIENTS) values (101, '2022-09-30 16:41:31', '2021-12-13 06:54:26', 19, 22);
insert into BOOKS (Id_BOOKS, startTime, endTime, Id_COOKING_SPACES, Id_CLIENTS) values (102, '2022-04-29 21:44:37', '2022-07-22 00:26:04', 17, 42);
insert into BOOKS (Id_BOOKS, startTime, endTime, Id_COOKING_SPACES, Id_CLIENTS) values (103, '2020-08-09 22:21:20', '2021-07-20 22:31:11', 10, 8);
insert into BOOKS (Id_BOOKS, startTime, endTime, Id_COOKING_SPACES, Id_CLIENTS) values (104, '2022-09-09 10:18:56', '2022-07-12 00:49:47', 44, 5);
insert into BOOKS (Id_BOOKS, startTime, endTime, Id_COOKING_SPACES, Id_CLIENTS) values (105, '2021-10-08 18:20:09', '2022-08-17 08:51:15', 17, 68);
insert into BOOKS (Id_BOOKS, startTime, endTime, Id_COOKING_SPACES, Id_CLIENTS) values (106, '2020-10-25 09:22:36', '2021-09-22 14:53:35', 41, 11);
insert into BOOKS (Id_BOOKS, startTime, endTime, Id_COOKING_SPACES, Id_CLIENTS) values (107, '2020-11-25 13:38:51', '2020-08-15 22:44:18', 21, 24);
insert into BOOKS (Id_BOOKS, startTime, endTime, Id_COOKING_SPACES, Id_CLIENTS) values (108, '2023-03-01 01:29:43', '2021-12-16 03:50:18', 29, 20);
insert into BOOKS (Id_BOOKS, startTime, endTime, Id_COOKING_SPACES, Id_CLIENTS) values (109, '2020-11-13 22:22:07', '2020-01-23 23:29:49', 36, 26);
insert into BOOKS (Id_BOOKS, startTime, endTime, Id_COOKING_SPACES, Id_CLIENTS) values (110, '2023-05-18 09:47:20', '2022-08-19 03:19:44', 4, 63);
insert into BOOKS (Id_BOOKS, startTime, endTime, Id_COOKING_SPACES, Id_CLIENTS) values (111, '2021-07-09 07:24:46', '2022-09-15 14:29:35', 34, 20);
insert into BOOKS (Id_BOOKS, startTime, endTime, Id_COOKING_SPACES, Id_CLIENTS) values (112, '2021-04-19 13:57:43', '2020-09-28 19:09:34', 40, 11);
insert into BOOKS (Id_BOOKS, startTime, endTime, Id_COOKING_SPACES, Id_CLIENTS) values (113, '2021-07-18 01:50:30', '2022-04-18 01:00:00', 42, 13);
insert into BOOKS (Id_BOOKS, startTime, endTime, Id_COOKING_SPACES, Id_CLIENTS) values (114, '2022-06-12 18:35:37', '2021-09-15 05:56:58', 7, 17);
insert into BOOKS (Id_BOOKS, startTime, endTime, Id_COOKING_SPACES, Id_CLIENTS) values (115, '2020-05-29 13:41:08', '2020-04-16 08:41:49', 29, 65);
insert into BOOKS (Id_BOOKS, startTime, endTime, Id_COOKING_SPACES, Id_CLIENTS) values (116, '2021-09-19 22:15:15', '2022-03-31 05:15:53', 6, 17);
insert into BOOKS (Id_BOOKS, startTime, endTime, Id_COOKING_SPACES, Id_CLIENTS) values (117, '2020-10-25 08:05:39', '2023-04-26 21:31:20', 48, 58);
insert into BOOKS (Id_BOOKS, startTime, endTime, Id_COOKING_SPACES, Id_CLIENTS) values (118, '2022-09-12 00:11:08', '2023-03-19 09:30:57', 45, 57);
insert into BOOKS (Id_BOOKS, startTime, endTime, Id_COOKING_SPACES, Id_CLIENTS) values (119, '2022-02-19 02:07:18', '2020-04-09 11:34:47', 30, 28);
insert into BOOKS (Id_BOOKS, startTime, endTime, Id_COOKING_SPACES, Id_CLIENTS) values (120, '2022-01-21 01:05:29', '2020-08-31 23:52:10', 3, 41);
insert into BOOKS (Id_BOOKS, startTime, endTime, Id_COOKING_SPACES, Id_CLIENTS) values (121, '2020-08-18 13:50:57', '2022-01-15 07:31:19', 2, 9);
insert into BOOKS (Id_BOOKS, startTime, endTime, Id_COOKING_SPACES, Id_CLIENTS) values (122, '2020-06-29 17:14:16', '2022-04-14 15:55:50', 29, 53);
insert into BOOKS (Id_BOOKS, startTime, endTime, Id_COOKING_SPACES, Id_CLIENTS) values (123, '2022-02-05 14:57:55', '2023-02-28 09:20:23', 30, 52);
insert into BOOKS (Id_BOOKS, startTime, endTime, Id_COOKING_SPACES, Id_CLIENTS) values (124, '2021-06-26 12:24:14', '2021-02-15 12:10:34', 24, 26);
insert into BOOKS (Id_BOOKS, startTime, endTime, Id_COOKING_SPACES, Id_CLIENTS) values (125, '2020-01-21 14:31:44', '2022-09-17 21:29:34', 5, 49);
insert into BOOKS (Id_BOOKS, startTime, endTime, Id_COOKING_SPACES, Id_CLIENTS) values (126, '2023-04-29 23:20:21', '2020-10-21 03:52:49', 21, 5);
insert into BOOKS (Id_BOOKS, startTime, endTime, Id_COOKING_SPACES, Id_CLIENTS) values (127, '2022-06-19 14:57:47', '2021-05-26 15:35:16', 45, 63);
insert into BOOKS (Id_BOOKS, startTime, endTime, Id_COOKING_SPACES, Id_CLIENTS) values (128, '2020-11-27 20:17:15', '2021-07-18 01:06:10', 19, 67);
insert into BOOKS (Id_BOOKS, startTime, endTime, Id_COOKING_SPACES, Id_CLIENTS) values (129, '2020-06-18 11:59:41', '2023-05-02 06:07:24', 33, 31);
insert into BOOKS (Id_BOOKS, startTime, endTime, Id_COOKING_SPACES, Id_CLIENTS) values (130, '2020-08-12 03:55:12', '2022-11-25 14:53:42', 2, 39);
insert into BOOKS (Id_BOOKS, startTime, endTime, Id_COOKING_SPACES, Id_CLIENTS) values (131, '2020-11-15 09:22:04', '2022-03-03 01:00:22', 36, 68);
insert into BOOKS (Id_BOOKS, startTime, endTime, Id_COOKING_SPACES, Id_CLIENTS) values (132, '2020-10-12 20:06:01', '2021-12-01 08:33:55', 42, 28);
insert into BOOKS (Id_BOOKS, startTime, endTime, Id_COOKING_SPACES, Id_CLIENTS) values (133, '2022-06-22 18:46:01', '2021-04-01 15:34:10', 41, 37);
insert into BOOKS (Id_BOOKS, startTime, endTime, Id_COOKING_SPACES, Id_CLIENTS) values (134, '2022-10-21 22:59:33', '2021-08-23 20:04:00', 16, 18);
insert into BOOKS (Id_BOOKS, startTime, endTime, Id_COOKING_SPACES, Id_CLIENTS) values (135, '2023-04-09 16:02:54', '2020-09-25 14:38:26', 9, 19);
insert into BOOKS (Id_BOOKS, startTime, endTime, Id_COOKING_SPACES, Id_CLIENTS) values (136, '2021-04-11 01:51:31', '2020-02-22 17:33:33', 15, 31);
insert into BOOKS (Id_BOOKS, startTime, endTime, Id_COOKING_SPACES, Id_CLIENTS) values (137, '2021-06-16 14:55:30', '2022-07-11 01:05:05', 40, 26);
insert into BOOKS (Id_BOOKS, startTime, endTime, Id_COOKING_SPACES, Id_CLIENTS) values (138, '2020-12-12 03:23:10', '2020-10-26 21:36:50', 44, 68);
insert into BOOKS (Id_BOOKS, startTime, endTime, Id_COOKING_SPACES, Id_CLIENTS) values (139, '2022-10-19 02:55:31', '2022-04-02 09:47:47', 18, 45);
insert into BOOKS (Id_BOOKS, startTime, endTime, Id_COOKING_SPACES, Id_CLIENTS) values (140, '2020-11-02 23:21:28', '2023-01-08 15:14:55', 39, 48);
insert into BOOKS (Id_BOOKS, startTime, endTime, Id_COOKING_SPACES, Id_CLIENTS) values (141, '2021-12-21 22:54:11', '2020-07-14 07:25:55', 12, 25);
insert into BOOKS (Id_BOOKS, startTime, endTime, Id_COOKING_SPACES, Id_CLIENTS) values (142, '2022-02-14 18:28:13', '2023-05-14 05:13:22', 41, 4);
insert into BOOKS (Id_BOOKS, startTime, endTime, Id_COOKING_SPACES, Id_CLIENTS) values (143, '2020-12-18 11:18:29', '2021-01-31 05:41:17', 42, 12);
insert into BOOKS (Id_BOOKS, startTime, endTime, Id_COOKING_SPACES, Id_CLIENTS) values (144, '2022-04-08 01:16:40', '2020-02-12 05:58:35', 11, 47);
insert into BOOKS (Id_BOOKS, startTime, endTime, Id_COOKING_SPACES, Id_CLIENTS) values (145, '2020-11-30 04:36:18', '2020-07-24 09:36:15', 11, 39);
insert into BOOKS (Id_BOOKS, startTime, endTime, Id_COOKING_SPACES, Id_CLIENTS) values (146, '2022-10-16 20:23:30', '2021-02-23 15:48:56', 4, 52);
insert into BOOKS (Id_BOOKS, startTime, endTime, Id_COOKING_SPACES, Id_CLIENTS) values (147, '2022-08-05 21:16:30', '2020-06-06 22:04:44', 34, 43);
insert into BOOKS (Id_BOOKS, startTime, endTime, Id_COOKING_SPACES, Id_CLIENTS) values (148, '2022-05-08 00:57:40', '2020-04-26 08:38:51', 43, 57);
insert into BOOKS (Id_BOOKS, startTime, endTime, Id_COOKING_SPACES, Id_CLIENTS) values (149, '2023-03-03 11:37:24', '2022-05-10 23:47:49', 17, 34);
insert into BOOKS (Id_BOOKS, startTime, endTime, Id_COOKING_SPACES, Id_CLIENTS) values (150, '2022-06-06 07:04:32', '2021-02-01 23:49:08', 47, 56);
insert into BOOKS (Id_BOOKS, startTime, endTime, Id_COOKING_SPACES, Id_CLIENTS) values (151, '2021-04-30 18:31:39', '2020-09-22 01:38:00', 43, 40);
insert into BOOKS (Id_BOOKS, startTime, endTime, Id_COOKING_SPACES, Id_CLIENTS) values (152, '2020-10-10 10:43:08', '2022-03-28 18:41:45', 4, 9);
insert into BOOKS (Id_BOOKS, startTime, endTime, Id_COOKING_SPACES, Id_CLIENTS) values (153, '2021-11-30 11:18:43', '2023-01-27 23:43:23', 31, 10);
insert into BOOKS (Id_BOOKS, startTime, endTime, Id_COOKING_SPACES, Id_CLIENTS) values (154, '2020-07-21 05:30:08', '2022-07-30 04:36:45', 16, 41);
insert into BOOKS (Id_BOOKS, startTime, endTime, Id_COOKING_SPACES, Id_CLIENTS) values (155, '2022-01-17 03:30:48', '2023-03-12 09:23:24', 39, 1);
insert into BOOKS (Id_BOOKS, startTime, endTime, Id_COOKING_SPACES, Id_CLIENTS) values (156, '2021-02-26 12:19:03', '2022-03-10 14:51:29', 8, 41);
insert into BOOKS (Id_BOOKS, startTime, endTime, Id_COOKING_SPACES, Id_CLIENTS) values (157, '2020-07-01 14:47:00', '2020-09-09 11:06:00', 3, 14);
insert into BOOKS (Id_BOOKS, startTime, endTime, Id_COOKING_SPACES, Id_CLIENTS) values (158, '2022-10-19 02:48:50', '2023-02-10 14:45:57', 14, 37);
insert into BOOKS (Id_BOOKS, startTime, endTime, Id_COOKING_SPACES, Id_CLIENTS) values (159, '2021-12-08 12:11:40', '2022-10-11 23:34:49', 32, 1);
insert into BOOKS (Id_BOOKS, startTime, endTime, Id_COOKING_SPACES, Id_CLIENTS) values (160, '2020-01-13 16:58:32', '2023-02-23 14:39:46', 32, 61);
insert into BOOKS (Id_BOOKS, startTime, endTime, Id_COOKING_SPACES, Id_CLIENTS) values (161, '2020-06-19 14:46:33', '2022-06-15 17:23:11', 19, 28);
insert into BOOKS (Id_BOOKS, startTime, endTime, Id_COOKING_SPACES, Id_CLIENTS) values (162, '2020-09-11 00:17:49', '2022-07-16 04:40:57', 32, 32);
insert into BOOKS (Id_BOOKS, startTime, endTime, Id_COOKING_SPACES, Id_CLIENTS) values (163, '2020-05-05 07:29:45', '2021-07-21 03:57:02', 19, 65);
insert into BOOKS (Id_BOOKS, startTime, endTime, Id_COOKING_SPACES, Id_CLIENTS) values (164, '2020-02-27 13:17:08', '2020-03-18 02:22:35', 21, 30);
insert into BOOKS (Id_BOOKS, startTime, endTime, Id_COOKING_SPACES, Id_CLIENTS) values (165, '2022-08-18 20:51:21', '2022-11-28 13:11:41', 29, 10);
insert into BOOKS (Id_BOOKS, startTime, endTime, Id_COOKING_SPACES, Id_CLIENTS) values (166, '2021-02-28 11:00:01', '2021-07-02 08:36:26', 40, 22);
insert into BOOKS (Id_BOOKS, startTime, endTime, Id_COOKING_SPACES, Id_CLIENTS) values (167, '2022-08-04 21:34:04', '2023-03-20 21:29:45', 8, 22);
insert into BOOKS (Id_BOOKS, startTime, endTime, Id_COOKING_SPACES, Id_CLIENTS) values (168, '2021-02-11 19:58:40', '2023-04-24 03:16:10', 33, 10);
insert into BOOKS (Id_BOOKS, startTime, endTime, Id_COOKING_SPACES, Id_CLIENTS) values (169, '2022-01-31 05:41:27', '2022-06-27 14:29:13', 31, 17);
insert into BOOKS (Id_BOOKS, startTime, endTime, Id_COOKING_SPACES, Id_CLIENTS) values (170, '2023-02-21 19:24:31', '2022-06-09 03:27:35', 15, 11);
insert into BOOKS (Id_BOOKS, startTime, endTime, Id_COOKING_SPACES, Id_CLIENTS) values (171, '2020-08-20 12:41:46', '2023-04-09 12:17:23', 9, 44);
insert into BOOKS (Id_BOOKS, startTime, endTime, Id_COOKING_SPACES, Id_CLIENTS) values (172, '2021-01-19 18:13:32', '2022-04-20 23:47:29', 40, 1);
insert into BOOKS (Id_BOOKS, startTime, endTime, Id_COOKING_SPACES, Id_CLIENTS) values (173, '2021-03-11 20:20:41', '2020-07-09 20:37:51', 44, 52);
insert into BOOKS (Id_BOOKS, startTime, endTime, Id_COOKING_SPACES, Id_CLIENTS) values (174, '2021-07-08 18:46:05', '2021-10-11 03:25:05', 17, 62);
insert into BOOKS (Id_BOOKS, startTime, endTime, Id_COOKING_SPACES, Id_CLIENTS) values (175, '2020-12-21 05:20:58', '2020-11-01 22:48:06', 20, 40);
insert into BOOKS (Id_BOOKS, startTime, endTime, Id_COOKING_SPACES, Id_CLIENTS) values (176, '2021-03-22 11:16:42', '2020-08-17 04:20:20', 5, 31);
insert into BOOKS (Id_BOOKS, startTime, endTime, Id_COOKING_SPACES, Id_CLIENTS) values (177, '2020-03-20 11:18:58', '2021-06-04 01:09:22', 9, 7);
insert into BOOKS (Id_BOOKS, startTime, endTime, Id_COOKING_SPACES, Id_CLIENTS) values (178, '2022-03-21 20:22:29', '2020-07-27 07:36:32', 12, 23);
insert into BOOKS (Id_BOOKS, startTime, endTime, Id_COOKING_SPACES, Id_CLIENTS) values (179, '2020-09-22 09:05:02', '2020-01-10 00:17:25', 17, 46);
insert into BOOKS (Id_BOOKS, startTime, endTime, Id_COOKING_SPACES, Id_CLIENTS) values (180, '2022-08-07 06:54:44', '2022-10-26 11:57:40', 38, 14);
insert into BOOKS (Id_BOOKS, startTime, endTime, Id_COOKING_SPACES, Id_CLIENTS) values (181, '2021-04-23 21:05:49', '2021-06-01 05:53:31', 22, 36);
insert into BOOKS (Id_BOOKS, startTime, endTime, Id_COOKING_SPACES, Id_CLIENTS) values (182, '2020-06-26 09:51:50', '2020-08-10 19:09:17', 3, 11);
insert into BOOKS (Id_BOOKS, startTime, endTime, Id_COOKING_SPACES, Id_CLIENTS) values (183, '2020-04-13 01:39:55', '2023-01-18 13:14:55', 42, 18);
insert into BOOKS (Id_BOOKS, startTime, endTime, Id_COOKING_SPACES, Id_CLIENTS) values (184, '2022-03-11 20:10:10', '2022-05-06 12:42:36', 16, 39);
insert into BOOKS (Id_BOOKS, startTime, endTime, Id_COOKING_SPACES, Id_CLIENTS) values (185, '2020-01-06 09:05:59', '2022-12-11 15:01:29', 1, 46);
insert into BOOKS (Id_BOOKS, startTime, endTime, Id_COOKING_SPACES, Id_CLIENTS) values (186, '2020-12-29 21:01:01', '2021-08-16 19:50:22', 22, 38);
insert into BOOKS (Id_BOOKS, startTime, endTime, Id_COOKING_SPACES, Id_CLIENTS) values (187, '2020-08-21 06:12:41', '2020-03-01 07:38:19', 13, 53);
insert into BOOKS (Id_BOOKS, startTime, endTime, Id_COOKING_SPACES, Id_CLIENTS) values (188, '2023-02-03 13:28:23', '2021-12-23 08:45:32', 32, 41);
insert into BOOKS (Id_BOOKS, startTime, endTime, Id_COOKING_SPACES, Id_CLIENTS) values (189, '2021-07-03 10:39:10', '2021-09-08 06:49:51', 16, 36);
insert into BOOKS (Id_BOOKS, startTime, endTime, Id_COOKING_SPACES, Id_CLIENTS) values (190, '2020-04-16 14:33:57', '2021-11-25 13:30:04', 8, 22);
insert into BOOKS (Id_BOOKS, startTime, endTime, Id_COOKING_SPACES, Id_CLIENTS) values (191, '2020-07-08 20:41:14', '2022-12-11 00:39:23', 41, 47);
insert into BOOKS (Id_BOOKS, startTime, endTime, Id_COOKING_SPACES, Id_CLIENTS) values (192, '2023-02-10 18:52:16', '2021-06-22 20:56:33', 22, 13);
insert into BOOKS (Id_BOOKS, startTime, endTime, Id_COOKING_SPACES, Id_CLIENTS) values (193, '2020-09-12 14:25:28', '2020-12-10 02:14:52', 43, 11);
insert into BOOKS (Id_BOOKS, startTime, endTime, Id_COOKING_SPACES, Id_CLIENTS) values (194, '2020-10-13 09:44:31', '2022-05-24 08:01:47', 50, 19);
insert into BOOKS (Id_BOOKS, startTime, endTime, Id_COOKING_SPACES, Id_CLIENTS) values (195, '2021-01-09 21:51:36', '2021-12-05 19:56:46', 19, 26);
insert into BOOKS (Id_BOOKS, startTime, endTime, Id_COOKING_SPACES, Id_CLIENTS) values (196, '2021-05-03 00:29:33', '2020-06-20 05:48:30', 10, 66);
insert into BOOKS (Id_BOOKS, startTime, endTime, Id_COOKING_SPACES, Id_CLIENTS) values (197, '2021-04-10 04:33:04', '2021-09-20 11:56:00', 37, 49);
insert into BOOKS (Id_BOOKS, startTime, endTime, Id_COOKING_SPACES, Id_CLIENTS) values (198, '2022-06-02 14:08:09', '2023-01-24 06:01:30', 20, 39);
insert into BOOKS (Id_BOOKS, startTime, endTime, Id_COOKING_SPACES, Id_CLIENTS) values (199, '2021-09-20 23:02:05', '2023-05-20 10:22:35', 45, 1);
insert into BOOKS (Id_BOOKS, startTime, endTime, Id_COOKING_SPACES, Id_CLIENTS) values (200, '2022-01-16 15:50:54', '2022-08-12 05:53:11', 12, 36);
insert into TEACHES (Id_CONTRACTORS, Id_LESSONS) values (11, 1);
insert into TEACHES (Id_CONTRACTORS, Id_LESSONS) values (1, 2);
insert into TEACHES (Id_CONTRACTORS, Id_LESSONS) values (1, 3);
insert into TEACHES (Id_CONTRACTORS, Id_LESSONS) values (9, 4);
insert into TEACHES (Id_CONTRACTORS, Id_LESSONS) values (12, 5);
insert into TEACHES (Id_CONTRACTORS, Id_LESSONS) values (15, 6);
insert into TEACHES (Id_CONTRACTORS, Id_LESSONS) values (7, 7);
insert into TEACHES (Id_CONTRACTORS, Id_LESSONS) values (4, 8);
insert into TEACHES (Id_CONTRACTORS, Id_LESSONS) values (12, 9);
insert into TEACHES (Id_CONTRACTORS, Id_LESSONS) values (12, 10);
insert into TEACHES (Id_CONTRACTORS, Id_LESSONS) values (4, 11);
insert into TEACHES (Id_CONTRACTORS, Id_LESSONS) values (7, 12);
insert into TEACHES (Id_CONTRACTORS, Id_LESSONS) values (14, 13);
insert into TEACHES (Id_CONTRACTORS, Id_LESSONS) values (6, 14);
insert into TEACHES (Id_CONTRACTORS, Id_LESSONS) values (16, 15);
insert into TEACHES (Id_CONTRACTORS, Id_LESSONS) values (2, 16);
insert into TEACHES (Id_CONTRACTORS, Id_LESSONS) values (4, 17);
insert into TEACHES (Id_CONTRACTORS, Id_LESSONS) values (17, 18);
insert into TEACHES (Id_CONTRACTORS, Id_LESSONS) values (12, 19);
insert into TEACHES (Id_CONTRACTORS, Id_LESSONS) values (11, 20);
insert into TEACHES (Id_CONTRACTORS, Id_LESSONS) values (20, 21);
insert into TEACHES (Id_CONTRACTORS, Id_LESSONS) values (5, 22);
insert into TEACHES (Id_CONTRACTORS, Id_LESSONS) values (8, 23);
insert into TEACHES (Id_CONTRACTORS, Id_LESSONS) values (14, 24);
insert into TEACHES (Id_CONTRACTORS, Id_LESSONS) values (9, 25);
insert into TEACHES (Id_CONTRACTORS, Id_LESSONS) values (2, 26);
insert into TEACHES (Id_CONTRACTORS, Id_LESSONS) values (17, 27);
insert into TEACHES (Id_CONTRACTORS, Id_LESSONS) values (11, 28);
insert into TEACHES (Id_CONTRACTORS, Id_LESSONS) values (7, 29);
insert into TEACHES (Id_CONTRACTORS, Id_LESSONS) values (16, 30);
insert into TEACHES (Id_CONTRACTORS, Id_LESSONS) values (2, 31);
insert into TEACHES (Id_CONTRACTORS, Id_LESSONS) values (11, 32);
insert into TEACHES (Id_CONTRACTORS, Id_LESSONS) values (18, 33);
insert into TEACHES (Id_CONTRACTORS, Id_LESSONS) values (4, 34);
insert into TEACHES (Id_CONTRACTORS, Id_LESSONS) values (14, 35);
insert into TEACHES (Id_CONTRACTORS, Id_LESSONS) values (13, 36);
insert into TEACHES (Id_CONTRACTORS, Id_LESSONS) values (18, 37);
insert into TEACHES (Id_CONTRACTORS, Id_LESSONS) values (6, 38);
insert into TEACHES (Id_CONTRACTORS, Id_LESSONS) values (1, 39);
insert into TEACHES (Id_CONTRACTORS, Id_LESSONS) values (18, 40);
insert into TEACHES (Id_CONTRACTORS, Id_LESSONS) values (4, 41);
insert into TEACHES (Id_CONTRACTORS, Id_LESSONS) values (18, 42);
insert into TEACHES (Id_CONTRACTORS, Id_LESSONS) values (20, 43);
insert into TEACHES (Id_CONTRACTORS, Id_LESSONS) values (12, 44);
insert into TEACHES (Id_CONTRACTORS, Id_LESSONS) values (1, 45);
insert into TEACHES (Id_CONTRACTORS, Id_LESSONS) values (16, 46);
insert into TEACHES (Id_CONTRACTORS, Id_LESSONS) values (12, 47);
insert into TEACHES (Id_CONTRACTORS, Id_LESSONS) values (4, 48);
insert into TEACHES (Id_CONTRACTORS, Id_LESSONS) values (3, 49);
insert into TEACHES (Id_CONTRACTORS, Id_LESSONS) values (9, 50);
insert into TEACHES (Id_CONTRACTORS, Id_LESSONS) values (15, 51);
insert into TEACHES (Id_CONTRACTORS, Id_LESSONS) values (18, 52);
insert into TEACHES (Id_CONTRACTORS, Id_LESSONS) values (5, 53);
insert into TEACHES (Id_CONTRACTORS, Id_LESSONS) values (15, 54);
insert into TEACHES (Id_CONTRACTORS, Id_LESSONS) values (4, 55);
insert into TEACHES (Id_CONTRACTORS, Id_LESSONS) values (10, 56);
insert into TEACHES (Id_CONTRACTORS, Id_LESSONS) values (2, 57);
insert into TEACHES (Id_CONTRACTORS, Id_LESSONS) values (7, 58);
insert into TEACHES (Id_CONTRACTORS, Id_LESSONS) values (5, 59);
insert into TEACHES (Id_CONTRACTORS, Id_LESSONS) values (4, 60);
insert into TEACHES (Id_CONTRACTORS, Id_LESSONS) values (4, 61);
insert into TEACHES (Id_CONTRACTORS, Id_LESSONS) values (18, 62);
insert into TEACHES (Id_CONTRACTORS, Id_LESSONS) values (10, 63);
insert into TEACHES (Id_CONTRACTORS, Id_LESSONS) values (3, 64);
insert into TEACHES (Id_CONTRACTORS, Id_LESSONS) values (2, 65);
insert into TEACHES (Id_CONTRACTORS, Id_LESSONS) values (7, 66);
insert into TEACHES (Id_CONTRACTORS, Id_LESSONS) values (9, 67);
insert into TEACHES (Id_CONTRACTORS, Id_LESSONS) values (9, 68);
insert into TEACHES (Id_CONTRACTORS, Id_LESSONS) values (18, 69);
insert into TEACHES (Id_CONTRACTORS, Id_LESSONS) values (15, 70);
insert into TEACHES (Id_CONTRACTORS, Id_LESSONS) values (14, 71);
insert into TEACHES (Id_CONTRACTORS, Id_LESSONS) values (19, 72);
insert into TEACHES (Id_CONTRACTORS, Id_LESSONS) values (10, 73);
insert into TEACHES (Id_CONTRACTORS, Id_LESSONS) values (5, 74);
insert into TEACHES (Id_CONTRACTORS, Id_LESSONS) values (15, 75);
insert into TEACHES (Id_CONTRACTORS, Id_LESSONS) values (13, 76);
insert into TEACHES (Id_CONTRACTORS, Id_LESSONS) values (6, 77);
insert into TEACHES (Id_CONTRACTORS, Id_LESSONS) values (14, 78);
insert into TEACHES (Id_CONTRACTORS, Id_LESSONS) values (3, 79);
insert into TEACHES (Id_CONTRACTORS, Id_LESSONS) values (11, 80);
insert into TEACHES (Id_CONTRACTORS, Id_LESSONS) values (8, 81);
insert into TEACHES (Id_CONTRACTORS, Id_LESSONS) values (14, 82);
insert into TEACHES (Id_CONTRACTORS, Id_LESSONS) values (13, 83);
insert into TEACHES (Id_CONTRACTORS, Id_LESSONS) values (12, 84);
insert into TEACHES (Id_CONTRACTORS, Id_LESSONS) values (7, 85);
insert into TEACHES (Id_CONTRACTORS, Id_LESSONS) values (11, 86);
insert into TEACHES (Id_CONTRACTORS, Id_LESSONS) values (9, 87);
insert into TEACHES (Id_CONTRACTORS, Id_LESSONS) values (8, 88);
insert into TEACHES (Id_CONTRACTORS, Id_LESSONS) values (15, 89);
insert into TEACHES (Id_CONTRACTORS, Id_LESSONS) values (8, 90);
insert into TEACHES (Id_CONTRACTORS, Id_LESSONS) values (13, 91);
insert into TEACHES (Id_CONTRACTORS, Id_LESSONS) values (1, 92);
insert into TEACHES (Id_CONTRACTORS, Id_LESSONS) values (16, 93);
insert into TEACHES (Id_CONTRACTORS, Id_LESSONS) values (3, 94);
insert into TEACHES (Id_CONTRACTORS, Id_LESSONS) values (12, 95);
insert into TEACHES (Id_CONTRACTORS, Id_LESSONS) values (18, 96);
insert into TEACHES (Id_CONTRACTORS, Id_LESSONS) values (3, 97);
insert into TEACHES (Id_CONTRACTORS, Id_LESSONS) values (2, 98);
insert into TEACHES (Id_CONTRACTORS, Id_LESSONS) values (7, 99);
insert into TEACHES (Id_CONTRACTORS, Id_LESSONS) values (14, 100);
insert into ANIMATES (Id_CONTRACTORS, Id_EVENTS) values (10, 1);
insert into ANIMATES (Id_CONTRACTORS, Id_EVENTS) values (15, 2);
insert into ANIMATES (Id_CONTRACTORS, Id_EVENTS) values (19, 3);
insert into ANIMATES (Id_CONTRACTORS, Id_EVENTS) values (4, 4);
insert into ANIMATES (Id_CONTRACTORS, Id_EVENTS) values (11, 5);
insert into ANIMATES (Id_CONTRACTORS, Id_EVENTS) values (4, 6);
insert into ANIMATES (Id_CONTRACTORS, Id_EVENTS) values (10, 7);
insert into ANIMATES (Id_CONTRACTORS, Id_EVENTS) values (2, 8);
insert into ANIMATES (Id_CONTRACTORS, Id_EVENTS) values (10, 9);
insert into ANIMATES (Id_CONTRACTORS, Id_EVENTS) values (12, 10);
insert into ANIMATES (Id_CONTRACTORS, Id_EVENTS) values (8, 11);
insert into ANIMATES (Id_CONTRACTORS, Id_EVENTS) values (9, 12);
insert into ANIMATES (Id_CONTRACTORS, Id_EVENTS) values (15, 13);
insert into ANIMATES (Id_CONTRACTORS, Id_EVENTS) values (3, 14);
insert into ANIMATES (Id_CONTRACTORS, Id_EVENTS) values (8, 15);
insert into ANIMATES (Id_CONTRACTORS, Id_EVENTS) values (9, 16);
insert into ANIMATES (Id_CONTRACTORS, Id_EVENTS) values (17, 17);
insert into ANIMATES (Id_CONTRACTORS, Id_EVENTS) values (20, 18);
insert into ANIMATES (Id_CONTRACTORS, Id_EVENTS) values (9, 19);
insert into ANIMATES (Id_CONTRACTORS, Id_EVENTS) values (13, 20);
insert into ANIMATES (Id_CONTRACTORS, Id_EVENTS) values (7, 21);
insert into ANIMATES (Id_CONTRACTORS, Id_EVENTS) values (20, 22);
insert into ANIMATES (Id_CONTRACTORS, Id_EVENTS) values (9, 23);
insert into ANIMATES (Id_CONTRACTORS, Id_EVENTS) values (3, 24);
insert into ANIMATES (Id_CONTRACTORS, Id_EVENTS) values (5, 25);
insert into ANIMATES (Id_CONTRACTORS, Id_EVENTS) values (16, 26);
insert into ANIMATES (Id_CONTRACTORS, Id_EVENTS) values (3, 27);
insert into ANIMATES (Id_CONTRACTORS, Id_EVENTS) values (12, 28);
insert into ANIMATES (Id_CONTRACTORS, Id_EVENTS) values (11, 29);
insert into ANIMATES (Id_CONTRACTORS, Id_EVENTS) values (11, 30);
insert into ANIMATES (Id_CONTRACTORS, Id_EVENTS) values (1, 31);
insert into ANIMATES (Id_CONTRACTORS, Id_EVENTS) values (16, 32);
insert into ANIMATES (Id_CONTRACTORS, Id_EVENTS) values (3, 33);
insert into ANIMATES (Id_CONTRACTORS, Id_EVENTS) values (10, 34);
insert into ANIMATES (Id_CONTRACTORS, Id_EVENTS) values (17, 35);
insert into ANIMATES (Id_CONTRACTORS, Id_EVENTS) values (20, 36);
insert into ANIMATES (Id_CONTRACTORS, Id_EVENTS) values (11, 37);
insert into ANIMATES (Id_CONTRACTORS, Id_EVENTS) values (19, 38);
insert into ANIMATES (Id_CONTRACTORS, Id_EVENTS) values (6, 39);
insert into ANIMATES (Id_CONTRACTORS, Id_EVENTS) values (3, 40);
insert into ANIMATES (Id_CONTRACTORS, Id_EVENTS) values (2, 41);
insert into ANIMATES (Id_CONTRACTORS, Id_EVENTS) values (20, 42);
insert into ANIMATES (Id_CONTRACTORS, Id_EVENTS) values (20, 43);
insert into ANIMATES (Id_CONTRACTORS, Id_EVENTS) values (12, 44);
insert into ANIMATES (Id_CONTRACTORS, Id_EVENTS) values (16, 45);
insert into ANIMATES (Id_CONTRACTORS, Id_EVENTS) values (16, 46);
insert into ANIMATES (Id_CONTRACTORS, Id_EVENTS) values (1, 47);
insert into ANIMATES (Id_CONTRACTORS, Id_EVENTS) values (2, 48);
insert into ANIMATES (Id_CONTRACTORS, Id_EVENTS) values (20, 49);
insert into ANIMATES (Id_CONTRACTORS, Id_EVENTS) values (20, 50);
insert into ANIMATES (Id_CONTRACTORS, Id_EVENTS) values (10, 51);
insert into ANIMATES (Id_CONTRACTORS, Id_EVENTS) values (1, 52);
insert into ANIMATES (Id_CONTRACTORS, Id_EVENTS) values (3, 53);
insert into ANIMATES (Id_CONTRACTORS, Id_EVENTS) values (11, 54);
insert into ANIMATES (Id_CONTRACTORS, Id_EVENTS) values (6, 55);
insert into ANIMATES (Id_CONTRACTORS, Id_EVENTS) values (10, 56);
insert into ANIMATES (Id_CONTRACTORS, Id_EVENTS) values (8, 57);
insert into ANIMATES (Id_CONTRACTORS, Id_EVENTS) values (17, 58);
insert into ANIMATES (Id_CONTRACTORS, Id_EVENTS) values (20, 59);
insert into ANIMATES (Id_CONTRACTORS, Id_EVENTS) values (4, 60);
insert into ANIMATES (Id_CONTRACTORS, Id_EVENTS) values (7, 61);
insert into ANIMATES (Id_CONTRACTORS, Id_EVENTS) values (7, 62);
insert into ANIMATES (Id_CONTRACTORS, Id_EVENTS) values (20, 63);
insert into ANIMATES (Id_CONTRACTORS, Id_EVENTS) values (11, 64);
insert into ANIMATES (Id_CONTRACTORS, Id_EVENTS) values (4, 65);
insert into ANIMATES (Id_CONTRACTORS, Id_EVENTS) values (17, 66);
insert into ANIMATES (Id_CONTRACTORS, Id_EVENTS) values (9, 67);
insert into ANIMATES (Id_CONTRACTORS, Id_EVENTS) values (11, 68);
insert into ANIMATES (Id_CONTRACTORS, Id_EVENTS) values (12, 69);
insert into ANIMATES (Id_CONTRACTORS, Id_EVENTS) values (5, 70);
insert into ANIMATES (Id_CONTRACTORS, Id_EVENTS) values (10, 71);
insert into ANIMATES (Id_CONTRACTORS, Id_EVENTS) values (16, 72);
insert into ANIMATES (Id_CONTRACTORS, Id_EVENTS) values (9, 73);
insert into ANIMATES (Id_CONTRACTORS, Id_EVENTS) values (19, 74);
insert into ANIMATES (Id_CONTRACTORS, Id_EVENTS) values (20, 75);
insert into ANIMATES (Id_CONTRACTORS, Id_EVENTS) values (15, 76);
insert into ANIMATES (Id_CONTRACTORS, Id_EVENTS) values (10, 77);
insert into ANIMATES (Id_CONTRACTORS, Id_EVENTS) values (4, 78);
insert into ANIMATES (Id_CONTRACTORS, Id_EVENTS) values (5, 79);
insert into ANIMATES (Id_CONTRACTORS, Id_EVENTS) values (10, 80);
insert into ANIMATES (Id_CONTRACTORS, Id_EVENTS) values (14, 81);
insert into ANIMATES (Id_CONTRACTORS, Id_EVENTS) values (10, 82);
insert into ANIMATES (Id_CONTRACTORS, Id_EVENTS) values (10, 83);
insert into ANIMATES (Id_CONTRACTORS, Id_EVENTS) values (10, 84);
insert into ANIMATES (Id_CONTRACTORS, Id_EVENTS) values (11, 85);
insert into ANIMATES (Id_CONTRACTORS, Id_EVENTS) values (13, 86);
insert into ANIMATES (Id_CONTRACTORS, Id_EVENTS) values (10, 87);
insert into ANIMATES (Id_CONTRACTORS, Id_EVENTS) values (9, 88);
insert into ANIMATES (Id_CONTRACTORS, Id_EVENTS) values (4, 89);
insert into ANIMATES (Id_CONTRACTORS, Id_EVENTS) values (6, 90);
insert into ANIMATES (Id_CONTRACTORS, Id_EVENTS) values (11, 91);
insert into ANIMATES (Id_CONTRACTORS, Id_EVENTS) values (7, 92);
insert into ANIMATES (Id_CONTRACTORS, Id_EVENTS) values (15, 93);
insert into ANIMATES (Id_CONTRACTORS, Id_EVENTS) values (18, 94);
insert into ANIMATES (Id_CONTRACTORS, Id_EVENTS) values (4, 95);
insert into ANIMATES (Id_CONTRACTORS, Id_EVENTS) values (9, 96);
insert into ANIMATES (Id_CONTRACTORS, Id_EVENTS) values (1, 97);
insert into ANIMATES (Id_CONTRACTORS, Id_EVENTS) values (17, 98);
insert into ANIMATES (Id_CONTRACTORS, Id_EVENTS) values (17, 99);
insert into ANIMATES (Id_CONTRACTORS, Id_EVENTS) values (20, 100);
insert into ANIMATES (Id_CONTRACTORS, Id_EVENTS) values (17, 101);
insert into ANIMATES (Id_CONTRACTORS, Id_EVENTS) values (5, 102);
insert into ANIMATES (Id_CONTRACTORS, Id_EVENTS) values (12, 103);
insert into ANIMATES (Id_CONTRACTORS, Id_EVENTS) values (14, 104);
insert into ANIMATES (Id_CONTRACTORS, Id_EVENTS) values (19, 105);
insert into ANIMATES (Id_CONTRACTORS, Id_EVENTS) values (17, 106);
insert into ANIMATES (Id_CONTRACTORS, Id_EVENTS) values (8, 107);
insert into ANIMATES (Id_CONTRACTORS, Id_EVENTS) values (2, 108);
insert into ANIMATES (Id_CONTRACTORS, Id_EVENTS) values (8, 109);
insert into ANIMATES (Id_CONTRACTORS, Id_EVENTS) values (2, 110);
insert into ANIMATES (Id_CONTRACTORS, Id_EVENTS) values (18, 111);
insert into ANIMATES (Id_CONTRACTORS, Id_EVENTS) values (10, 112);
insert into ANIMATES (Id_CONTRACTORS, Id_EVENTS) values (1, 113);
insert into ANIMATES (Id_CONTRACTORS, Id_EVENTS) values (6, 114);
insert into ANIMATES (Id_CONTRACTORS, Id_EVENTS) values (2, 115);
insert into ANIMATES (Id_CONTRACTORS, Id_EVENTS) values (10, 116);
insert into ANIMATES (Id_CONTRACTORS, Id_EVENTS) values (3, 117);
insert into ANIMATES (Id_CONTRACTORS, Id_EVENTS) values (2, 118);
insert into ANIMATES (Id_CONTRACTORS, Id_EVENTS) values (4, 119);
insert into ANIMATES (Id_CONTRACTORS, Id_EVENTS) values (12, 120);
insert into ANIMATES (Id_CONTRACTORS, Id_EVENTS) values (4, 121);
insert into ANIMATES (Id_CONTRACTORS, Id_EVENTS) values (6, 122);
insert into ANIMATES (Id_CONTRACTORS, Id_EVENTS) values (15, 123);
insert into ANIMATES (Id_CONTRACTORS, Id_EVENTS) values (6, 124);
insert into ANIMATES (Id_CONTRACTORS, Id_EVENTS) values (17, 125);
insert into ANIMATES (Id_CONTRACTORS, Id_EVENTS) values (9, 126);
insert into ANIMATES (Id_CONTRACTORS, Id_EVENTS) values (15, 127);
insert into ANIMATES (Id_CONTRACTORS, Id_EVENTS) values (15, 128);
insert into ANIMATES (Id_CONTRACTORS, Id_EVENTS) values (14, 129);
insert into ANIMATES (Id_CONTRACTORS, Id_EVENTS) values (16, 130);
insert into ANIMATES (Id_CONTRACTORS, Id_EVENTS) values (7, 131);
insert into ANIMATES (Id_CONTRACTORS, Id_EVENTS) values (9, 132);
insert into ANIMATES (Id_CONTRACTORS, Id_EVENTS) values (15, 133);
insert into ANIMATES (Id_CONTRACTORS, Id_EVENTS) values (18, 134);
insert into ANIMATES (Id_CONTRACTORS, Id_EVENTS) values (5, 135);
insert into ANIMATES (Id_CONTRACTORS, Id_EVENTS) values (1, 136);
insert into ANIMATES (Id_CONTRACTORS, Id_EVENTS) values (16, 137);
insert into ANIMATES (Id_CONTRACTORS, Id_EVENTS) values (6, 138);
insert into ANIMATES (Id_CONTRACTORS, Id_EVENTS) values (10, 139);
insert into ANIMATES (Id_CONTRACTORS, Id_EVENTS) values (12, 140);
insert into ANIMATES (Id_CONTRACTORS, Id_EVENTS) values (3, 141);
insert into ANIMATES (Id_CONTRACTORS, Id_EVENTS) values (3, 142);
insert into ANIMATES (Id_CONTRACTORS, Id_EVENTS) values (20, 143);
insert into ANIMATES (Id_CONTRACTORS, Id_EVENTS) values (12, 144);
insert into ANIMATES (Id_CONTRACTORS, Id_EVENTS) values (3, 145);
insert into ANIMATES (Id_CONTRACTORS, Id_EVENTS) values (17, 146);
insert into ANIMATES (Id_CONTRACTORS, Id_EVENTS) values (3, 147);
insert into ANIMATES (Id_CONTRACTORS, Id_EVENTS) values (8, 148);
insert into ANIMATES (Id_CONTRACTORS, Id_EVENTS) values (13, 149);
insert into ANIMATES (Id_CONTRACTORS, Id_EVENTS) values (12, 150);
insert into ANIMATES (Id_CONTRACTORS, Id_EVENTS) values (1, 151);
insert into ANIMATES (Id_CONTRACTORS, Id_EVENTS) values (1, 152);
insert into ANIMATES (Id_CONTRACTORS, Id_EVENTS) values (1, 153);
insert into ANIMATES (Id_CONTRACTORS, Id_EVENTS) values (20, 154);
insert into ANIMATES (Id_CONTRACTORS, Id_EVENTS) values (20, 155);
insert into ANIMATES (Id_CONTRACTORS, Id_EVENTS) values (19, 156);
insert into ANIMATES (Id_CONTRACTORS, Id_EVENTS) values (7, 157);
insert into ANIMATES (Id_CONTRACTORS, Id_EVENTS) values (12, 158);
insert into ANIMATES (Id_CONTRACTORS, Id_EVENTS) values (14, 159);
insert into ANIMATES (Id_CONTRACTORS, Id_EVENTS) values (8, 160);
insert into ANIMATES (Id_CONTRACTORS, Id_EVENTS) values (1, 161);
insert into ANIMATES (Id_CONTRACTORS, Id_EVENTS) values (13, 162);
insert into ANIMATES (Id_CONTRACTORS, Id_EVENTS) values (12, 163);
insert into ANIMATES (Id_CONTRACTORS, Id_EVENTS) values (1, 164);
insert into ANIMATES (Id_CONTRACTORS, Id_EVENTS) values (19, 165);
insert into ANIMATES (Id_CONTRACTORS, Id_EVENTS) values (14, 166);
insert into ANIMATES (Id_CONTRACTORS, Id_EVENTS) values (15, 167);
insert into ANIMATES (Id_CONTRACTORS, Id_EVENTS) values (9, 168);
insert into ANIMATES (Id_CONTRACTORS, Id_EVENTS) values (10, 169);
insert into ANIMATES (Id_CONTRACTORS, Id_EVENTS) values (1, 170);
insert into ANIMATES (Id_CONTRACTORS, Id_EVENTS) values (2, 171);
insert into ANIMATES (Id_CONTRACTORS, Id_EVENTS) values (4, 172);
insert into ANIMATES (Id_CONTRACTORS, Id_EVENTS) values (12, 173);
insert into ANIMATES (Id_CONTRACTORS, Id_EVENTS) values (14, 174);
insert into ANIMATES (Id_CONTRACTORS, Id_EVENTS) values (3, 175);
insert into ANIMATES (Id_CONTRACTORS, Id_EVENTS) values (15, 176);
insert into ANIMATES (Id_CONTRACTORS, Id_EVENTS) values (13, 177);
insert into ANIMATES (Id_CONTRACTORS, Id_EVENTS) values (3, 178);
insert into ANIMATES (Id_CONTRACTORS, Id_EVENTS) values (15, 179);
insert into ANIMATES (Id_CONTRACTORS, Id_EVENTS) values (8, 180);
insert into ANIMATES (Id_CONTRACTORS, Id_EVENTS) values (17, 181);
insert into ANIMATES (Id_CONTRACTORS, Id_EVENTS) values (8, 182);
insert into ANIMATES (Id_CONTRACTORS, Id_EVENTS) values (19, 183);
insert into ANIMATES (Id_CONTRACTORS, Id_EVENTS) values (4, 184);
insert into ANIMATES (Id_CONTRACTORS, Id_EVENTS) values (13, 185);
insert into ANIMATES (Id_CONTRACTORS, Id_EVENTS) values (14, 186);
insert into ANIMATES (Id_CONTRACTORS, Id_EVENTS) values (1, 187);
insert into ANIMATES (Id_CONTRACTORS, Id_EVENTS) values (1, 188);
insert into ANIMATES (Id_CONTRACTORS, Id_EVENTS) values (20, 189);
insert into ANIMATES (Id_CONTRACTORS, Id_EVENTS) values (8, 190);
insert into ANIMATES (Id_CONTRACTORS, Id_EVENTS) values (19, 191);
insert into ANIMATES (Id_CONTRACTORS, Id_EVENTS) values (15, 192);
insert into ANIMATES (Id_CONTRACTORS, Id_EVENTS) values (8, 193);
insert into ANIMATES (Id_CONTRACTORS, Id_EVENTS) values (20, 194);
insert into ANIMATES (Id_CONTRACTORS, Id_EVENTS) values (6, 195);
insert into ANIMATES (Id_CONTRACTORS, Id_EVENTS) values (15, 196);
insert into ANIMATES (Id_CONTRACTORS, Id_EVENTS) values (17, 197);
insert into ANIMATES (Id_CONTRACTORS, Id_EVENTS) values (6, 198);
insert into ANIMATES (Id_CONTRACTORS, Id_EVENTS) values (1, 199);
insert into ANIMATES (Id_CONTRACTORS, Id_EVENTS) values (8, 200);
insert into IS_HOSTED (Id_COOKING_SPACES, Id_EVENTS) values (24, 1);
insert into IS_HOSTED (Id_COOKING_SPACES, Id_EVENTS) values (1, 2);
insert into IS_HOSTED (Id_COOKING_SPACES, Id_EVENTS) values (43, 3);
insert into IS_HOSTED (Id_COOKING_SPACES, Id_EVENTS) values (5, 4);
insert into IS_HOSTED (Id_COOKING_SPACES, Id_EVENTS) values (18, 5);
insert into IS_HOSTED (Id_COOKING_SPACES, Id_EVENTS) values (24, 6);
insert into IS_HOSTED (Id_COOKING_SPACES, Id_EVENTS) values (50, 7);
insert into IS_HOSTED (Id_COOKING_SPACES, Id_EVENTS) values (38, 8);
insert into IS_HOSTED (Id_COOKING_SPACES, Id_EVENTS) values (8, 9);
insert into IS_HOSTED (Id_COOKING_SPACES, Id_EVENTS) values (27, 10);
insert into IS_HOSTED (Id_COOKING_SPACES, Id_EVENTS) values (42, 11);
insert into IS_HOSTED (Id_COOKING_SPACES, Id_EVENTS) values (6, 12);
insert into IS_HOSTED (Id_COOKING_SPACES, Id_EVENTS) values (11, 13);
insert into IS_HOSTED (Id_COOKING_SPACES, Id_EVENTS) values (18, 14);
insert into IS_HOSTED (Id_COOKING_SPACES, Id_EVENTS) values (46, 15);
insert into IS_HOSTED (Id_COOKING_SPACES, Id_EVENTS) values (35, 16);
insert into IS_HOSTED (Id_COOKING_SPACES, Id_EVENTS) values (19, 17);
insert into IS_HOSTED (Id_COOKING_SPACES, Id_EVENTS) values (13, 18);
insert into IS_HOSTED (Id_COOKING_SPACES, Id_EVENTS) values (40, 19);
insert into IS_HOSTED (Id_COOKING_SPACES, Id_EVENTS) values (7, 20);
insert into IS_HOSTED (Id_COOKING_SPACES, Id_EVENTS) values (10, 21);
insert into IS_HOSTED (Id_COOKING_SPACES, Id_EVENTS) values (50, 22);
insert into IS_HOSTED (Id_COOKING_SPACES, Id_EVENTS) values (36, 23);
insert into IS_HOSTED (Id_COOKING_SPACES, Id_EVENTS) values (45, 24);
insert into IS_HOSTED (Id_COOKING_SPACES, Id_EVENTS) values (22, 25);
insert into IS_HOSTED (Id_COOKING_SPACES, Id_EVENTS) values (48, 26);
insert into IS_HOSTED (Id_COOKING_SPACES, Id_EVENTS) values (19, 27);
insert into IS_HOSTED (Id_COOKING_SPACES, Id_EVENTS) values (49, 28);
insert into IS_HOSTED (Id_COOKING_SPACES, Id_EVENTS) values (6, 29);
insert into IS_HOSTED (Id_COOKING_SPACES, Id_EVENTS) values (16, 30);
insert into IS_HOSTED (Id_COOKING_SPACES, Id_EVENTS) values (20, 31);
insert into IS_HOSTED (Id_COOKING_SPACES, Id_EVENTS) values (13, 32);
insert into IS_HOSTED (Id_COOKING_SPACES, Id_EVENTS) values (33, 33);
insert into IS_HOSTED (Id_COOKING_SPACES, Id_EVENTS) values (29, 34);
insert into IS_HOSTED (Id_COOKING_SPACES, Id_EVENTS) values (32, 35);
insert into IS_HOSTED (Id_COOKING_SPACES, Id_EVENTS) values (8, 36);
insert into IS_HOSTED (Id_COOKING_SPACES, Id_EVENTS) values (46, 37);
insert into IS_HOSTED (Id_COOKING_SPACES, Id_EVENTS) values (35, 38);
insert into IS_HOSTED (Id_COOKING_SPACES, Id_EVENTS) values (17, 39);
insert into IS_HOSTED (Id_COOKING_SPACES, Id_EVENTS) values (15, 40);
insert into IS_HOSTED (Id_COOKING_SPACES, Id_EVENTS) values (35, 41);
insert into IS_HOSTED (Id_COOKING_SPACES, Id_EVENTS) values (48, 42);
insert into IS_HOSTED (Id_COOKING_SPACES, Id_EVENTS) values (19, 43);
insert into IS_HOSTED (Id_COOKING_SPACES, Id_EVENTS) values (13, 44);
insert into IS_HOSTED (Id_COOKING_SPACES, Id_EVENTS) values (33, 45);
insert into IS_HOSTED (Id_COOKING_SPACES, Id_EVENTS) values (45, 46);
insert into IS_HOSTED (Id_COOKING_SPACES, Id_EVENTS) values (32, 47);
insert into IS_HOSTED (Id_COOKING_SPACES, Id_EVENTS) values (5, 48);
insert into IS_HOSTED (Id_COOKING_SPACES, Id_EVENTS) values (1, 49);
insert into IS_HOSTED (Id_COOKING_SPACES, Id_EVENTS) values (20, 50);
insert into IS_HOSTED (Id_COOKING_SPACES, Id_EVENTS) values (25, 51);
insert into IS_HOSTED (Id_COOKING_SPACES, Id_EVENTS) values (45, 52);
insert into IS_HOSTED (Id_COOKING_SPACES, Id_EVENTS) values (10, 53);
insert into IS_HOSTED (Id_COOKING_SPACES, Id_EVENTS) values (19, 54);
insert into IS_HOSTED (Id_COOKING_SPACES, Id_EVENTS) values (29, 55);
insert into IS_HOSTED (Id_COOKING_SPACES, Id_EVENTS) values (11, 56);
insert into IS_HOSTED (Id_COOKING_SPACES, Id_EVENTS) values (11, 57);
insert into IS_HOSTED (Id_COOKING_SPACES, Id_EVENTS) values (32, 58);
insert into IS_HOSTED (Id_COOKING_SPACES, Id_EVENTS) values (40, 59);
insert into IS_HOSTED (Id_COOKING_SPACES, Id_EVENTS) values (15, 60);
insert into IS_HOSTED (Id_COOKING_SPACES, Id_EVENTS) values (4, 61);
insert into IS_HOSTED (Id_COOKING_SPACES, Id_EVENTS) values (50, 62);
insert into IS_HOSTED (Id_COOKING_SPACES, Id_EVENTS) values (33, 63);
insert into IS_HOSTED (Id_COOKING_SPACES, Id_EVENTS) values (9, 64);
insert into IS_HOSTED (Id_COOKING_SPACES, Id_EVENTS) values (11, 65);
insert into IS_HOSTED (Id_COOKING_SPACES, Id_EVENTS) values (1, 66);
insert into IS_HOSTED (Id_COOKING_SPACES, Id_EVENTS) values (46, 67);
insert into IS_HOSTED (Id_COOKING_SPACES, Id_EVENTS) values (40, 68);
insert into IS_HOSTED (Id_COOKING_SPACES, Id_EVENTS) values (46, 69);
insert into IS_HOSTED (Id_COOKING_SPACES, Id_EVENTS) values (13, 70);
insert into IS_HOSTED (Id_COOKING_SPACES, Id_EVENTS) values (25, 71);
insert into IS_HOSTED (Id_COOKING_SPACES, Id_EVENTS) values (22, 72);
insert into IS_HOSTED (Id_COOKING_SPACES, Id_EVENTS) values (1, 73);
insert into IS_HOSTED (Id_COOKING_SPACES, Id_EVENTS) values (15, 74);
insert into IS_HOSTED (Id_COOKING_SPACES, Id_EVENTS) values (10, 75);
insert into IS_HOSTED (Id_COOKING_SPACES, Id_EVENTS) values (8, 76);
insert into IS_HOSTED (Id_COOKING_SPACES, Id_EVENTS) values (1, 77);
insert into IS_HOSTED (Id_COOKING_SPACES, Id_EVENTS) values (11, 78);
insert into IS_HOSTED (Id_COOKING_SPACES, Id_EVENTS) values (44, 79);
insert into IS_HOSTED (Id_COOKING_SPACES, Id_EVENTS) values (37, 80);
insert into IS_HOSTED (Id_COOKING_SPACES, Id_EVENTS) values (12, 81);
insert into IS_HOSTED (Id_COOKING_SPACES, Id_EVENTS) values (35, 82);
insert into IS_HOSTED (Id_COOKING_SPACES, Id_EVENTS) values (39, 83);
insert into IS_HOSTED (Id_COOKING_SPACES, Id_EVENTS) values (47, 84);
insert into IS_HOSTED (Id_COOKING_SPACES, Id_EVENTS) values (27, 85);
insert into IS_HOSTED (Id_COOKING_SPACES, Id_EVENTS) values (27, 86);
insert into IS_HOSTED (Id_COOKING_SPACES, Id_EVENTS) values (6, 87);
insert into IS_HOSTED (Id_COOKING_SPACES, Id_EVENTS) values (33, 88);
insert into IS_HOSTED (Id_COOKING_SPACES, Id_EVENTS) values (9, 89);
insert into IS_HOSTED (Id_COOKING_SPACES, Id_EVENTS) values (22, 90);
insert into IS_HOSTED (Id_COOKING_SPACES, Id_EVENTS) values (30, 91);
insert into IS_HOSTED (Id_COOKING_SPACES, Id_EVENTS) values (50, 92);
insert into IS_HOSTED (Id_COOKING_SPACES, Id_EVENTS) values (33, 93);
insert into IS_HOSTED (Id_COOKING_SPACES, Id_EVENTS) values (43, 94);
insert into IS_HOSTED (Id_COOKING_SPACES, Id_EVENTS) values (42, 95);
insert into IS_HOSTED (Id_COOKING_SPACES, Id_EVENTS) values (43, 96);
insert into IS_HOSTED (Id_COOKING_SPACES, Id_EVENTS) values (3, 97);
insert into IS_HOSTED (Id_COOKING_SPACES, Id_EVENTS) values (19, 98);
insert into IS_HOSTED (Id_COOKING_SPACES, Id_EVENTS) values (13, 99);
insert into IS_HOSTED (Id_COOKING_SPACES, Id_EVENTS) values (12, 100);
insert into IS_HOSTED (Id_COOKING_SPACES, Id_EVENTS) values (23, 101);
insert into IS_HOSTED (Id_COOKING_SPACES, Id_EVENTS) values (33, 102);
insert into IS_HOSTED (Id_COOKING_SPACES, Id_EVENTS) values (12, 103);
insert into IS_HOSTED (Id_COOKING_SPACES, Id_EVENTS) values (19, 104);
insert into IS_HOSTED (Id_COOKING_SPACES, Id_EVENTS) values (9, 105);
insert into IS_HOSTED (Id_COOKING_SPACES, Id_EVENTS) values (46, 106);
insert into IS_HOSTED (Id_COOKING_SPACES, Id_EVENTS) values (38, 107);
insert into IS_HOSTED (Id_COOKING_SPACES, Id_EVENTS) values (27, 108);
insert into IS_HOSTED (Id_COOKING_SPACES, Id_EVENTS) values (37, 109);
insert into IS_HOSTED (Id_COOKING_SPACES, Id_EVENTS) values (48, 110);
insert into IS_HOSTED (Id_COOKING_SPACES, Id_EVENTS) values (15, 111);
insert into IS_HOSTED (Id_COOKING_SPACES, Id_EVENTS) values (17, 112);
insert into IS_HOSTED (Id_COOKING_SPACES, Id_EVENTS) values (23, 113);
insert into IS_HOSTED (Id_COOKING_SPACES, Id_EVENTS) values (13, 114);
insert into IS_HOSTED (Id_COOKING_SPACES, Id_EVENTS) values (26, 115);
insert into IS_HOSTED (Id_COOKING_SPACES, Id_EVENTS) values (46, 116);
insert into IS_HOSTED (Id_COOKING_SPACES, Id_EVENTS) values (48, 117);
insert into IS_HOSTED (Id_COOKING_SPACES, Id_EVENTS) values (18, 118);
insert into IS_HOSTED (Id_COOKING_SPACES, Id_EVENTS) values (1, 119);
insert into IS_HOSTED (Id_COOKING_SPACES, Id_EVENTS) values (21, 120);
insert into IS_HOSTED (Id_COOKING_SPACES, Id_EVENTS) values (4, 121);
insert into IS_HOSTED (Id_COOKING_SPACES, Id_EVENTS) values (9, 122);
insert into IS_HOSTED (Id_COOKING_SPACES, Id_EVENTS) values (30, 123);
insert into IS_HOSTED (Id_COOKING_SPACES, Id_EVENTS) values (43, 124);
insert into IS_HOSTED (Id_COOKING_SPACES, Id_EVENTS) values (22, 125);
insert into IS_HOSTED (Id_COOKING_SPACES, Id_EVENTS) values (12, 126);
insert into IS_HOSTED (Id_COOKING_SPACES, Id_EVENTS) values (13, 127);
insert into IS_HOSTED (Id_COOKING_SPACES, Id_EVENTS) values (41, 128);
insert into IS_HOSTED (Id_COOKING_SPACES, Id_EVENTS) values (43, 129);
insert into IS_HOSTED (Id_COOKING_SPACES, Id_EVENTS) values (23, 130);
insert into IS_HOSTED (Id_COOKING_SPACES, Id_EVENTS) values (12, 131);
insert into IS_HOSTED (Id_COOKING_SPACES, Id_EVENTS) values (15, 132);
insert into IS_HOSTED (Id_COOKING_SPACES, Id_EVENTS) values (41, 133);
insert into IS_HOSTED (Id_COOKING_SPACES, Id_EVENTS) values (1, 134);
insert into IS_HOSTED (Id_COOKING_SPACES, Id_EVENTS) values (46, 135);
insert into IS_HOSTED (Id_COOKING_SPACES, Id_EVENTS) values (35, 136);
insert into IS_HOSTED (Id_COOKING_SPACES, Id_EVENTS) values (33, 137);
insert into IS_HOSTED (Id_COOKING_SPACES, Id_EVENTS) values (35, 138);
insert into IS_HOSTED (Id_COOKING_SPACES, Id_EVENTS) values (17, 139);
insert into IS_HOSTED (Id_COOKING_SPACES, Id_EVENTS) values (50, 140);
insert into IS_HOSTED (Id_COOKING_SPACES, Id_EVENTS) values (31, 141);
insert into IS_HOSTED (Id_COOKING_SPACES, Id_EVENTS) values (17, 142);
insert into IS_HOSTED (Id_COOKING_SPACES, Id_EVENTS) values (23, 143);
insert into IS_HOSTED (Id_COOKING_SPACES, Id_EVENTS) values (49, 144);
insert into IS_HOSTED (Id_COOKING_SPACES, Id_EVENTS) values (22, 145);
insert into IS_HOSTED (Id_COOKING_SPACES, Id_EVENTS) values (44, 146);
insert into IS_HOSTED (Id_COOKING_SPACES, Id_EVENTS) values (8, 147);
insert into IS_HOSTED (Id_COOKING_SPACES, Id_EVENTS) values (34, 148);
insert into IS_HOSTED (Id_COOKING_SPACES, Id_EVENTS) values (36, 149);
insert into IS_HOSTED (Id_COOKING_SPACES, Id_EVENTS) values (28, 150);
insert into IS_HOSTED (Id_COOKING_SPACES, Id_EVENTS) values (4, 151);
insert into IS_HOSTED (Id_COOKING_SPACES, Id_EVENTS) values (6, 152);
insert into IS_HOSTED (Id_COOKING_SPACES, Id_EVENTS) values (42, 153);
insert into IS_HOSTED (Id_COOKING_SPACES, Id_EVENTS) values (21, 154);
insert into IS_HOSTED (Id_COOKING_SPACES, Id_EVENTS) values (27, 155);
insert into IS_HOSTED (Id_COOKING_SPACES, Id_EVENTS) values (43, 156);
insert into IS_HOSTED (Id_COOKING_SPACES, Id_EVENTS) values (46, 157);
insert into IS_HOSTED (Id_COOKING_SPACES, Id_EVENTS) values (44, 158);
insert into IS_HOSTED (Id_COOKING_SPACES, Id_EVENTS) values (47, 159);
insert into IS_HOSTED (Id_COOKING_SPACES, Id_EVENTS) values (22, 160);
insert into IS_HOSTED (Id_COOKING_SPACES, Id_EVENTS) values (33, 161);
insert into IS_HOSTED (Id_COOKING_SPACES, Id_EVENTS) values (37, 162);
insert into IS_HOSTED (Id_COOKING_SPACES, Id_EVENTS) values (21, 163);
insert into IS_HOSTED (Id_COOKING_SPACES, Id_EVENTS) values (4, 164);
insert into IS_HOSTED (Id_COOKING_SPACES, Id_EVENTS) values (36, 165);
insert into IS_HOSTED (Id_COOKING_SPACES, Id_EVENTS) values (7, 166);
insert into IS_HOSTED (Id_COOKING_SPACES, Id_EVENTS) values (34, 167);
insert into IS_HOSTED (Id_COOKING_SPACES, Id_EVENTS) values (48, 168);
insert into IS_HOSTED (Id_COOKING_SPACES, Id_EVENTS) values (32, 169);
insert into IS_HOSTED (Id_COOKING_SPACES, Id_EVENTS) values (38, 170);
insert into IS_HOSTED (Id_COOKING_SPACES, Id_EVENTS) values (18, 171);
insert into IS_HOSTED (Id_COOKING_SPACES, Id_EVENTS) values (8, 172);
insert into IS_HOSTED (Id_COOKING_SPACES, Id_EVENTS) values (1, 173);
insert into IS_HOSTED (Id_COOKING_SPACES, Id_EVENTS) values (17, 174);
insert into IS_HOSTED (Id_COOKING_SPACES, Id_EVENTS) values (9, 175);
insert into IS_HOSTED (Id_COOKING_SPACES, Id_EVENTS) values (17, 176);
insert into IS_HOSTED (Id_COOKING_SPACES, Id_EVENTS) values (7, 177);
insert into IS_HOSTED (Id_COOKING_SPACES, Id_EVENTS) values (43, 178);
insert into IS_HOSTED (Id_COOKING_SPACES, Id_EVENTS) values (14, 179);
insert into IS_HOSTED (Id_COOKING_SPACES, Id_EVENTS) values (45, 180);
insert into IS_HOSTED (Id_COOKING_SPACES, Id_EVENTS) values (39, 181);
insert into IS_HOSTED (Id_COOKING_SPACES, Id_EVENTS) values (35, 182);
insert into IS_HOSTED (Id_COOKING_SPACES, Id_EVENTS) values (2, 183);
insert into IS_HOSTED (Id_COOKING_SPACES, Id_EVENTS) values (19, 184);
insert into IS_HOSTED (Id_COOKING_SPACES, Id_EVENTS) values (8, 185);
insert into IS_HOSTED (Id_COOKING_SPACES, Id_EVENTS) values (28, 186);
insert into IS_HOSTED (Id_COOKING_SPACES, Id_EVENTS) values (9, 187);
insert into IS_HOSTED (Id_COOKING_SPACES, Id_EVENTS) values (4, 188);
insert into IS_HOSTED (Id_COOKING_SPACES, Id_EVENTS) values (33, 189);
insert into IS_HOSTED (Id_COOKING_SPACES, Id_EVENTS) values (36, 190);
insert into IS_HOSTED (Id_COOKING_SPACES, Id_EVENTS) values (37, 191);
insert into IS_HOSTED (Id_COOKING_SPACES, Id_EVENTS) values (2, 192);
insert into IS_HOSTED (Id_COOKING_SPACES, Id_EVENTS) values (19, 193);
insert into IS_HOSTED (Id_COOKING_SPACES, Id_EVENTS) values (17, 194);
insert into IS_HOSTED (Id_COOKING_SPACES, Id_EVENTS) values (46, 195);
insert into IS_HOSTED (Id_COOKING_SPACES, Id_EVENTS) values (34, 196);
insert into IS_HOSTED (Id_COOKING_SPACES, Id_EVENTS) values (45, 197);
insert into IS_HOSTED (Id_COOKING_SPACES, Id_EVENTS) values (27, 198);
insert into IS_HOSTED (Id_COOKING_SPACES, Id_EVENTS) values (39, 199);
insert into IS_HOSTED (Id_COOKING_SPACES, Id_EVENTS) values (39, 200);
insert into ORGANIZES (Id_MANAGERS, Id_EVENTS) values (7, 1);
insert into ORGANIZES (Id_MANAGERS, Id_EVENTS) values (7, 2);
insert into ORGANIZES (Id_MANAGERS, Id_EVENTS) values (10, 3);
insert into ORGANIZES (Id_MANAGERS, Id_EVENTS) values (9, 4);
insert into ORGANIZES (Id_MANAGERS, Id_EVENTS) values (8, 5);
insert into ORGANIZES (Id_MANAGERS, Id_EVENTS) values (3, 6);
insert into ORGANIZES (Id_MANAGERS, Id_EVENTS) values (6, 7);
insert into ORGANIZES (Id_MANAGERS, Id_EVENTS) values (3, 8);
insert into ORGANIZES (Id_MANAGERS, Id_EVENTS) values (3, 9);
insert into ORGANIZES (Id_MANAGERS, Id_EVENTS) values (9, 10);
insert into ORGANIZES (Id_MANAGERS, Id_EVENTS) values (7, 11);
insert into ORGANIZES (Id_MANAGERS, Id_EVENTS) values (1, 12);
insert into ORGANIZES (Id_MANAGERS, Id_EVENTS) values (7, 13);
insert into ORGANIZES (Id_MANAGERS, Id_EVENTS) values (8, 14);
insert into ORGANIZES (Id_MANAGERS, Id_EVENTS) values (2, 15);
insert into ORGANIZES (Id_MANAGERS, Id_EVENTS) values (2, 16);
insert into ORGANIZES (Id_MANAGERS, Id_EVENTS) values (7, 17);
insert into ORGANIZES (Id_MANAGERS, Id_EVENTS) values (5, 18);
insert into ORGANIZES (Id_MANAGERS, Id_EVENTS) values (2, 19);
insert into ORGANIZES (Id_MANAGERS, Id_EVENTS) values (4, 20);
insert into ORGANIZES (Id_MANAGERS, Id_EVENTS) values (7, 21);
insert into ORGANIZES (Id_MANAGERS, Id_EVENTS) values (9, 22);
insert into ORGANIZES (Id_MANAGERS, Id_EVENTS) values (8, 23);
insert into ORGANIZES (Id_MANAGERS, Id_EVENTS) values (8, 24);
insert into ORGANIZES (Id_MANAGERS, Id_EVENTS) values (8, 25);
insert into ORGANIZES (Id_MANAGERS, Id_EVENTS) values (7, 26);
insert into ORGANIZES (Id_MANAGERS, Id_EVENTS) values (9, 27);
insert into ORGANIZES (Id_MANAGERS, Id_EVENTS) values (4, 28);
insert into ORGANIZES (Id_MANAGERS, Id_EVENTS) values (4, 29);
insert into ORGANIZES (Id_MANAGERS, Id_EVENTS) values (2, 30);
insert into ORGANIZES (Id_MANAGERS, Id_EVENTS) values (3, 31);
insert into ORGANIZES (Id_MANAGERS, Id_EVENTS) values (2, 32);
insert into ORGANIZES (Id_MANAGERS, Id_EVENTS) values (8, 33);
insert into ORGANIZES (Id_MANAGERS, Id_EVENTS) values (9, 34);
insert into ORGANIZES (Id_MANAGERS, Id_EVENTS) values (3, 35);
insert into ORGANIZES (Id_MANAGERS, Id_EVENTS) values (5, 36);
insert into ORGANIZES (Id_MANAGERS, Id_EVENTS) values (5, 37);
insert into ORGANIZES (Id_MANAGERS, Id_EVENTS) values (7, 38);
insert into ORGANIZES (Id_MANAGERS, Id_EVENTS) values (4, 39);
insert into ORGANIZES (Id_MANAGERS, Id_EVENTS) values (8, 40);
insert into ORGANIZES (Id_MANAGERS, Id_EVENTS) values (2, 41);
insert into ORGANIZES (Id_MANAGERS, Id_EVENTS) values (7, 42);
insert into ORGANIZES (Id_MANAGERS, Id_EVENTS) values (5, 43);
insert into ORGANIZES (Id_MANAGERS, Id_EVENTS) values (1, 44);
insert into ORGANIZES (Id_MANAGERS, Id_EVENTS) values (3, 45);
insert into ORGANIZES (Id_MANAGERS, Id_EVENTS) values (2, 46);
insert into ORGANIZES (Id_MANAGERS, Id_EVENTS) values (9, 47);
insert into ORGANIZES (Id_MANAGERS, Id_EVENTS) values (1, 48);
insert into ORGANIZES (Id_MANAGERS, Id_EVENTS) values (9, 49);
insert into ORGANIZES (Id_MANAGERS, Id_EVENTS) values (1, 50);
insert into ORGANIZES (Id_MANAGERS, Id_EVENTS) values (10, 51);
insert into ORGANIZES (Id_MANAGERS, Id_EVENTS) values (5, 52);
insert into ORGANIZES (Id_MANAGERS, Id_EVENTS) values (4, 53);
insert into ORGANIZES (Id_MANAGERS, Id_EVENTS) values (2, 54);
insert into ORGANIZES (Id_MANAGERS, Id_EVENTS) values (1, 55);
insert into ORGANIZES (Id_MANAGERS, Id_EVENTS) values (3, 56);
insert into ORGANIZES (Id_MANAGERS, Id_EVENTS) values (6, 57);
insert into ORGANIZES (Id_MANAGERS, Id_EVENTS) values (4, 58);
insert into ORGANIZES (Id_MANAGERS, Id_EVENTS) values (7, 59);
insert into ORGANIZES (Id_MANAGERS, Id_EVENTS) values (7, 60);
insert into ORGANIZES (Id_MANAGERS, Id_EVENTS) values (4, 61);
insert into ORGANIZES (Id_MANAGERS, Id_EVENTS) values (5, 62);
insert into ORGANIZES (Id_MANAGERS, Id_EVENTS) values (7, 63);
insert into ORGANIZES (Id_MANAGERS, Id_EVENTS) values (2, 64);
insert into ORGANIZES (Id_MANAGERS, Id_EVENTS) values (3, 65);
insert into ORGANIZES (Id_MANAGERS, Id_EVENTS) values (10, 66);
insert into ORGANIZES (Id_MANAGERS, Id_EVENTS) values (7, 67);
insert into ORGANIZES (Id_MANAGERS, Id_EVENTS) values (4, 68);
insert into ORGANIZES (Id_MANAGERS, Id_EVENTS) values (3, 69);
insert into ORGANIZES (Id_MANAGERS, Id_EVENTS) values (8, 70);
insert into ORGANIZES (Id_MANAGERS, Id_EVENTS) values (10, 71);
insert into ORGANIZES (Id_MANAGERS, Id_EVENTS) values (10, 72);
insert into ORGANIZES (Id_MANAGERS, Id_EVENTS) values (6, 73);
insert into ORGANIZES (Id_MANAGERS, Id_EVENTS) values (6, 74);
insert into ORGANIZES (Id_MANAGERS, Id_EVENTS) values (10, 75);
insert into ORGANIZES (Id_MANAGERS, Id_EVENTS) values (9, 76);
insert into ORGANIZES (Id_MANAGERS, Id_EVENTS) values (6, 77);
insert into ORGANIZES (Id_MANAGERS, Id_EVENTS) values (7, 78);
insert into ORGANIZES (Id_MANAGERS, Id_EVENTS) values (1, 79);
insert into ORGANIZES (Id_MANAGERS, Id_EVENTS) values (1, 80);
insert into ORGANIZES (Id_MANAGERS, Id_EVENTS) values (9, 81);
insert into ORGANIZES (Id_MANAGERS, Id_EVENTS) values (4, 82);
insert into ORGANIZES (Id_MANAGERS, Id_EVENTS) values (1, 83);
insert into ORGANIZES (Id_MANAGERS, Id_EVENTS) values (10, 84);
insert into ORGANIZES (Id_MANAGERS, Id_EVENTS) values (2, 85);
insert into ORGANIZES (Id_MANAGERS, Id_EVENTS) values (4, 86);
insert into ORGANIZES (Id_MANAGERS, Id_EVENTS) values (10, 87);
insert into ORGANIZES (Id_MANAGERS, Id_EVENTS) values (9, 88);
insert into ORGANIZES (Id_MANAGERS, Id_EVENTS) values (3, 89);
insert into ORGANIZES (Id_MANAGERS, Id_EVENTS) values (4, 90);
insert into ORGANIZES (Id_MANAGERS, Id_EVENTS) values (4, 91);
insert into ORGANIZES (Id_MANAGERS, Id_EVENTS) values (7, 92);
insert into ORGANIZES (Id_MANAGERS, Id_EVENTS) values (2, 93);
insert into ORGANIZES (Id_MANAGERS, Id_EVENTS) values (8, 94);
insert into ORGANIZES (Id_MANAGERS, Id_EVENTS) values (10, 95);
insert into ORGANIZES (Id_MANAGERS, Id_EVENTS) values (9, 96);
insert into ORGANIZES (Id_MANAGERS, Id_EVENTS) values (7, 97);
insert into ORGANIZES (Id_MANAGERS, Id_EVENTS) values (1, 98);
insert into ORGANIZES (Id_MANAGERS, Id_EVENTS) values (2, 99);
insert into ORGANIZES (Id_MANAGERS, Id_EVENTS) values (7, 100);
insert into ORGANIZES (Id_MANAGERS, Id_EVENTS) values (5, 101);
insert into ORGANIZES (Id_MANAGERS, Id_EVENTS) values (5, 102);
insert into ORGANIZES (Id_MANAGERS, Id_EVENTS) values (5, 103);
insert into ORGANIZES (Id_MANAGERS, Id_EVENTS) values (3, 104);
insert into ORGANIZES (Id_MANAGERS, Id_EVENTS) values (9, 105);
insert into ORGANIZES (Id_MANAGERS, Id_EVENTS) values (1, 106);
insert into ORGANIZES (Id_MANAGERS, Id_EVENTS) values (5, 107);
insert into ORGANIZES (Id_MANAGERS, Id_EVENTS) values (10, 108);
insert into ORGANIZES (Id_MANAGERS, Id_EVENTS) values (3, 109);
insert into ORGANIZES (Id_MANAGERS, Id_EVENTS) values (6, 110);
insert into ORGANIZES (Id_MANAGERS, Id_EVENTS) values (10, 111);
insert into ORGANIZES (Id_MANAGERS, Id_EVENTS) values (4, 112);
insert into ORGANIZES (Id_MANAGERS, Id_EVENTS) values (9, 113);
insert into ORGANIZES (Id_MANAGERS, Id_EVENTS) values (10, 114);
insert into ORGANIZES (Id_MANAGERS, Id_EVENTS) values (2, 115);
insert into ORGANIZES (Id_MANAGERS, Id_EVENTS) values (3, 116);
insert into ORGANIZES (Id_MANAGERS, Id_EVENTS) values (8, 117);
insert into ORGANIZES (Id_MANAGERS, Id_EVENTS) values (6, 118);
insert into ORGANIZES (Id_MANAGERS, Id_EVENTS) values (2, 119);
insert into ORGANIZES (Id_MANAGERS, Id_EVENTS) values (5, 120);
insert into ORGANIZES (Id_MANAGERS, Id_EVENTS) values (7, 121);
insert into ORGANIZES (Id_MANAGERS, Id_EVENTS) values (9, 122);
insert into ORGANIZES (Id_MANAGERS, Id_EVENTS) values (4, 123);
insert into ORGANIZES (Id_MANAGERS, Id_EVENTS) values (4, 124);
insert into ORGANIZES (Id_MANAGERS, Id_EVENTS) values (4, 125);
insert into ORGANIZES (Id_MANAGERS, Id_EVENTS) values (3, 126);
insert into ORGANIZES (Id_MANAGERS, Id_EVENTS) values (5, 127);
insert into ORGANIZES (Id_MANAGERS, Id_EVENTS) values (2, 128);
insert into ORGANIZES (Id_MANAGERS, Id_EVENTS) values (10, 129);
insert into ORGANIZES (Id_MANAGERS, Id_EVENTS) values (1, 130);
insert into ORGANIZES (Id_MANAGERS, Id_EVENTS) values (6, 131);
insert into ORGANIZES (Id_MANAGERS, Id_EVENTS) values (2, 132);
insert into ORGANIZES (Id_MANAGERS, Id_EVENTS) values (8, 133);
insert into ORGANIZES (Id_MANAGERS, Id_EVENTS) values (5, 134);
insert into ORGANIZES (Id_MANAGERS, Id_EVENTS) values (1, 135);
insert into ORGANIZES (Id_MANAGERS, Id_EVENTS) values (1, 136);
insert into ORGANIZES (Id_MANAGERS, Id_EVENTS) values (1, 137);
insert into ORGANIZES (Id_MANAGERS, Id_EVENTS) values (1, 138);
insert into ORGANIZES (Id_MANAGERS, Id_EVENTS) values (9, 139);
insert into ORGANIZES (Id_MANAGERS, Id_EVENTS) values (6, 140);
insert into ORGANIZES (Id_MANAGERS, Id_EVENTS) values (9, 141);
insert into ORGANIZES (Id_MANAGERS, Id_EVENTS) values (9, 142);
insert into ORGANIZES (Id_MANAGERS, Id_EVENTS) values (5, 143);
insert into ORGANIZES (Id_MANAGERS, Id_EVENTS) values (4, 144);
insert into ORGANIZES (Id_MANAGERS, Id_EVENTS) values (2, 145);
insert into ORGANIZES (Id_MANAGERS, Id_EVENTS) values (7, 146);
insert into ORGANIZES (Id_MANAGERS, Id_EVENTS) values (9, 147);
insert into ORGANIZES (Id_MANAGERS, Id_EVENTS) values (6, 148);
insert into ORGANIZES (Id_MANAGERS, Id_EVENTS) values (7, 149);
insert into ORGANIZES (Id_MANAGERS, Id_EVENTS) values (5, 150);
insert into ORGANIZES (Id_MANAGERS, Id_EVENTS) values (2, 151);
insert into ORGANIZES (Id_MANAGERS, Id_EVENTS) values (5, 152);
insert into ORGANIZES (Id_MANAGERS, Id_EVENTS) values (1, 153);
insert into ORGANIZES (Id_MANAGERS, Id_EVENTS) values (1, 154);
insert into ORGANIZES (Id_MANAGERS, Id_EVENTS) values (3, 155);
insert into ORGANIZES (Id_MANAGERS, Id_EVENTS) values (1, 156);
insert into ORGANIZES (Id_MANAGERS, Id_EVENTS) values (4, 157);
insert into ORGANIZES (Id_MANAGERS, Id_EVENTS) values (9, 158);
insert into ORGANIZES (Id_MANAGERS, Id_EVENTS) values (10, 159);
insert into ORGANIZES (Id_MANAGERS, Id_EVENTS) values (8, 160);
insert into ORGANIZES (Id_MANAGERS, Id_EVENTS) values (2, 161);
insert into ORGANIZES (Id_MANAGERS, Id_EVENTS) values (1, 162);
insert into ORGANIZES (Id_MANAGERS, Id_EVENTS) values (10, 163);
insert into ORGANIZES (Id_MANAGERS, Id_EVENTS) values (4, 164);
insert into ORGANIZES (Id_MANAGERS, Id_EVENTS) values (2, 165);
insert into ORGANIZES (Id_MANAGERS, Id_EVENTS) values (1, 166);
insert into ORGANIZES (Id_MANAGERS, Id_EVENTS) values (6, 167);
insert into ORGANIZES (Id_MANAGERS, Id_EVENTS) values (10, 168);
insert into ORGANIZES (Id_MANAGERS, Id_EVENTS) values (3, 169);
insert into ORGANIZES (Id_MANAGERS, Id_EVENTS) values (3, 170);
insert into ORGANIZES (Id_MANAGERS, Id_EVENTS) values (2, 171);
insert into ORGANIZES (Id_MANAGERS, Id_EVENTS) values (5, 172);
insert into ORGANIZES (Id_MANAGERS, Id_EVENTS) values (8, 173);
insert into ORGANIZES (Id_MANAGERS, Id_EVENTS) values (4, 174);
insert into ORGANIZES (Id_MANAGERS, Id_EVENTS) values (4, 175);
insert into ORGANIZES (Id_MANAGERS, Id_EVENTS) values (9, 176);
insert into ORGANIZES (Id_MANAGERS, Id_EVENTS) values (6, 177);
insert into ORGANIZES (Id_MANAGERS, Id_EVENTS) values (3, 178);
insert into ORGANIZES (Id_MANAGERS, Id_EVENTS) values (9, 179);
insert into ORGANIZES (Id_MANAGERS, Id_EVENTS) values (4, 180);
insert into ORGANIZES (Id_MANAGERS, Id_EVENTS) values (8, 181);
insert into ORGANIZES (Id_MANAGERS, Id_EVENTS) values (9, 182);
insert into ORGANIZES (Id_MANAGERS, Id_EVENTS) values (8, 183);
insert into ORGANIZES (Id_MANAGERS, Id_EVENTS) values (9, 184);
insert into ORGANIZES (Id_MANAGERS, Id_EVENTS) values (7, 185);
insert into ORGANIZES (Id_MANAGERS, Id_EVENTS) values (6, 186);
insert into ORGANIZES (Id_MANAGERS, Id_EVENTS) values (10, 187);
insert into ORGANIZES (Id_MANAGERS, Id_EVENTS) values (4, 188);
insert into ORGANIZES (Id_MANAGERS, Id_EVENTS) values (8, 189);
insert into ORGANIZES (Id_MANAGERS, Id_EVENTS) values (6, 190);
insert into ORGANIZES (Id_MANAGERS, Id_EVENTS) values (10, 191);
insert into ORGANIZES (Id_MANAGERS, Id_EVENTS) values (3, 192);
insert into ORGANIZES (Id_MANAGERS, Id_EVENTS) values (7, 193);
insert into ORGANIZES (Id_MANAGERS, Id_EVENTS) values (2, 194);
insert into ORGANIZES (Id_MANAGERS, Id_EVENTS) values (10, 195);
insert into ORGANIZES (Id_MANAGERS, Id_EVENTS) values (10, 196);
insert into ORGANIZES (Id_MANAGERS, Id_EVENTS) values (6, 197);
insert into ORGANIZES (Id_MANAGERS, Id_EVENTS) values (9, 198);
insert into ORGANIZES (Id_MANAGERS, Id_EVENTS) values (2, 199);
insert into ORGANIZES (Id_MANAGERS, Id_EVENTS) values (8, 200);
insert into PARTICIPATES (Id_CLIENTS, Id_EVENTS, isPresent) values (25, 160, false);
insert into PARTICIPATES (Id_CLIENTS, Id_EVENTS, isPresent) values (15, 128, true);
insert into PARTICIPATES (Id_CLIENTS, Id_EVENTS, isPresent) values (6, 76, false);
insert into PARTICIPATES (Id_CLIENTS, Id_EVENTS, isPresent) values (26, 34, false);
insert into PARTICIPATES (Id_CLIENTS, Id_EVENTS, isPresent) values (63, 164, false);
insert into PARTICIPATES (Id_CLIENTS, Id_EVENTS, isPresent) values (12, 84, true);
insert into PARTICIPATES (Id_CLIENTS, Id_EVENTS, isPresent) values (1, 158, true);
insert into PARTICIPATES (Id_CLIENTS, Id_EVENTS, isPresent) values (58, 46, false);
insert into PARTICIPATES (Id_CLIENTS, Id_EVENTS, isPresent) values (49, 78, true);
insert into PARTICIPATES (Id_CLIENTS, Id_EVENTS, isPresent) values (53, 94, false);
insert into PARTICIPATES (Id_CLIENTS, Id_EVENTS, isPresent) values (26, 130, true);
insert into PARTICIPATES (Id_CLIENTS, Id_EVENTS, isPresent) values (68, 104, false);
insert into PARTICIPATES (Id_CLIENTS, Id_EVENTS, isPresent) values (47, 8, true);
insert into PARTICIPATES (Id_CLIENTS, Id_EVENTS, isPresent) values (8, 62, false);
insert into PARTICIPATES (Id_CLIENTS, Id_EVENTS, isPresent) values (20, 32, false);
insert into PARTICIPATES (Id_CLIENTS, Id_EVENTS, isPresent) values (35, 122, true);
insert into PARTICIPATES (Id_CLIENTS, Id_EVENTS, isPresent) values (23, 94, true);
insert into PARTICIPATES (Id_CLIENTS, Id_EVENTS, isPresent) values (33, 119, true);
insert into PARTICIPATES (Id_CLIENTS, Id_EVENTS, isPresent) values (5, 3, false);
insert into PARTICIPATES (Id_CLIENTS, Id_EVENTS, isPresent) values (36, 155, false);
insert into PARTICIPATES (Id_CLIENTS, Id_EVENTS, isPresent) values (45, 66, false);
insert into PARTICIPATES (Id_CLIENTS, Id_EVENTS, isPresent) values (37, 164, true);
insert into PARTICIPATES (Id_CLIENTS, Id_EVENTS, isPresent) values (22, 36, false);
insert into PARTICIPATES (Id_CLIENTS, Id_EVENTS, isPresent) values (31, 180, true);
insert into PARTICIPATES (Id_CLIENTS, Id_EVENTS, isPresent) values (61, 192, false);
insert into PARTICIPATES (Id_CLIENTS, Id_EVENTS, isPresent) values (63, 193, false);
insert into PARTICIPATES (Id_CLIENTS, Id_EVENTS, isPresent) values (57, 11, false);
insert into PARTICIPATES (Id_CLIENTS, Id_EVENTS, isPresent) values (69, 39, false);
insert into PARTICIPATES (Id_CLIENTS, Id_EVENTS, isPresent) values (69, 40, true);
insert into PARTICIPATES (Id_CLIENTS, Id_EVENTS, isPresent) values (41, 51, false);
insert into PARTICIPATES (Id_CLIENTS, Id_EVENTS, isPresent) values (38, 66, true);
insert into PARTICIPATES (Id_CLIENTS, Id_EVENTS, isPresent) values (34, 3, false);
insert into PARTICIPATES (Id_CLIENTS, Id_EVENTS, isPresent) values (13, 128, false);
insert into PARTICIPATES (Id_CLIENTS, Id_EVENTS, isPresent) values (1, 134, true);
insert into PARTICIPATES (Id_CLIENTS, Id_EVENTS, isPresent) values (46, 32, false);
insert into PARTICIPATES (Id_CLIENTS, Id_EVENTS, isPresent) values (8, 183, false);
insert into PARTICIPATES (Id_CLIENTS, Id_EVENTS, isPresent) values (50, 179, false);
insert into PARTICIPATES (Id_CLIENTS, Id_EVENTS, isPresent) values (10, 121, true);
insert into PARTICIPATES (Id_CLIENTS, Id_EVENTS, isPresent) values (47, 139, true);
insert into PARTICIPATES (Id_CLIENTS, Id_EVENTS, isPresent) values (40, 31, false);
insert into PARTICIPATES (Id_CLIENTS, Id_EVENTS, isPresent) values (27, 67, false);
insert into PARTICIPATES (Id_CLIENTS, Id_EVENTS, isPresent) values (32, 107, false);
insert into PARTICIPATES (Id_CLIENTS, Id_EVENTS, isPresent) values (56, 171, false);
insert into PARTICIPATES (Id_CLIENTS, Id_EVENTS, isPresent) values (13, 134, true);
insert into PARTICIPATES (Id_CLIENTS, Id_EVENTS, isPresent) values (47, 101, false);
insert into PARTICIPATES (Id_CLIENTS, Id_EVENTS, isPresent) values (50, 41, false);
insert into PARTICIPATES (Id_CLIENTS, Id_EVENTS, isPresent) values (43, 200, true);
insert into PARTICIPATES (Id_CLIENTS, Id_EVENTS, isPresent) values (6, 103, false);
insert into PARTICIPATES (Id_CLIENTS, Id_EVENTS, isPresent) values (53, 119, false);
insert into PARTICIPATES (Id_CLIENTS, Id_EVENTS, isPresent) values (14, 3, true);
insert into PARTICIPATES (Id_CLIENTS, Id_EVENTS, isPresent) values (58, 18, true);
insert into PARTICIPATES (Id_CLIENTS, Id_EVENTS, isPresent) values (16, 84, true);
insert into PARTICIPATES (Id_CLIENTS, Id_EVENTS, isPresent) values (23, 56, true);
insert into PARTICIPATES (Id_CLIENTS, Id_EVENTS, isPresent) values (10, 123, false);
insert into PARTICIPATES (Id_CLIENTS, Id_EVENTS, isPresent) values (15, 180, false);
insert into PARTICIPATES (Id_CLIENTS, Id_EVENTS, isPresent) values (45, 38, false);
insert into PARTICIPATES (Id_CLIENTS, Id_EVENTS, isPresent) values (57, 5, false);
insert into PARTICIPATES (Id_CLIENTS, Id_EVENTS, isPresent) values (18, 14, true);
insert into PARTICIPATES (Id_CLIENTS, Id_EVENTS, isPresent) values (28, 98, true);
insert into PARTICIPATES (Id_CLIENTS, Id_EVENTS, isPresent) values (11, 180, true);
insert into PARTICIPATES (Id_CLIENTS, Id_EVENTS, isPresent) values (10, 95, false);
insert into PARTICIPATES (Id_CLIENTS, Id_EVENTS, isPresent) values (26, 50, false);
insert into PARTICIPATES (Id_CLIENTS, Id_EVENTS, isPresent) values (57, 96, true);
insert into PARTICIPATES (Id_CLIENTS, Id_EVENTS, isPresent) values (24, 188, true);
insert into PARTICIPATES (Id_CLIENTS, Id_EVENTS, isPresent) values (56, 187, true);
insert into PARTICIPATES (Id_CLIENTS, Id_EVENTS, isPresent) values (56, 134, true);
insert into PARTICIPATES (Id_CLIENTS, Id_EVENTS, isPresent) values (39, 193, false);
insert into PARTICIPATES (Id_CLIENTS, Id_EVENTS, isPresent) values (33, 48, true);
insert into PARTICIPATES (Id_CLIENTS, Id_EVENTS, isPresent) values (32, 105, true);
insert into PARTICIPATES (Id_CLIENTS, Id_EVENTS, isPresent) values (67, 191, false);
insert into PARTICIPATES (Id_CLIENTS, Id_EVENTS, isPresent) values (42, 102, true);
insert into PARTICIPATES (Id_CLIENTS, Id_EVENTS, isPresent) values (66, 65, false);
insert into PARTICIPATES (Id_CLIENTS, Id_EVENTS, isPresent) values (43, 175, false);
insert into PARTICIPATES (Id_CLIENTS, Id_EVENTS, isPresent) values (20, 99, false);
insert into PARTICIPATES (Id_CLIENTS, Id_EVENTS, isPresent) values (58, 4, false);
insert into PARTICIPATES (Id_CLIENTS, Id_EVENTS, isPresent) values (2, 195, false);
insert into PARTICIPATES (Id_CLIENTS, Id_EVENTS, isPresent) values (70, 195, true);
insert into PARTICIPATES (Id_CLIENTS, Id_EVENTS, isPresent) values (11, 198, false);
insert into PARTICIPATES (Id_CLIENTS, Id_EVENTS, isPresent) values (54, 158, true);
insert into PARTICIPATES (Id_CLIENTS, Id_EVENTS, isPresent) values (45, 135, true);
insert into PARTICIPATES (Id_CLIENTS, Id_EVENTS, isPresent) values (5, 55, true);
insert into PARTICIPATES (Id_CLIENTS, Id_EVENTS, isPresent) values (63, 120, false);
insert into PARTICIPATES (Id_CLIENTS, Id_EVENTS, isPresent) values (29, 115, false);
insert into PARTICIPATES (Id_CLIENTS, Id_EVENTS, isPresent) values (39, 16, true);
insert into PARTICIPATES (Id_CLIENTS, Id_EVENTS, isPresent) values (9, 34, true);
insert into PARTICIPATES (Id_CLIENTS, Id_EVENTS, isPresent) values (57, 120, false);
insert into PARTICIPATES (Id_CLIENTS, Id_EVENTS, isPresent) values (1, 28, false);
insert into PARTICIPATES (Id_CLIENTS, Id_EVENTS, isPresent) values (58, 137, true);
insert into PARTICIPATES (Id_CLIENTS, Id_EVENTS, isPresent) values (42, 85, true);
insert into PARTICIPATES (Id_CLIENTS, Id_EVENTS, isPresent) values (22, 66, true);
insert into PARTICIPATES (Id_CLIENTS, Id_EVENTS, isPresent) values (50, 48, true);
insert into PARTICIPATES (Id_CLIENTS, Id_EVENTS, isPresent) values (41, 97, true);
insert into PARTICIPATES (Id_CLIENTS, Id_EVENTS, isPresent) values (5, 173, false);
insert into PARTICIPATES (Id_CLIENTS, Id_EVENTS, isPresent) values (16, 114, false);
insert into PARTICIPATES (Id_CLIENTS, Id_EVENTS, isPresent) values (55, 74, true);
insert into PARTICIPATES (Id_CLIENTS, Id_EVENTS, isPresent) values (52, 82, false);
insert into PARTICIPATES (Id_CLIENTS, Id_EVENTS, isPresent) values (67, 47, true);
insert into PARTICIPATES (Id_CLIENTS, Id_EVENTS, isPresent) values (49, 14, false);
insert into PARTICIPATES (Id_CLIENTS, Id_EVENTS, isPresent) values (63, 62, false);
insert into PARTICIPATES (Id_CLIENTS, Id_EVENTS, isPresent) values (32, 106, false);
insert into PARTICIPATES (Id_CLIENTS, Id_EVENTS, isPresent) values (64, 158, true);
insert into PARTICIPATES (Id_CLIENTS, Id_EVENTS, isPresent) values (24, 137, false);
insert into PARTICIPATES (Id_CLIENTS, Id_EVENTS, isPresent) values (66, 80, false);
insert into PARTICIPATES (Id_CLIENTS, Id_EVENTS, isPresent) values (13, 32, true);
insert into PARTICIPATES (Id_CLIENTS, Id_EVENTS, isPresent) values (32, 55, false);
insert into PARTICIPATES (Id_CLIENTS, Id_EVENTS, isPresent) values (18, 131, true);
insert into PARTICIPATES (Id_CLIENTS, Id_EVENTS, isPresent) values (30, 86, false);
insert into PARTICIPATES (Id_CLIENTS, Id_EVENTS, isPresent) values (15, 121, false);
insert into PARTICIPATES (Id_CLIENTS, Id_EVENTS, isPresent) values (52, 126, false);
insert into PARTICIPATES (Id_CLIENTS, Id_EVENTS, isPresent) values (49, 140, false);
insert into PARTICIPATES (Id_CLIENTS, Id_EVENTS, isPresent) values (1, 111, true);
insert into PARTICIPATES (Id_CLIENTS, Id_EVENTS, isPresent) values (51, 26, true);
insert into PARTICIPATES (Id_CLIENTS, Id_EVENTS, isPresent) values (30, 146, false);
insert into PARTICIPATES (Id_CLIENTS, Id_EVENTS, isPresent) values (49, 70, true);
insert into PARTICIPATES (Id_CLIENTS, Id_EVENTS, isPresent) values (1, 107, true);
insert into PARTICIPATES (Id_CLIENTS, Id_EVENTS, isPresent) values (63, 67, false);
insert into PARTICIPATES (Id_CLIENTS, Id_EVENTS, isPresent) values (68, 118, false);
insert into PARTICIPATES (Id_CLIENTS, Id_EVENTS, isPresent) values (27, 79, true);
insert into PARTICIPATES (Id_CLIENTS, Id_EVENTS, isPresent) values (20, 45, true);
insert into PARTICIPATES (Id_CLIENTS, Id_EVENTS, isPresent) values (58, 111, false);
insert into PARTICIPATES (Id_CLIENTS, Id_EVENTS, isPresent) values (27, 36, false);
insert into PARTICIPATES (Id_CLIENTS, Id_EVENTS, isPresent) values (7, 2, false);
insert into PARTICIPATES (Id_CLIENTS, Id_EVENTS, isPresent) values (1, 165, false);
insert into PARTICIPATES (Id_CLIENTS, Id_EVENTS, isPresent) values (66, 147, false);
insert into PARTICIPATES (Id_CLIENTS, Id_EVENTS, isPresent) values (30, 174, false);
insert into PARTICIPATES (Id_CLIENTS, Id_EVENTS, isPresent) values (51, 181, true);
insert into PARTICIPATES (Id_CLIENTS, Id_EVENTS, isPresent) values (63, 53, true);
insert into PARTICIPATES (Id_CLIENTS, Id_EVENTS, isPresent) values (27, 46, true);
insert into PARTICIPATES (Id_CLIENTS, Id_EVENTS, isPresent) values (58, 164, true);
insert into PARTICIPATES (Id_CLIENTS, Id_EVENTS, isPresent) values (6, 89, true);
insert into PARTICIPATES (Id_CLIENTS, Id_EVENTS, isPresent) values (8, 98, false);
insert into PARTICIPATES (Id_CLIENTS, Id_EVENTS, isPresent) values (53, 141, true);
insert into PARTICIPATES (Id_CLIENTS, Id_EVENTS, isPresent) values (13, 40, true);
insert into PARTICIPATES (Id_CLIENTS, Id_EVENTS, isPresent) values (11, 22, true);
insert into PARTICIPATES (Id_CLIENTS, Id_EVENTS, isPresent) values (30, 22, false);
insert into PARTICIPATES (Id_CLIENTS, Id_EVENTS, isPresent) values (4, 44, true);
insert into PARTICIPATES (Id_CLIENTS, Id_EVENTS, isPresent) values (65, 9, false);
insert into PARTICIPATES (Id_CLIENTS, Id_EVENTS, isPresent) values (60, 78, false);
insert into PARTICIPATES (Id_CLIENTS, Id_EVENTS, isPresent) values (29, 78, true);
insert into PARTICIPATES (Id_CLIENTS, Id_EVENTS, isPresent) values (36, 180, false);
insert into PARTICIPATES (Id_CLIENTS, Id_EVENTS, isPresent) values (7, 48, true);
insert into PARTICIPATES (Id_CLIENTS, Id_EVENTS, isPresent) values (19, 20, true);
insert into PARTICIPATES (Id_CLIENTS, Id_EVENTS, isPresent) values (2, 120, false);
insert into PARTICIPATES (Id_CLIENTS, Id_EVENTS, isPresent) values (40, 188, false);
insert into PARTICIPATES (Id_CLIENTS, Id_EVENTS, isPresent) values (10, 34, true);
insert into PARTICIPATES (Id_CLIENTS, Id_EVENTS, isPresent) values (28, 71, false);
insert into PARTICIPATES (Id_CLIENTS, Id_EVENTS, isPresent) values (47, 186, false);
insert into PARTICIPATES (Id_CLIENTS, Id_EVENTS, isPresent) values (13, 148, false);
insert into PARTICIPATES (Id_CLIENTS, Id_EVENTS, isPresent) values (35, 80, false);
insert into PARTICIPATES (Id_CLIENTS, Id_EVENTS, isPresent) values (55, 6, false);
insert into PARTICIPATES (Id_CLIENTS, Id_EVENTS, isPresent) values (68, 187, false);
insert into PARTICIPATES (Id_CLIENTS, Id_EVENTS, isPresent) values (51, 171, false);
insert into PARTICIPATES (Id_CLIENTS, Id_EVENTS, isPresent) values (48, 119, false);
insert into PARTICIPATES (Id_CLIENTS, Id_EVENTS, isPresent) values (51, 109, false);
insert into PARTICIPATES (Id_CLIENTS, Id_EVENTS, isPresent) values (66, 62, true);
insert into PARTICIPATES (Id_CLIENTS, Id_EVENTS, isPresent) values (53, 198, true);
insert into PARTICIPATES (Id_CLIENTS, Id_EVENTS, isPresent) values (58, 136, false);
insert into PARTICIPATES (Id_CLIENTS, Id_EVENTS, isPresent) values (5, 122, false);
insert into PARTICIPATES (Id_CLIENTS, Id_EVENTS, isPresent) values (9, 78, true);
insert into PARTICIPATES (Id_CLIENTS, Id_EVENTS, isPresent) values (20, 19, false);
insert into PARTICIPATES (Id_CLIENTS, Id_EVENTS, isPresent) values (70, 80, false);
insert into PARTICIPATES (Id_CLIENTS, Id_EVENTS, isPresent) values (28, 166, true);
insert into PARTICIPATES (Id_CLIENTS, Id_EVENTS, isPresent) values (43, 29, true);
insert into PARTICIPATES (Id_CLIENTS, Id_EVENTS, isPresent) values (39, 107, true);
insert into PARTICIPATES (Id_CLIENTS, Id_EVENTS, isPresent) values (20, 176, true);
insert into PARTICIPATES (Id_CLIENTS, Id_EVENTS, isPresent) values (13, 15, false);
insert into PARTICIPATES (Id_CLIENTS, Id_EVENTS, isPresent) values (6, 109, false);
insert into PARTICIPATES (Id_CLIENTS, Id_EVENTS, isPresent) values (61, 24, false);
insert into PARTICIPATES (Id_CLIENTS, Id_EVENTS, isPresent) values (38, 18, false);
insert into PARTICIPATES (Id_CLIENTS, Id_EVENTS, isPresent) values (32, 88, true);
insert into PARTICIPATES (Id_CLIENTS, Id_EVENTS, isPresent) values (16, 174, true);
insert into PARTICIPATES (Id_CLIENTS, Id_EVENTS, isPresent) values (32, 40, false);
insert into PARTICIPATES (Id_CLIENTS, Id_EVENTS, isPresent) values (14, 50, true);
insert into PARTICIPATES (Id_CLIENTS, Id_EVENTS, isPresent) values (18, 28, false);
insert into PARTICIPATES (Id_CLIENTS, Id_EVENTS, isPresent) values (48, 199, false);
insert into PARTICIPATES (Id_CLIENTS, Id_EVENTS, isPresent) values (67, 102, true);
insert into PARTICIPATES (Id_CLIENTS, Id_EVENTS, isPresent) values (21, 23, true);
insert into PARTICIPATES (Id_CLIENTS, Id_EVENTS, isPresent) values (29, 61, false);
insert into PARTICIPATES (Id_CLIENTS, Id_EVENTS, isPresent) values (12, 146, true);
insert into PARTICIPATES (Id_CLIENTS, Id_EVENTS, isPresent) values (1, 105, true);
insert into PARTICIPATES (Id_CLIENTS, Id_EVENTS, isPresent) values (4, 107, true);
insert into PARTICIPATES (Id_CLIENTS, Id_EVENTS, isPresent) values (37, 116, false);
insert into PARTICIPATES (Id_CLIENTS, Id_EVENTS, isPresent) values (56, 103, true);
insert into PARTICIPATES (Id_CLIENTS, Id_EVENTS, isPresent) values (33, 47, false);
insert into PARTICIPATES (Id_CLIENTS, Id_EVENTS, isPresent) values (16, 17, false);
insert into PARTICIPATES (Id_CLIENTS, Id_EVENTS, isPresent) values (4, 164, true);
insert into PARTICIPATES (Id_CLIENTS, Id_EVENTS, isPresent) values (12, 60, true);
insert into PARTICIPATES (Id_CLIENTS, Id_EVENTS, isPresent) values (42, 94, false);
insert into PARTICIPATES (Id_CLIENTS, Id_EVENTS, isPresent) values (24, 84, true);
insert into PARTICIPATES (Id_CLIENTS, Id_EVENTS, isPresent) values (67, 142, true);
insert into PARTICIPATES (Id_CLIENTS, Id_EVENTS, isPresent) values (12, 103, true);
insert into PARTICIPATES (Id_CLIENTS, Id_EVENTS, isPresent) values (59, 158, true);
insert into PARTICIPATES (Id_CLIENTS, Id_EVENTS, isPresent) values (56, 89, true);
insert into PARTICIPATES (Id_CLIENTS, Id_EVENTS, isPresent) values (24, 128, false);
insert into PARTICIPATES (Id_CLIENTS, Id_EVENTS, isPresent) values (33, 109, true);
insert into PARTICIPATES (Id_CLIENTS, Id_EVENTS, isPresent) values (28, 136, true);
insert into PARTICIPATES (Id_CLIENTS, Id_EVENTS, isPresent) values (41, 22, true);
insert into PARTICIPATES (Id_CLIENTS, Id_EVENTS, isPresent) values (20, 97, true);
insert into PARTICIPATES (Id_CLIENTS, Id_EVENTS, isPresent) values (19, 10, true);
insert into PARTICIPATES (Id_CLIENTS, Id_EVENTS, isPresent) values (15, 90, false);
insert into PARTICIPATES (Id_CLIENTS, Id_EVENTS, isPresent) values (65, 121, false);
insert into PARTICIPATES (Id_CLIENTS, Id_EVENTS, isPresent) values (13, 139, false);
insert into PARTICIPATES (Id_CLIENTS, Id_EVENTS, isPresent) values (42, 129, false);
insert into PARTICIPATES (Id_CLIENTS, Id_EVENTS, isPresent) values (11, 122, true);
insert into PARTICIPATES (Id_CLIENTS, Id_EVENTS, isPresent) values (2, 76, true);
insert into PARTICIPATES (Id_CLIENTS, Id_EVENTS, isPresent) values (11, 119, true);
insert into PARTICIPATES (Id_CLIENTS, Id_EVENTS, isPresent) values (47, 120, false);
insert into PARTICIPATES (Id_CLIENTS, Id_EVENTS, isPresent) values (54, 141, true);
insert into PARTICIPATES (Id_CLIENTS, Id_EVENTS, isPresent) values (30, 74, false);
insert into PARTICIPATES (Id_CLIENTS, Id_EVENTS, isPresent) values (3, 33, false);
insert into PARTICIPATES (Id_CLIENTS, Id_EVENTS, isPresent) values (65, 82, true);
insert into PARTICIPATES (Id_CLIENTS, Id_EVENTS, isPresent) values (56, 4, false);
insert into PARTICIPATES (Id_CLIENTS, Id_EVENTS, isPresent) values (68, 110, false);
insert into PARTICIPATES (Id_CLIENTS, Id_EVENTS, isPresent) values (13, 21, true);
insert into PARTICIPATES (Id_CLIENTS, Id_EVENTS, isPresent) values (66, 173, true);
insert into PARTICIPATES (Id_CLIENTS, Id_EVENTS, isPresent) values (61, 89, true);
insert into PARTICIPATES (Id_CLIENTS, Id_EVENTS, isPresent) values (11, 53, true);
insert into PARTICIPATES (Id_CLIENTS, Id_EVENTS, isPresent) values (59, 171, true);
insert into PARTICIPATES (Id_CLIENTS, Id_EVENTS, isPresent) values (11, 150, true);
insert into PARTICIPATES (Id_CLIENTS, Id_EVENTS, isPresent) values (5, 125, false);
insert into PARTICIPATES (Id_CLIENTS, Id_EVENTS, isPresent) values (70, 47, true);
insert into PARTICIPATES (Id_CLIENTS, Id_EVENTS, isPresent) values (19, 137, false);
insert into PARTICIPATES (Id_CLIENTS, Id_EVENTS, isPresent) values (50, 30, false);
insert into PARTICIPATES (Id_CLIENTS, Id_EVENTS, isPresent) values (53, 176, false);
insert into PARTICIPATES (Id_CLIENTS, Id_EVENTS, isPresent) values (40, 195, true);
insert into PARTICIPATES (Id_CLIENTS, Id_EVENTS, isPresent) values (14, 38, false);
insert into PARTICIPATES (Id_CLIENTS, Id_EVENTS, isPresent) values (37, 39, true);
insert into PARTICIPATES (Id_CLIENTS, Id_EVENTS, isPresent) values (65, 174, true);
insert into PARTICIPATES (Id_CLIENTS, Id_EVENTS, isPresent) values (14, 26, false);
insert into PARTICIPATES (Id_CLIENTS, Id_EVENTS, isPresent) values (48, 8, true);
insert into PARTICIPATES (Id_CLIENTS, Id_EVENTS, isPresent) values (61, 57, true);
insert into PARTICIPATES (Id_CLIENTS, Id_EVENTS, isPresent) values (46, 92, false);
insert into PARTICIPATES (Id_CLIENTS, Id_EVENTS, isPresent) values (2, 9, true);
insert into PARTICIPATES (Id_CLIENTS, Id_EVENTS, isPresent) values (6, 77, true);
insert into PARTICIPATES (Id_CLIENTS, Id_EVENTS, isPresent) values (30, 155, true);
insert into PARTICIPATES (Id_CLIENTS, Id_EVENTS, isPresent) values (66, 50, true);
insert into PARTICIPATES (Id_CLIENTS, Id_EVENTS, isPresent) values (70, 165, false);
insert into PARTICIPATES (Id_CLIENTS, Id_EVENTS, isPresent) values (37, 146, true);
insert into PARTICIPATES (Id_CLIENTS, Id_EVENTS, isPresent) values (6, 10, true);
insert into PARTICIPATES (Id_CLIENTS, Id_EVENTS, isPresent) values (34, 88, true);
insert into PARTICIPATES (Id_CLIENTS, Id_EVENTS, isPresent) values (42, 176, false);
insert into PARTICIPATES (Id_CLIENTS, Id_EVENTS, isPresent) values (4, 146, false);
insert into PARTICIPATES (Id_CLIENTS, Id_EVENTS, isPresent) values (45, 153, false);
insert into PARTICIPATES (Id_CLIENTS, Id_EVENTS, isPresent) values (46, 152, false);
insert into PARTICIPATES (Id_CLIENTS, Id_EVENTS, isPresent) values (37, 96, false);
insert into PARTICIPATES (Id_CLIENTS, Id_EVENTS, isPresent) values (51, 145, true);
insert into PARTICIPATES (Id_CLIENTS, Id_EVENTS, isPresent) values (37, 67, true);
insert into PARTICIPATES (Id_CLIENTS, Id_EVENTS, isPresent) values (6, 190, false);
insert into PARTICIPATES (Id_CLIENTS, Id_EVENTS, isPresent) values (2, 72, false);
insert into PARTICIPATES (Id_CLIENTS, Id_EVENTS, isPresent) values (29, 56, true);
insert into PARTICIPATES (Id_CLIENTS, Id_EVENTS, isPresent) values (33, 71, false);
insert into PARTICIPATES (Id_CLIENTS, Id_EVENTS, isPresent) values (60, 71, true);
insert into PARTICIPATES (Id_CLIENTS, Id_EVENTS, isPresent) values (32, 171, true);
insert into PARTICIPATES (Id_CLIENTS, Id_EVENTS, isPresent) values (36, 64, true);
insert into PARTICIPATES (Id_CLIENTS, Id_EVENTS, isPresent) values (11, 129, false);
insert into PARTICIPATES (Id_CLIENTS, Id_EVENTS, isPresent) values (44, 158, false);
insert into PARTICIPATES (Id_CLIENTS, Id_EVENTS, isPresent) values (69, 162, false);
insert into PARTICIPATES (Id_CLIENTS, Id_EVENTS, isPresent) values (45, 52, true);
insert into PARTICIPATES (Id_CLIENTS, Id_EVENTS, isPresent) values (38, 110, false);
insert into PARTICIPATES (Id_CLIENTS, Id_EVENTS, isPresent) values (45, 109, true);
insert into PARTICIPATES (Id_CLIENTS, Id_EVENTS, isPresent) values (56, 158, false);
insert into PARTICIPATES (Id_CLIENTS, Id_EVENTS, isPresent) values (42, 60, false);
insert into PARTICIPATES (Id_CLIENTS, Id_EVENTS, isPresent) values (17, 2, true);
insert into PARTICIPATES (Id_CLIENTS, Id_EVENTS, isPresent) values (35, 168, false);
insert into PARTICIPATES (Id_CLIENTS, Id_EVENTS, isPresent) values (38, 39, true);
insert into PARTICIPATES (Id_CLIENTS, Id_EVENTS, isPresent) values (65, 19, true);
insert into PARTICIPATES (Id_CLIENTS, Id_EVENTS, isPresent) values (12, 129, true);
insert into PARTICIPATES (Id_CLIENTS, Id_EVENTS, isPresent) values (48, 194, false);
insert into PARTICIPATES (Id_CLIENTS, Id_EVENTS, isPresent) values (59, 192, true);
insert into PARTICIPATES (Id_CLIENTS, Id_EVENTS, isPresent) values (53, 120, true);
insert into PARTICIPATES (Id_CLIENTS, Id_EVENTS, isPresent) values (51, 153, false);
insert into PARTICIPATES (Id_CLIENTS, Id_EVENTS, isPresent) values (20, 183, false);
insert into PARTICIPATES (Id_CLIENTS, Id_EVENTS, isPresent) values (43, 177, true);
insert into PARTICIPATES (Id_CLIENTS, Id_EVENTS, isPresent) values (45, 90, true);
insert into PARTICIPATES (Id_CLIENTS, Id_EVENTS, isPresent) values (51, 54, false);
insert into PARTICIPATES (Id_CLIENTS, Id_EVENTS, isPresent) values (43, 15, true);
insert into PARTICIPATES (Id_CLIENTS, Id_EVENTS, isPresent) values (17, 36, false);
insert into PARTICIPATES (Id_CLIENTS, Id_EVENTS, isPresent) values (30, 45, false);
insert into PARTICIPATES (Id_CLIENTS, Id_EVENTS, isPresent) values (10, 48, true);
insert into PARTICIPATES (Id_CLIENTS, Id_EVENTS, isPresent) values (26, 131, false);
insert into PARTICIPATES (Id_CLIENTS, Id_EVENTS, isPresent) values (20, 194, true);
insert into PARTICIPATES (Id_CLIENTS, Id_EVENTS, isPresent) values (22, 88, false);
insert into PARTICIPATES (Id_CLIENTS, Id_EVENTS, isPresent) values (65, 40, true);
insert into PARTICIPATES (Id_CLIENTS, Id_EVENTS, isPresent) values (36, 141, true);
insert into PARTICIPATES (Id_CLIENTS, Id_EVENTS, isPresent) values (57, 38, false);
insert into PARTICIPATES (Id_CLIENTS, Id_EVENTS, isPresent) values (39, 200, false);
insert into PARTICIPATES (Id_CLIENTS, Id_EVENTS, isPresent) values (59, 6, true);
insert into PARTICIPATES (Id_CLIENTS, Id_EVENTS, isPresent) values (17, 179, false);
insert into PARTICIPATES (Id_CLIENTS, Id_EVENTS, isPresent) values (10, 147, false);
insert into PARTICIPATES (Id_CLIENTS, Id_EVENTS, isPresent) values (4, 37, true);
insert into PARTICIPATES (Id_CLIENTS, Id_EVENTS, isPresent) values (24, 167, false);
insert into PARTICIPATES (Id_CLIENTS, Id_EVENTS, isPresent) values (63, 13, false);
insert into PARTICIPATES (Id_CLIENTS, Id_EVENTS, isPresent) values (18, 194, false);
insert into PARTICIPATES (Id_CLIENTS, Id_EVENTS, isPresent) values (70, 188, false);
insert into PARTICIPATES (Id_CLIENTS, Id_EVENTS, isPresent) values (21, 155, false);
insert into PARTICIPATES (Id_CLIENTS, Id_EVENTS, isPresent) values (21, 129, false);
insert into PARTICIPATES (Id_CLIENTS, Id_EVENTS, isPresent) values (62, 127, false);
insert into PARTICIPATES (Id_CLIENTS, Id_EVENTS, isPresent) values (49, 143, false);
insert into PARTICIPATES (Id_CLIENTS, Id_EVENTS, isPresent) values (19, 153, true);
insert into PARTICIPATES (Id_CLIENTS, Id_EVENTS, isPresent) values (29, 150, true);
insert into PARTICIPATES (Id_CLIENTS, Id_EVENTS, isPresent) values (6, 9, true);
insert into PARTICIPATES (Id_CLIENTS, Id_EVENTS, isPresent) values (54, 62, true);
insert into PARTICIPATES (Id_CLIENTS, Id_EVENTS, isPresent) values (20, 177, false);
insert into PARTICIPATES (Id_CLIENTS, Id_EVENTS, isPresent) values (18, 176, false);
insert into PARTICIPATES (Id_CLIENTS, Id_EVENTS, isPresent) values (2, 141, false);
insert into PARTICIPATES (Id_CLIENTS, Id_EVENTS, isPresent) values (69, 181, false);
insert into PARTICIPATES (Id_CLIENTS, Id_EVENTS, isPresent) values (55, 95, true);
insert into PARTICIPATES (Id_CLIENTS, Id_EVENTS, isPresent) values (39, 97, false);
insert into PARTICIPATES (Id_CLIENTS, Id_EVENTS, isPresent) values (28, 145, true);
insert into PARTICIPATES (Id_CLIENTS, Id_EVENTS, isPresent) values (67, 103, false);
insert into PARTICIPATES (Id_CLIENTS, Id_EVENTS, isPresent) values (1, 168, true);
insert into PARTICIPATES (Id_CLIENTS, Id_EVENTS, isPresent) values (53, 78, false);
insert into PARTICIPATES (Id_CLIENTS, Id_EVENTS, isPresent) values (5, 110, true);
insert into PARTICIPATES (Id_CLIENTS, Id_EVENTS, isPresent) values (69, 120, false);
insert into PARTICIPATES (Id_CLIENTS, Id_EVENTS, isPresent) values (25, 175, false);
insert into PARTICIPATES (Id_CLIENTS, Id_EVENTS, isPresent) values (59, 8, true);
insert into PARTICIPATES (Id_CLIENTS, Id_EVENTS, isPresent) values (13, 100, false);
insert into PARTICIPATES (Id_CLIENTS, Id_EVENTS, isPresent) values (49, 171, false);
insert into PARTICIPATES (Id_CLIENTS, Id_EVENTS, isPresent) values (46, 31, true);
insert into PARTICIPATES (Id_CLIENTS, Id_EVENTS, isPresent) values (49, 105, true);
insert into PARTICIPATES (Id_CLIENTS, Id_EVENTS, isPresent) values (65, 158, false);
insert into PARTICIPATES (Id_CLIENTS, Id_EVENTS, isPresent) values (4, 139, false);
insert into PARTICIPATES (Id_CLIENTS, Id_EVENTS, isPresent) values (70, 190, true);
insert into PARTICIPATES (Id_CLIENTS, Id_EVENTS, isPresent) values (41, 124, true);
insert into PARTICIPATES (Id_CLIENTS, Id_EVENTS, isPresent) values (2, 187, true);
insert into PARTICIPATES (Id_CLIENTS, Id_EVENTS, isPresent) values (8, 124, false);
insert into PARTICIPATES (Id_CLIENTS, Id_EVENTS, isPresent) values (5, 45, true);
insert into PARTICIPATES (Id_CLIENTS, Id_EVENTS, isPresent) values (34, 193, false);
insert into PARTICIPATES (Id_CLIENTS, Id_EVENTS, isPresent) values (3, 152, false);
insert into PARTICIPATES (Id_CLIENTS, Id_EVENTS, isPresent) values (31, 10, true);
insert into PARTICIPATES (Id_CLIENTS, Id_EVENTS, isPresent) values (55, 91, true);
insert into PARTICIPATES (Id_CLIENTS, Id_EVENTS, isPresent) values (42, 24, true);
insert into PARTICIPATES (Id_CLIENTS, Id_EVENTS, isPresent) values (28, 32, true);
insert into PARTICIPATES (Id_CLIENTS, Id_EVENTS, isPresent) values (9, 132, true);
insert into PARTICIPATES (Id_CLIENTS, Id_EVENTS, isPresent) values (15, 188, false);
insert into PARTICIPATES (Id_CLIENTS, Id_EVENTS, isPresent) values (35, 180, true);
insert into PARTICIPATES (Id_CLIENTS, Id_EVENTS, isPresent) values (46, 123, false);
insert into PARTICIPATES (Id_CLIENTS, Id_EVENTS, isPresent) values (65, 20, false);
insert into PARTICIPATES (Id_CLIENTS, Id_EVENTS, isPresent) values (30, 14, false);
insert into PARTICIPATES (Id_CLIENTS, Id_EVENTS, isPresent) values (57, 110, false);
insert into PARTICIPATES (Id_CLIENTS, Id_EVENTS, isPresent) values (41, 109, true);
insert into PARTICIPATES (Id_CLIENTS, Id_EVENTS, isPresent) values (51, 154, true);
insert into PARTICIPATES (Id_CLIENTS, Id_EVENTS, isPresent) values (2, 144, false);
insert into PARTICIPATES (Id_CLIENTS, Id_EVENTS, isPresent) values (61, 171, true);
insert into PARTICIPATES (Id_CLIENTS, Id_EVENTS, isPresent) values (57, 152, true);
insert into PARTICIPATES (Id_CLIENTS, Id_EVENTS, isPresent) values (60, 79, true);
insert into PARTICIPATES (Id_CLIENTS, Id_EVENTS, isPresent) values (67, 117, true);
insert into PARTICIPATES (Id_CLIENTS, Id_EVENTS, isPresent) values (13, 155, true);
insert into PARTICIPATES (Id_CLIENTS, Id_EVENTS, isPresent) values (38, 131, false);
insert into PARTICIPATES (Id_CLIENTS, Id_EVENTS, isPresent) values (50, 132, true);
insert into PARTICIPATES (Id_CLIENTS, Id_EVENTS, isPresent) values (8, 5, true);
insert into PARTICIPATES (Id_CLIENTS, Id_EVENTS, isPresent) values (7, 30, true);
insert into PARTICIPATES (Id_CLIENTS, Id_EVENTS, isPresent) values (69, 169, true);
insert into PARTICIPATES (Id_CLIENTS, Id_EVENTS, isPresent) values (41, 15, true);
insert into PARTICIPATES (Id_CLIENTS, Id_EVENTS, isPresent) values (5, 153, false);
insert into PARTICIPATES (Id_CLIENTS, Id_EVENTS, isPresent) values (9, 65, true);
insert into PARTICIPATES (Id_CLIENTS, Id_EVENTS, isPresent) values (23, 87, false);
insert into PARTICIPATES (Id_CLIENTS, Id_EVENTS, isPresent) values (49, 40, true);
insert into PARTICIPATES (Id_CLIENTS, Id_EVENTS, isPresent) values (25, 181, true);
insert into PARTICIPATES (Id_CLIENTS, Id_EVENTS, isPresent) values (49, 149, true);
insert into PARTICIPATES (Id_CLIENTS, Id_EVENTS, isPresent) values (57, 129, false);
insert into PARTICIPATES (Id_CLIENTS, Id_EVENTS, isPresent) values (58, 96, true);
insert into PARTICIPATES (Id_CLIENTS, Id_EVENTS, isPresent) values (17, 106, true);
insert into PARTICIPATES (Id_CLIENTS, Id_EVENTS, isPresent) values (66, 164, false);
insert into PARTICIPATES (Id_CLIENTS, Id_EVENTS, isPresent) values (54, 86, true);
insert into PARTICIPATES (Id_CLIENTS, Id_EVENTS, isPresent) values (13, 6, true);
insert into PARTICIPATES (Id_CLIENTS, Id_EVENTS, isPresent) values (53, 136, true);
insert into PARTICIPATES (Id_CLIENTS, Id_EVENTS, isPresent) values (67, 79, false);
insert into PARTICIPATES (Id_CLIENTS, Id_EVENTS, isPresent) values (15, 125, false);
insert into PARTICIPATES (Id_CLIENTS, Id_EVENTS, isPresent) values (23, 37, false);
insert into PARTICIPATES (Id_CLIENTS, Id_EVENTS, isPresent) values (6, 107, true);
insert into PARTICIPATES (Id_CLIENTS, Id_EVENTS, isPresent) values (39, 46, true);
insert into PARTICIPATES (Id_CLIENTS, Id_EVENTS, isPresent) values (9, 151, false);
insert into PARTICIPATES (Id_CLIENTS, Id_EVENTS, isPresent) values (4, 25, false);
insert into PARTICIPATES (Id_CLIENTS, Id_EVENTS, isPresent) values (41, 138, true);
insert into PARTICIPATES (Id_CLIENTS, Id_EVENTS, isPresent) values (48, 79, false);
insert into PARTICIPATES (Id_CLIENTS, Id_EVENTS, isPresent) values (12, 114, true);
insert into PARTICIPATES (Id_CLIENTS, Id_EVENTS, isPresent) values (67, 135, false);
insert into PARTICIPATES (Id_CLIENTS, Id_EVENTS, isPresent) values (40, 117, false);
insert into PARTICIPATES (Id_CLIENTS, Id_EVENTS, isPresent) values (41, 177, true);
insert into PARTICIPATES (Id_CLIENTS, Id_EVENTS, isPresent) values (60, 194, false);
insert into PARTICIPATES (Id_CLIENTS, Id_EVENTS, isPresent) values (29, 65, false);
insert into PARTICIPATES (Id_CLIENTS, Id_EVENTS, isPresent) values (11, 183, true);
insert into PARTICIPATES (Id_CLIENTS, Id_EVENTS, isPresent) values (65, 157, true);
insert into PARTICIPATES (Id_CLIENTS, Id_EVENTS, isPresent) values (2, 93, true);
insert into PARTICIPATES (Id_CLIENTS, Id_EVENTS, isPresent) values (30, 18, false);
insert into PARTICIPATES (Id_CLIENTS, Id_EVENTS, isPresent) values (69, 14, true);
insert into PARTICIPATES (Id_CLIENTS, Id_EVENTS, isPresent) values (68, 111, false);
insert into PARTICIPATES (Id_CLIENTS, Id_EVENTS, isPresent) values (56, 126, true);
insert into PARTICIPATES (Id_CLIENTS, Id_EVENTS, isPresent) values (44, 8, true);
insert into PARTICIPATES (Id_CLIENTS, Id_EVENTS, isPresent) values (46, 137, false);
insert into PARTICIPATES (Id_CLIENTS, Id_EVENTS, isPresent) values (7, 159, true);
insert into PARTICIPATES (Id_CLIENTS, Id_EVENTS, isPresent) values (30, 8, true);
insert into PARTICIPATES (Id_CLIENTS, Id_EVENTS, isPresent) values (67, 5, false);
insert into PARTICIPATES (Id_CLIENTS, Id_EVENTS, isPresent) values (68, 130, true);
insert into PARTICIPATES (Id_CLIENTS, Id_EVENTS, isPresent) values (2, 8, false);
insert into PARTICIPATES (Id_CLIENTS, Id_EVENTS, isPresent) values (66, 150, false);
insert into PARTICIPATES (Id_CLIENTS, Id_EVENTS, isPresent) values (40, 154, false);
insert into PARTICIPATES (Id_CLIENTS, Id_EVENTS, isPresent) values (16, 141, false);
insert into PARTICIPATES (Id_CLIENTS, Id_EVENTS, isPresent) values (47, 93, true);
insert into PARTICIPATES (Id_CLIENTS, Id_EVENTS, isPresent) values (8, 38, true);
insert into PARTICIPATES (Id_CLIENTS, Id_EVENTS, isPresent) values (20, 119, true);
insert into PARTICIPATES (Id_CLIENTS, Id_EVENTS, isPresent) values (70, 24, true);
insert into PARTICIPATES (Id_CLIENTS, Id_EVENTS, isPresent) values (34, 68, true);
insert into PARTICIPATES (Id_CLIENTS, Id_EVENTS, isPresent) values (37, 12, true);
insert into PARTICIPATES (Id_CLIENTS, Id_EVENTS, isPresent) values (41, 69, false);
insert into PARTICIPATES (Id_CLIENTS, Id_EVENTS, isPresent) values (68, 148, false);
insert into PARTICIPATES (Id_CLIENTS, Id_EVENTS, isPresent) values (57, 105, true);
insert into PARTICIPATES (Id_CLIENTS, Id_EVENTS, isPresent) values (50, 140, true);
insert into PARTICIPATES (Id_CLIENTS, Id_EVENTS, isPresent) values (14, 123, true);
insert into PARTICIPATES (Id_CLIENTS, Id_EVENTS, isPresent) values (50, 61, true);
insert into PARTICIPATES (Id_CLIENTS, Id_EVENTS, isPresent) values (51, 22, true);
insert into PARTICIPATES (Id_CLIENTS, Id_EVENTS, isPresent) values (17, 44, false);
insert into PARTICIPATES (Id_CLIENTS, Id_EVENTS, isPresent) values (47, 57, true);
insert into PARTICIPATES (Id_CLIENTS, Id_EVENTS, isPresent) values (15, 39, true);
insert into PARTICIPATES (Id_CLIENTS, Id_EVENTS, isPresent) values (19, 13, false);
insert into PARTICIPATES (Id_CLIENTS, Id_EVENTS, isPresent) values (58, 114, false);
insert into PARTICIPATES (Id_CLIENTS, Id_EVENTS, isPresent) values (40, 25, false);
insert into PARTICIPATES (Id_CLIENTS, Id_EVENTS, isPresent) values (68, 63, false);
insert into PARTICIPATES (Id_CLIENTS, Id_EVENTS, isPresent) values (46, 77, false);
insert into PARTICIPATES (Id_CLIENTS, Id_EVENTS, isPresent) values (2, 139, false);
insert into PARTICIPATES (Id_CLIENTS, Id_EVENTS, isPresent) values (20, 104, false);
insert into PARTICIPATES (Id_CLIENTS, Id_EVENTS, isPresent) values (56, 192, true);
insert into PARTICIPATES (Id_CLIENTS, Id_EVENTS, isPresent) values (2, 166, true);
insert into PARTICIPATES (Id_CLIENTS, Id_EVENTS, isPresent) values (5, 167, true);
insert into PARTICIPATES (Id_CLIENTS, Id_EVENTS, isPresent) values (60, 104, true);
insert into PARTICIPATES (Id_CLIENTS, Id_EVENTS, isPresent) values (9, 28, false);
insert into PARTICIPATES (Id_CLIENTS, Id_EVENTS, isPresent) values (23, 182, true);
insert into PARTICIPATES (Id_CLIENTS, Id_EVENTS, isPresent) values (60, 152, true);
insert into PARTICIPATES (Id_CLIENTS, Id_EVENTS, isPresent) values (59, 85, true);
insert into PARTICIPATES (Id_CLIENTS, Id_EVENTS, isPresent) values (15, 35, false);
insert into PARTICIPATES (Id_CLIENTS, Id_EVENTS, isPresent) values (31, 189, false);
insert into PARTICIPATES (Id_CLIENTS, Id_EVENTS, isPresent) values (9, 46, false);
insert into PARTICIPATES (Id_CLIENTS, Id_EVENTS, isPresent) values (52, 174, true);
insert into PARTICIPATES (Id_CLIENTS, Id_EVENTS, isPresent) values (20, 98, false);
insert into PARTICIPATES (Id_CLIENTS, Id_EVENTS, isPresent) values (50, 38, false);
insert into PARTICIPATES (Id_CLIENTS, Id_EVENTS, isPresent) values (22, 111, false);
insert into PARTICIPATES (Id_CLIENTS, Id_EVENTS, isPresent) values (67, 110, false);
insert into PARTICIPATES (Id_CLIENTS, Id_EVENTS, isPresent) values (13, 169, true);
insert into PARTICIPATES (Id_CLIENTS, Id_EVENTS, isPresent) values (35, 183, true);
insert into PARTICIPATES (Id_CLIENTS, Id_EVENTS, isPresent) values (1, 100, false);
insert into PARTICIPATES (Id_CLIENTS, Id_EVENTS, isPresent) values (10, 153, true);
insert into PARTICIPATES (Id_CLIENTS, Id_EVENTS, isPresent) values (44, 37, false);
insert into PARTICIPATES (Id_CLIENTS, Id_EVENTS, isPresent) values (36, 52, false);
insert into PARTICIPATES (Id_CLIENTS, Id_EVENTS, isPresent) values (29, 165, true);
insert into PARTICIPATES (Id_CLIENTS, Id_EVENTS, isPresent) values (1, 162, true);
insert into PARTICIPATES (Id_CLIENTS, Id_EVENTS, isPresent) values (60, 44, false);
insert into PARTICIPATES (Id_CLIENTS, Id_EVENTS, isPresent) values (48, 78, false);
insert into PARTICIPATES (Id_CLIENTS, Id_EVENTS, isPresent) values (42, 6, true);
insert into PARTICIPATES (Id_CLIENTS, Id_EVENTS, isPresent) values (4, 19, true);
insert into PARTICIPATES (Id_CLIENTS, Id_EVENTS, isPresent) values (17, 124, true);
insert into PARTICIPATES (Id_CLIENTS, Id_EVENTS, isPresent) values (57, 75, false);
insert into PARTICIPATES (Id_CLIENTS, Id_EVENTS, isPresent) values (24, 3, false);
insert into PARTICIPATES (Id_CLIENTS, Id_EVENTS, isPresent) values (50, 156, true);
insert into PARTICIPATES (Id_CLIENTS, Id_EVENTS, isPresent) values (53, 50, false);
insert into PARTICIPATES (Id_CLIENTS, Id_EVENTS, isPresent) values (28, 35, true);
insert into PARTICIPATES (Id_CLIENTS, Id_EVENTS, isPresent) values (3, 77, true);
insert into PARTICIPATES (Id_CLIENTS, Id_EVENTS, isPresent) values (15, 52, true);
insert into PARTICIPATES (Id_CLIENTS, Id_EVENTS, isPresent) values (4, 61, false);
insert into PARTICIPATES (Id_CLIENTS, Id_EVENTS, isPresent) values (47, 1, true);
insert into PARTICIPATES (Id_CLIENTS, Id_EVENTS, isPresent) values (49, 53, true);
insert into PARTICIPATES (Id_CLIENTS, Id_EVENTS, isPresent) values (24, 144, true);
insert into PARTICIPATES (Id_CLIENTS, Id_EVENTS, isPresent) values (28, 11, true);
insert into PARTICIPATES (Id_CLIENTS, Id_EVENTS, isPresent) values (55, 30, false);
insert into PARTICIPATES (Id_CLIENTS, Id_EVENTS, isPresent) values (47, 198, true);
insert into PARTICIPATES (Id_CLIENTS, Id_EVENTS, isPresent) values (56, 51, false);
insert into PARTICIPATES (Id_CLIENTS, Id_EVENTS, isPresent) values (2, 186, false);
insert into PARTICIPATES (Id_CLIENTS, Id_EVENTS, isPresent) values (45, 128, true);
insert into PARTICIPATES (Id_CLIENTS, Id_EVENTS, isPresent) values (32, 180, false);
insert into PARTICIPATES (Id_CLIENTS, Id_EVENTS, isPresent) values (30, 140, true);
insert into PARTICIPATES (Id_CLIENTS, Id_EVENTS, isPresent) values (62, 107, true);
insert into PARTICIPATES (Id_CLIENTS, Id_EVENTS, isPresent) values (30, 29, true);
insert into PARTICIPATES (Id_CLIENTS, Id_EVENTS, isPresent) values (26, 22, false);
insert into PARTICIPATES (Id_CLIENTS, Id_EVENTS, isPresent) values (56, 9, false);
insert into PARTICIPATES (Id_CLIENTS, Id_EVENTS, isPresent) values (19, 191, true);
insert into PARTICIPATES (Id_CLIENTS, Id_EVENTS, isPresent) values (66, 165, true);
insert into PARTICIPATES (Id_CLIENTS, Id_EVENTS, isPresent) values (23, 128, false);
insert into PARTICIPATES (Id_CLIENTS, Id_EVENTS, isPresent) values (8, 4, false);
insert into PARTICIPATES (Id_CLIENTS, Id_EVENTS, isPresent) values (65, 18, false);
insert into PARTICIPATES (Id_CLIENTS, Id_EVENTS, isPresent) values (56, 55, true);
insert into PARTICIPATES (Id_CLIENTS, Id_EVENTS, isPresent) values (25, 45, false);
insert into PARTICIPATES (Id_CLIENTS, Id_EVENTS, isPresent) values (14, 155, true);
insert into PARTICIPATES (Id_CLIENTS, Id_EVENTS, isPresent) values (13, 200, false);
insert into PARTICIPATES (Id_CLIENTS, Id_EVENTS, isPresent) values (15, 63, false);
insert into PARTICIPATES (Id_CLIENTS, Id_EVENTS, isPresent) values (66, 16, false);
insert into PARTICIPATES (Id_CLIENTS, Id_EVENTS, isPresent) values (2, 5, false);
insert into PARTICIPATES (Id_CLIENTS, Id_EVENTS, isPresent) values (69, 154, false);
insert into PARTICIPATES (Id_CLIENTS, Id_EVENTS, isPresent) values (32, 60, true);
insert into PARTICIPATES (Id_CLIENTS, Id_EVENTS, isPresent) values (64, 183, false);
insert into PARTICIPATES (Id_CLIENTS, Id_EVENTS, isPresent) values (34, 149, false);
insert into PARTICIPATES (Id_CLIENTS, Id_EVENTS, isPresent) values (1, 121, false);
insert into PARTICIPATES (Id_CLIENTS, Id_EVENTS, isPresent) values (50, 184, false);
insert into PARTICIPATES (Id_CLIENTS, Id_EVENTS, isPresent) values (45, 110, false);
insert into PARTICIPATES (Id_CLIENTS, Id_EVENTS, isPresent) values (43, 62, false);
insert into PARTICIPATES (Id_CLIENTS, Id_EVENTS, isPresent) values (58, 173, false);
insert into PARTICIPATES (Id_CLIENTS, Id_EVENTS, isPresent) values (6, 113, true);
insert into PARTICIPATES (Id_CLIENTS, Id_EVENTS, isPresent) values (35, 66, false);
insert into PARTICIPATES (Id_CLIENTS, Id_EVENTS, isPresent) values (53, 9, true);
insert into PARTICIPATES (Id_CLIENTS, Id_EVENTS, isPresent) values (44, 78, false);
insert into PARTICIPATES (Id_CLIENTS, Id_EVENTS, isPresent) values (14, 174, true);
insert into PARTICIPATES (Id_CLIENTS, Id_EVENTS, isPresent) values (59, 147, true);
insert into PARTICIPATES (Id_CLIENTS, Id_EVENTS, isPresent) values (45, 39, true);
insert into PARTICIPATES (Id_CLIENTS, Id_EVENTS, isPresent) values (28, 22, true);
insert into PARTICIPATES (Id_CLIENTS, Id_EVENTS, isPresent) values (46, 191, true);
insert into PARTICIPATES (Id_CLIENTS, Id_EVENTS, isPresent) values (22, 189, true);
insert into PARTICIPATES (Id_CLIENTS, Id_EVENTS, isPresent) values (2, 57, true);
insert into PARTICIPATES (Id_CLIENTS, Id_EVENTS, isPresent) values (20, 198, false);
insert into PARTICIPATES (Id_CLIENTS, Id_EVENTS, isPresent) values (47, 128, false);
insert into PARTICIPATES (Id_CLIENTS, Id_EVENTS, isPresent) values (61, 58, false);
insert into PARTICIPATES (Id_CLIENTS, Id_EVENTS, isPresent) values (2, 66, true);
insert into PARTICIPATES (Id_CLIENTS, Id_EVENTS, isPresent) values (33, 156, true);
insert into PARTICIPATES (Id_CLIENTS, Id_EVENTS, isPresent) values (41, 59, true);
insert into PARTICIPATES (Id_CLIENTS, Id_EVENTS, isPresent) values (34, 119, true);
insert into PARTICIPATES (Id_CLIENTS, Id_EVENTS, isPresent) values (14, 90, true);
insert into PARTICIPATES (Id_CLIENTS, Id_EVENTS, isPresent) values (21, 170, false);
insert into PARTICIPATES (Id_CLIENTS, Id_EVENTS, isPresent) values (2, 90, true);
insert into PARTICIPATES (Id_CLIENTS, Id_EVENTS, isPresent) values (7, 71, false);
insert into PARTICIPATES (Id_CLIENTS, Id_EVENTS, isPresent) values (15, 158, true);
insert into PARTICIPATES (Id_CLIENTS, Id_EVENTS, isPresent) values (17, 198, false);
insert into PARTICIPATES (Id_CLIENTS, Id_EVENTS, isPresent) values (47, 157, false);
insert into PARTICIPATES (Id_CLIENTS, Id_EVENTS, isPresent) values (18, 5, true);
insert into PARTICIPATES (Id_CLIENTS, Id_EVENTS, isPresent) values (15, 147, false);
insert into PARTICIPATES (Id_CLIENTS, Id_EVENTS, isPresent) values (4, 137, false);
insert into PARTICIPATES (Id_CLIENTS, Id_EVENTS, isPresent) values (18, 60, false);
insert into PARTICIPATES (Id_CLIENTS, Id_EVENTS, isPresent) values (2, 54, true);
insert into PARTICIPATES (Id_CLIENTS, Id_EVENTS, isPresent) values (51, 44, false);
insert into PARTICIPATES (Id_CLIENTS, Id_EVENTS, isPresent) values (43, 21, true);
insert into PARTICIPATES (Id_CLIENTS, Id_EVENTS, isPresent) values (18, 200, false);
insert into PARTICIPATES (Id_CLIENTS, Id_EVENTS, isPresent) values (43, 155, true);
insert into PARTICIPATES (Id_CLIENTS, Id_EVENTS, isPresent) values (40, 159, false);
insert into PARTICIPATES (Id_CLIENTS, Id_EVENTS, isPresent) values (35, 129, true);
insert into PARTICIPATES (Id_CLIENTS, Id_EVENTS, isPresent) values (33, 182, true);
insert into PARTICIPATES (Id_CLIENTS, Id_EVENTS, isPresent) values (65, 8, true);
insert into PARTICIPATES (Id_CLIENTS, Id_EVENTS, isPresent) values (47, 22, false);
insert into PARTICIPATES (Id_CLIENTS, Id_EVENTS, isPresent) values (28, 153, false);
insert into PARTICIPATES (Id_CLIENTS, Id_EVENTS, isPresent) values (41, 168, false);
insert into PARTICIPATES (Id_CLIENTS, Id_EVENTS, isPresent) values (52, 33, false);
insert into PARTICIPATES (Id_CLIENTS, Id_EVENTS, isPresent) values (14, 182, false);
insert into PARTICIPATES (Id_CLIENTS, Id_EVENTS, isPresent) values (69, 188, true);
insert into PARTICIPATES (Id_CLIENTS, Id_EVENTS, isPresent) values (62, 185, false);
insert into PARTICIPATES (Id_CLIENTS, Id_EVENTS, isPresent) values (63, 130, false);
insert into PARTICIPATES (Id_CLIENTS, Id_EVENTS, isPresent) values (48, 125, true);
insert into PARTICIPATES (Id_CLIENTS, Id_EVENTS, isPresent) values (53, 140, false);
insert into PARTICIPATES (Id_CLIENTS, Id_EVENTS, isPresent) values (48, 122, false);
insert into PARTICIPATES (Id_CLIENTS, Id_EVENTS, isPresent) values (63, 143, true);
insert into PARTICIPATES (Id_CLIENTS, Id_EVENTS, isPresent) values (42, 169, true);
insert into PARTICIPATES (Id_CLIENTS, Id_EVENTS, isPresent) values (61, 41, true);
insert into PARTICIPATES (Id_CLIENTS, Id_EVENTS, isPresent) values (44, 149, false);
insert into PARTICIPATES (Id_CLIENTS, Id_EVENTS, isPresent) values (6, 74, false);
insert into PARTICIPATES (Id_CLIENTS, Id_EVENTS, isPresent) values (45, 22, false);
insert into PARTICIPATES (Id_CLIENTS, Id_EVENTS, isPresent) values (13, 121, true);
insert into PARTICIPATES (Id_CLIENTS, Id_EVENTS, isPresent) values (16, 197, true);
insert into PARTICIPATES (Id_CLIENTS, Id_EVENTS, isPresent) values (42, 154, true);
insert into PARTICIPATES (Id_CLIENTS, Id_EVENTS, isPresent) values (23, 144, false);
insert into PARTICIPATES (Id_CLIENTS, Id_EVENTS, isPresent) values (55, 41, false);
insert into PARTICIPATES (Id_CLIENTS, Id_EVENTS, isPresent) values (22, 136, true);
insert into PARTICIPATES (Id_CLIENTS, Id_EVENTS, isPresent) values (48, 130, false);
insert into PARTICIPATES (Id_CLIENTS, Id_EVENTS, isPresent) values (41, 197, true);
insert into PARTICIPATES (Id_CLIENTS, Id_EVENTS, isPresent) values (37, 177, true);
insert into PARTICIPATES (Id_CLIENTS, Id_EVENTS, isPresent) values (49, 156, false);
insert into PARTICIPATES (Id_CLIENTS, Id_EVENTS, isPresent) values (67, 48, true);
insert into PARTICIPATES (Id_CLIENTS, Id_EVENTS, isPresent) values (64, 23, false);
insert into PARTICIPATES (Id_CLIENTS, Id_EVENTS, isPresent) values (26, 8, true);
insert into PARTICIPATES (Id_CLIENTS, Id_EVENTS, isPresent) values (70, 68, false);
insert into PARTICIPATES (Id_CLIENTS, Id_EVENTS, isPresent) values (2, 145, true);
insert into PARTICIPATES (Id_CLIENTS, Id_EVENTS, isPresent) values (46, 199, false);
insert into PARTICIPATES (Id_CLIENTS, Id_EVENTS, isPresent) values (36, 157, false);
insert into PARTICIPATES (Id_CLIENTS, Id_EVENTS, isPresent) values (49, 101, true);
insert into PARTICIPATES (Id_CLIENTS, Id_EVENTS, isPresent) values (16, 69, true);
insert into PARTICIPATES (Id_CLIENTS, Id_EVENTS, isPresent) values (18, 91, true);
insert into PARTICIPATES (Id_CLIENTS, Id_EVENTS, isPresent) values (26, 189, false);
insert into PARTICIPATES (Id_CLIENTS, Id_EVENTS, isPresent) values (26, 39, true);
insert into PARTICIPATES (Id_CLIENTS, Id_EVENTS, isPresent) values (28, 2, true);
insert into PARTICIPATES (Id_CLIENTS, Id_EVENTS, isPresent) values (5, 184, true);
insert into PARTICIPATES (Id_CLIENTS, Id_EVENTS, isPresent) values (7, 68, true);
insert into PARTICIPATES (Id_CLIENTS, Id_EVENTS, isPresent) values (15, 99, true);
insert into PARTICIPATES (Id_CLIENTS, Id_EVENTS, isPresent) values (61, 145, true);
insert into PARTICIPATES (Id_CLIENTS, Id_EVENTS, isPresent) values (29, 75, false);
insert into PARTICIPATES (Id_CLIENTS, Id_EVENTS, isPresent) values (23, 190, true);
insert into PARTICIPATES (Id_CLIENTS, Id_EVENTS, isPresent) values (38, 124, true);
insert into PARTICIPATES (Id_CLIENTS, Id_EVENTS, isPresent) values (13, 160, false);
insert into PARTICIPATES (Id_CLIENTS, Id_EVENTS, isPresent) values (49, 43, false);
insert into PARTICIPATES (Id_CLIENTS, Id_EVENTS, isPresent) values (11, 128, true);
insert into PARTICIPATES (Id_CLIENTS, Id_EVENTS, isPresent) values (40, 65, false);
insert into PARTICIPATES (Id_CLIENTS, Id_EVENTS, isPresent) values (41, 80, true);
insert into PARTICIPATES (Id_CLIENTS, Id_EVENTS, isPresent) values (45, 166, true);
insert into PARTICIPATES (Id_CLIENTS, Id_EVENTS, isPresent) values (25, 166, true);
insert into PARTICIPATES (Id_CLIENTS, Id_EVENTS, isPresent) values (9, 41, false);
insert into PARTICIPATES (Id_CLIENTS, Id_EVENTS, isPresent) values (41, 179, true);
insert into PARTICIPATES (Id_CLIENTS, Id_EVENTS, isPresent) values (13, 116, false);
insert into PARTICIPATES (Id_CLIENTS, Id_EVENTS, isPresent) values (44, 137, true);
insert into PARTICIPATES (Id_CLIENTS, Id_EVENTS, isPresent) values (65, 129, false);
insert into PARTICIPATES (Id_CLIENTS, Id_EVENTS, isPresent) values (28, 46, true);
insert into PARTICIPATES (Id_CLIENTS, Id_EVENTS, isPresent) values (46, 35, true);
insert into PARTICIPATES (Id_CLIENTS, Id_EVENTS, isPresent) values (50, 117, false);
insert into PARTICIPATES (Id_CLIENTS, Id_EVENTS, isPresent) values (35, 8, false);
insert into PARTICIPATES (Id_CLIENTS, Id_EVENTS, isPresent) values (69, 51, false);
insert into PARTICIPATES (Id_CLIENTS, Id_EVENTS, isPresent) values (49, 134, false);
insert into PARTICIPATES (Id_CLIENTS, Id_EVENTS, isPresent) values (51, 165, true);
insert into PARTICIPATES (Id_CLIENTS, Id_EVENTS, isPresent) values (10, 26, false);
insert into PARTICIPATES (Id_CLIENTS, Id_EVENTS, isPresent) values (42, 173, true);
insert into PARTICIPATES (Id_CLIENTS, Id_EVENTS, isPresent) values (52, 43, true);
insert into PARTICIPATES (Id_CLIENTS, Id_EVENTS, isPresent) values (60, 174, false);
insert into PARTICIPATES (Id_CLIENTS, Id_EVENTS, isPresent) values (11, 145, false);
insert into PARTICIPATES (Id_CLIENTS, Id_EVENTS, isPresent) values (56, 165, true);
insert into PARTICIPATES (Id_CLIENTS, Id_EVENTS, isPresent) values (1, 21, true);
insert into PARTICIPATES (Id_CLIENTS, Id_EVENTS, isPresent) values (50, 47, false);
insert into PARTICIPATES (Id_CLIENTS, Id_EVENTS, isPresent) values (15, 69, false);
insert into PARTICIPATES (Id_CLIENTS, Id_EVENTS, isPresent) values (12, 79, false);
insert into PARTICIPATES (Id_CLIENTS, Id_EVENTS, isPresent) values (19, 22, false);
insert into PARTICIPATES (Id_CLIENTS, Id_EVENTS, isPresent) values (1, 18, true);
insert into PARTICIPATES (Id_CLIENTS, Id_EVENTS, isPresent) values (29, 89, false);
insert into PARTICIPATES (Id_CLIENTS, Id_EVENTS, isPresent) values (6, 17, false);
insert into PARTICIPATES (Id_CLIENTS, Id_EVENTS, isPresent) values (13, 56, false);
insert into PARTICIPATES (Id_CLIENTS, Id_EVENTS, isPresent) values (21, 122, true);
insert into PARTICIPATES (Id_CLIENTS, Id_EVENTS, isPresent) values (19, 194, false);
insert into PARTICIPATES (Id_CLIENTS, Id_EVENTS, isPresent) values (1, 112, false);
insert into PARTICIPATES (Id_CLIENTS, Id_EVENTS, isPresent) values (26, 66, false);
insert into PARTICIPATES (Id_CLIENTS, Id_EVENTS, isPresent) values (68, 91, false);
insert into PARTICIPATES (Id_CLIENTS, Id_EVENTS, isPresent) values (31, 8, false);
insert into PARTICIPATES (Id_CLIENTS, Id_EVENTS, isPresent) values (30, 134, true);
insert into PARTICIPATES (Id_CLIENTS, Id_EVENTS, isPresent) values (16, 92, false);
insert into PARTICIPATES (Id_CLIENTS, Id_EVENTS, isPresent) values (23, 177, false);
insert into PARTICIPATES (Id_CLIENTS, Id_EVENTS, isPresent) values (44, 34, false);
insert into PARTICIPATES (Id_CLIENTS, Id_EVENTS, isPresent) values (13, 71, true);
insert into PARTICIPATES (Id_CLIENTS, Id_EVENTS, isPresent) values (19, 70, true);
insert into PARTICIPATES (Id_CLIENTS, Id_EVENTS, isPresent) values (55, 43, true);
insert into PARTICIPATES (Id_CLIENTS, Id_EVENTS, isPresent) values (11, 95, false);
insert into PARTICIPATES (Id_CLIENTS, Id_EVENTS, isPresent) values (59, 194, false);
insert into PARTICIPATES (Id_CLIENTS, Id_EVENTS, isPresent) values (43, 71, false);
insert into PARTICIPATES (Id_CLIENTS, Id_EVENTS, isPresent) values (11, 142, false);
insert into PARTICIPATES (Id_CLIENTS, Id_EVENTS, isPresent) values (16, 47, true);
insert into PARTICIPATES (Id_CLIENTS, Id_EVENTS, isPresent) values (45, 35, false);
insert into PARTICIPATES (Id_CLIENTS, Id_EVENTS, isPresent) values (41, 149, false);
insert into PARTICIPATES (Id_CLIENTS, Id_EVENTS, isPresent) values (55, 56, false);
insert into PARTICIPATES (Id_CLIENTS, Id_EVENTS, isPresent) values (55, 154, false);
insert into PARTICIPATES (Id_CLIENTS, Id_EVENTS, isPresent) values (27, 140, true);
insert into PARTICIPATES (Id_CLIENTS, Id_EVENTS, isPresent) values (55, 84, false);
insert into PARTICIPATES (Id_CLIENTS, Id_EVENTS, isPresent) values (41, 142, false);
insert into PARTICIPATES (Id_CLIENTS, Id_EVENTS, isPresent) values (28, 69, false);
insert into PARTICIPATES (Id_CLIENTS, Id_EVENTS, isPresent) values (41, 107, true);
insert into PARTICIPATES (Id_CLIENTS, Id_EVENTS, isPresent) values (22, 7, false);
insert into PARTICIPATES (Id_CLIENTS, Id_EVENTS, isPresent) values (10, 64, false);
insert into PARTICIPATES (Id_CLIENTS, Id_EVENTS, isPresent) values (26, 193, true);
insert into PARTICIPATES (Id_CLIENTS, Id_EVENTS, isPresent) values (48, 20, false);
insert into PARTICIPATES (Id_CLIENTS, Id_EVENTS, isPresent) values (26, 137, true);
insert into PARTICIPATES (Id_CLIENTS, Id_EVENTS, isPresent) values (13, 57, true);
insert into PARTICIPATES (Id_CLIENTS, Id_EVENTS, isPresent) values (62, 51, false);
insert into PARTICIPATES (Id_CLIENTS, Id_EVENTS, isPresent) values (29, 133, true);
insert into PARTICIPATES (Id_CLIENTS, Id_EVENTS, isPresent) values (49, 114, false);
insert into PARTICIPATES (Id_CLIENTS, Id_EVENTS, isPresent) values (22, 191, true);
insert into PARTICIPATES (Id_CLIENTS, Id_EVENTS, isPresent) values (32, 108, true);
insert into PARTICIPATES (Id_CLIENTS, Id_EVENTS, isPresent) values (29, 88, false);
insert into PARTICIPATES (Id_CLIENTS, Id_EVENTS, isPresent) values (55, 172, false);
insert into PARTICIPATES (Id_CLIENTS, Id_EVENTS, isPresent) values (46, 124, false);
insert into PARTICIPATES (Id_CLIENTS, Id_EVENTS, isPresent) values (66, 52, true);
insert into PARTICIPATES (Id_CLIENTS, Id_EVENTS, isPresent) values (18, 16, false);
insert into PARTICIPATES (Id_CLIENTS, Id_EVENTS, isPresent) values (11, 132, true);
insert into PARTICIPATES (Id_CLIENTS, Id_EVENTS, isPresent) values (9, 18, true);
insert into PARTICIPATES (Id_CLIENTS, Id_EVENTS, isPresent) values (50, 157, false);
insert into PARTICIPATES (Id_CLIENTS, Id_EVENTS, isPresent) values (2, 178, false);
insert into PARTICIPATES (Id_CLIENTS, Id_EVENTS, isPresent) values (47, 116, true);
insert into PARTICIPATES (Id_CLIENTS, Id_EVENTS, isPresent) values (66, 118, false);
insert into PARTICIPATES (Id_CLIENTS, Id_EVENTS, isPresent) values (15, 141, true);
insert into PARTICIPATES (Id_CLIENTS, Id_EVENTS, isPresent) values (36, 88, false);
insert into PARTICIPATES (Id_CLIENTS, Id_EVENTS, isPresent) values (62, 122, true);
insert into PARTICIPATES (Id_CLIENTS, Id_EVENTS, isPresent) values (27, 41, true);
insert into PARTICIPATES (Id_CLIENTS, Id_EVENTS, isPresent) values (17, 22, true);
insert into PARTICIPATES (Id_CLIENTS, Id_EVENTS, isPresent) values (50, 187, false);
insert into PARTICIPATES (Id_CLIENTS, Id_EVENTS, isPresent) values (64, 160, true);
insert into PARTICIPATES (Id_CLIENTS, Id_EVENTS, isPresent) values (51, 40, false);
insert into PARTICIPATES (Id_CLIENTS, Id_EVENTS, isPresent) values (50, 114, true);
insert into PARTICIPATES (Id_CLIENTS, Id_EVENTS, isPresent) values (2, 100, false);
insert into PARTICIPATES (Id_CLIENTS, Id_EVENTS, isPresent) values (17, 195, false);
insert into PARTICIPATES (Id_CLIENTS, Id_EVENTS, isPresent) values (63, 122, true);
insert into PARTICIPATES (Id_CLIENTS, Id_EVENTS, isPresent) values (33, 191, false);
insert into PARTICIPATES (Id_CLIENTS, Id_EVENTS, isPresent) values (36, 60, true);
insert into PARTICIPATES (Id_CLIENTS, Id_EVENTS, isPresent) values (6, 161, true);
insert into PARTICIPATES (Id_CLIENTS, Id_EVENTS, isPresent) values (5, 144, false);
insert into PARTICIPATES (Id_CLIENTS, Id_EVENTS, isPresent) values (62, 152, false);
insert into PARTICIPATES (Id_CLIENTS, Id_EVENTS, isPresent) values (7, 74, false);
insert into PARTICIPATES (Id_CLIENTS, Id_EVENTS, isPresent) values (23, 140, true);
insert into PARTICIPATES (Id_CLIENTS, Id_EVENTS, isPresent) values (31, 28, false);
insert into PARTICIPATES (Id_CLIENTS, Id_EVENTS, isPresent) values (47, 37, true);
insert into PARTICIPATES (Id_CLIENTS, Id_EVENTS, isPresent) values (16, 152, false);
insert into PARTICIPATES (Id_CLIENTS, Id_EVENTS, isPresent) values (32, 109, false);
insert into PARTICIPATES (Id_CLIENTS, Id_EVENTS, isPresent) values (24, 139, false);
insert into PARTICIPATES (Id_CLIENTS, Id_EVENTS, isPresent) values (44, 95, false);
insert into PARTICIPATES (Id_CLIENTS, Id_EVENTS, isPresent) values (17, 65, true);
insert into PARTICIPATES (Id_CLIENTS, Id_EVENTS, isPresent) values (24, 59, true);
insert into PARTICIPATES (Id_CLIENTS, Id_EVENTS, isPresent) values (33, 20, false);
insert into PARTICIPATES (Id_CLIENTS, Id_EVENTS, isPresent) values (38, 175, true);
insert into PARTICIPATES (Id_CLIENTS, Id_EVENTS, isPresent) values (47, 4, true);
insert into PARTICIPATES (Id_CLIENTS, Id_EVENTS, isPresent) values (67, 44, false);
insert into PARTICIPATES (Id_CLIENTS, Id_EVENTS, isPresent) values (33, 25, false);
insert into PARTICIPATES (Id_CLIENTS, Id_EVENTS, isPresent) values (58, 172, false);
insert into PARTICIPATES (Id_CLIENTS, Id_EVENTS, isPresent) values (70, 122, false);
insert into PARTICIPATES (Id_CLIENTS, Id_EVENTS, isPresent) values (47, 114, false);
insert into PARTICIPATES (Id_CLIENTS, Id_EVENTS, isPresent) values (24, 46, true);
insert into PARTICIPATES (Id_CLIENTS, Id_EVENTS, isPresent) values (34, 1, true);
insert into PARTICIPATES (Id_CLIENTS, Id_EVENTS, isPresent) values (32, 161, true);
insert into PARTICIPATES (Id_CLIENTS, Id_EVENTS, isPresent) values (31, 55, true);
insert into PARTICIPATES (Id_CLIENTS, Id_EVENTS, isPresent) values (53, 112, false);
insert into PARTICIPATES (Id_CLIENTS, Id_EVENTS, isPresent) values (17, 67, true);
insert into PARTICIPATES (Id_CLIENTS, Id_EVENTS, isPresent) values (67, 10, false);
insert into PARTICIPATES (Id_CLIENTS, Id_EVENTS, isPresent) values (20, 54, true);
insert into PARTICIPATES (Id_CLIENTS, Id_EVENTS, isPresent) values (50, 92, true);
insert into PARTICIPATES (Id_CLIENTS, Id_EVENTS, isPresent) values (43, 1, false);
insert into PARTICIPATES (Id_CLIENTS, Id_EVENTS, isPresent) values (67, 189, true);
insert into PARTICIPATES (Id_CLIENTS, Id_EVENTS, isPresent) values (13, 140, false);
insert into PARTICIPATES (Id_CLIENTS, Id_EVENTS, isPresent) values (6, 106, true);
insert into PARTICIPATES (Id_CLIENTS, Id_EVENTS, isPresent) values (2, 1, false);
insert into PARTICIPATES (Id_CLIENTS, Id_EVENTS, isPresent) values (68, 86, false);
insert into PARTICIPATES (Id_CLIENTS, Id_EVENTS, isPresent) values (24, 136, true);
insert into PARTICIPATES (Id_CLIENTS, Id_EVENTS, isPresent) values (14, 101, true);
insert into PARTICIPATES (Id_CLIENTS, Id_EVENTS, isPresent) values (24, 172, true);
insert into PARTICIPATES (Id_CLIENTS, Id_EVENTS, isPresent) values (55, 39, true);
insert into PARTICIPATES (Id_CLIENTS, Id_EVENTS, isPresent) values (12, 38, false);
insert into PARTICIPATES (Id_CLIENTS, Id_EVENTS, isPresent) values (59, 96, false);
insert into PARTICIPATES (Id_CLIENTS, Id_EVENTS, isPresent) values (17, 61, false);
insert into PARTICIPATES (Id_CLIENTS, Id_EVENTS, isPresent) values (44, 193, false);
insert into PARTICIPATES (Id_CLIENTS, Id_EVENTS, isPresent) values (25, 121, false);
insert into PARTICIPATES (Id_CLIENTS, Id_EVENTS, isPresent) values (51, 53, true);
insert into PARTICIPATES (Id_CLIENTS, Id_EVENTS, isPresent) values (24, 153, true);
insert into PARTICIPATES (Id_CLIENTS, Id_EVENTS, isPresent) values (1, 26, false);
insert into PARTICIPATES (Id_CLIENTS, Id_EVENTS, isPresent) values (52, 179, false);
insert into PARTICIPATES (Id_CLIENTS, Id_EVENTS, isPresent) values (60, 117, false);
insert into PARTICIPATES (Id_CLIENTS, Id_EVENTS, isPresent) values (64, 79, true);
insert into PARTICIPATES (Id_CLIENTS, Id_EVENTS, isPresent) values (67, 115, false);
insert into PARTICIPATES (Id_CLIENTS, Id_EVENTS, isPresent) values (49, 144, false);
insert into PARTICIPATES (Id_CLIENTS, Id_EVENTS, isPresent) values (42, 14, false);
insert into PARTICIPATES (Id_CLIENTS, Id_EVENTS, isPresent) values (57, 32, true);
insert into PARTICIPATES (Id_CLIENTS, Id_EVENTS, isPresent) values (53, 70, false);
insert into PARTICIPATES (Id_CLIENTS, Id_EVENTS, isPresent) values (38, 102, false);
insert into PARTICIPATES (Id_CLIENTS, Id_EVENTS, isPresent) values (58, 139, true);
insert into PARTICIPATES (Id_CLIENTS, Id_EVENTS, isPresent) values (11, 8, true);
insert into PARTICIPATES (Id_CLIENTS, Id_EVENTS, isPresent) values (18, 83, false);
insert into PARTICIPATES (Id_CLIENTS, Id_EVENTS, isPresent) values (19, 23, true);
insert into PARTICIPATES (Id_CLIENTS, Id_EVENTS, isPresent) values (9, 22, false);
insert into PARTICIPATES (Id_CLIENTS, Id_EVENTS, isPresent) values (68, 125, true);
insert into PARTICIPATES (Id_CLIENTS, Id_EVENTS, isPresent) values (57, 16, false);
insert into PARTICIPATES (Id_CLIENTS, Id_EVENTS, isPresent) values (2, 38, true);
insert into PARTICIPATES (Id_CLIENTS, Id_EVENTS, isPresent) values (69, 61, false);
insert into PARTICIPATES (Id_CLIENTS, Id_EVENTS, isPresent) values (70, 61, true);
insert into PARTICIPATES (Id_CLIENTS, Id_EVENTS, isPresent) values (3, 81, false);
insert into PARTICIPATES (Id_CLIENTS, Id_EVENTS, isPresent) values (18, 154, false);
insert into PARTICIPATES (Id_CLIENTS, Id_EVENTS, isPresent) values (35, 74, false);
insert into PARTICIPATES (Id_CLIENTS, Id_EVENTS, isPresent) values (65, 86, false);
insert into PARTICIPATES (Id_CLIENTS, Id_EVENTS, isPresent) values (26, 67, true);
insert into PARTICIPATES (Id_CLIENTS, Id_EVENTS, isPresent) values (55, 148, false);
insert into PARTICIPATES (Id_CLIENTS, Id_EVENTS, isPresent) values (35, 200, false);
insert into PARTICIPATES (Id_CLIENTS, Id_EVENTS, isPresent) values (6, 140, true);
insert into PARTICIPATES (Id_CLIENTS, Id_EVENTS, isPresent) values (62, 114, true);
insert into PARTICIPATES (Id_CLIENTS, Id_EVENTS, isPresent) values (39, 87, false);
insert into PARTICIPATES (Id_CLIENTS, Id_EVENTS, isPresent) values (34, 155, false);
insert into PARTICIPATES (Id_CLIENTS, Id_EVENTS, isPresent) values (70, 111, true);
insert into PARTICIPATES (Id_CLIENTS, Id_EVENTS, isPresent) values (56, 106, false);
insert into PARTICIPATES (Id_CLIENTS, Id_EVENTS, isPresent) values (13, 48, false);
insert into PARTICIPATES (Id_CLIENTS, Id_EVENTS, isPresent) values (49, 69, false);
insert into PARTICIPATES (Id_CLIENTS, Id_EVENTS, isPresent) values (11, 153, true);
insert into PARTICIPATES (Id_CLIENTS, Id_EVENTS, isPresent) values (20, 147, true);
insert into PARTICIPATES (Id_CLIENTS, Id_EVENTS, isPresent) values (43, 104, false);
insert into PARTICIPATES (Id_CLIENTS, Id_EVENTS, isPresent) values (70, 116, true);
insert into PARTICIPATES (Id_CLIENTS, Id_EVENTS, isPresent) values (69, 131, true);
insert into PARTICIPATES (Id_CLIENTS, Id_EVENTS, isPresent) values (57, 43, true);
insert into PARTICIPATES (Id_CLIENTS, Id_EVENTS, isPresent) values (53, 64, false);
insert into PARTICIPATES (Id_CLIENTS, Id_EVENTS, isPresent) values (61, 189, false);
insert into PARTICIPATES (Id_CLIENTS, Id_EVENTS, isPresent) values (67, 141, true);
insert into PARTICIPATES (Id_CLIENTS, Id_EVENTS, isPresent) values (42, 64, false);
insert into PARTICIPATES (Id_CLIENTS, Id_EVENTS, isPresent) values (36, 120, false);
insert into PARTICIPATES (Id_CLIENTS, Id_EVENTS, isPresent) values (45, 175, false);
insert into PARTICIPATES (Id_CLIENTS, Id_EVENTS, isPresent) values (39, 72, false);
insert into PARTICIPATES (Id_CLIENTS, Id_EVENTS, isPresent) values (14, 80, false);
insert into PARTICIPATES (Id_CLIENTS, Id_EVENTS, isPresent) values (5, 181, true);
insert into PARTICIPATES (Id_CLIENTS, Id_EVENTS, isPresent) values (56, 6, true);
insert into PARTICIPATES (Id_CLIENTS, Id_EVENTS, isPresent) values (56, 50, false);
insert into PARTICIPATES (Id_CLIENTS, Id_EVENTS, isPresent) values (4, 166, true);
insert into PARTICIPATES (Id_CLIENTS, Id_EVENTS, isPresent) values (47, 169, true);
insert into PARTICIPATES (Id_CLIENTS, Id_EVENTS, isPresent) values (34, 77, true);
insert into PARTICIPATES (Id_CLIENTS, Id_EVENTS, isPresent) values (31, 19, false);
insert into PARTICIPATES (Id_CLIENTS, Id_EVENTS, isPresent) values (3, 119, true);
insert into PARTICIPATES (Id_CLIENTS, Id_EVENTS, isPresent) values (32, 164, true);
insert into PARTICIPATES (Id_CLIENTS, Id_EVENTS, isPresent) values (40, 102, false);
insert into PARTICIPATES (Id_CLIENTS, Id_EVENTS, isPresent) values (47, 21, true);
insert into PARTICIPATES (Id_CLIENTS, Id_EVENTS, isPresent) values (31, 21, true);
insert into PARTICIPATES (Id_CLIENTS, Id_EVENTS, isPresent) values (43, 93, true);
insert into PARTICIPATES (Id_CLIENTS, Id_EVENTS, isPresent) values (43, 117, false);
insert into PARTICIPATES (Id_CLIENTS, Id_EVENTS, isPresent) values (17, 18, false);
insert into PARTICIPATES (Id_CLIENTS, Id_EVENTS, isPresent) values (58, 84, true);
insert into PARTICIPATES (Id_CLIENTS, Id_EVENTS, isPresent) values (2, 32, false);
insert into PARTICIPATES (Id_CLIENTS, Id_EVENTS, isPresent) values (27, 141, false);
insert into PARTICIPATES (Id_CLIENTS, Id_EVENTS, isPresent) values (5, 10, false);
insert into PARTICIPATES (Id_CLIENTS, Id_EVENTS, isPresent) values (43, 109, false);
insert into PARTICIPATES (Id_CLIENTS, Id_EVENTS, isPresent) values (3, 2, false);
insert into PARTICIPATES (Id_CLIENTS, Id_EVENTS, isPresent) values (6, 13, false);
insert into PARTICIPATES (Id_CLIENTS, Id_EVENTS, isPresent) values (4, 32, true);
insert into PARTICIPATES (Id_CLIENTS, Id_EVENTS, isPresent) values (65, 194, false);
insert into PARTICIPATES (Id_CLIENTS, Id_EVENTS, isPresent) values (3, 44, false);
insert into PARTICIPATES (Id_CLIENTS, Id_EVENTS, isPresent) values (69, 1, false);
insert into PARTICIPATES (Id_CLIENTS, Id_EVENTS, isPresent) values (30, 170, true);
insert into PARTICIPATES (Id_CLIENTS, Id_EVENTS, isPresent) values (44, 164, false);
insert into PARTICIPATES (Id_CLIENTS, Id_EVENTS, isPresent) values (58, 152, true);
insert into PARTICIPATES (Id_CLIENTS, Id_EVENTS, isPresent) values (14, 108, true);
insert into PARTICIPATES (Id_CLIENTS, Id_EVENTS, isPresent) values (22, 35, true);
insert into PARTICIPATES (Id_CLIENTS, Id_EVENTS, isPresent) values (69, 130, false);
insert into PARTICIPATES (Id_CLIENTS, Id_EVENTS, isPresent) values (70, 176, true);
insert into PARTICIPATES (Id_CLIENTS, Id_EVENTS, isPresent) values (34, 170, true);
insert into PARTICIPATES (Id_CLIENTS, Id_EVENTS, isPresent) values (38, 29, true);
insert into PARTICIPATES (Id_CLIENTS, Id_EVENTS, isPresent) values (54, 77, false);
insert into PARTICIPATES (Id_CLIENTS, Id_EVENTS, isPresent) values (48, 143, false);
insert into PARTICIPATES (Id_CLIENTS, Id_EVENTS, isPresent) values (57, 93, false);
insert into PARTICIPATES (Id_CLIENTS, Id_EVENTS, isPresent) values (38, 136, true);
insert into PARTICIPATES (Id_CLIENTS, Id_EVENTS, isPresent) values (28, 67, true);
insert into PARTICIPATES (Id_CLIENTS, Id_EVENTS, isPresent) values (26, 140, false);
insert into PARTICIPATES (Id_CLIENTS, Id_EVENTS, isPresent) values (45, 114, false);
insert into PARTICIPATES (Id_CLIENTS, Id_EVENTS, isPresent) values (62, 81, true);
insert into PARTICIPATES (Id_CLIENTS, Id_EVENTS, isPresent) values (64, 24, false);
insert into PARTICIPATES (Id_CLIENTS, Id_EVENTS, isPresent) values (62, 98, true);
insert into PARTICIPATES (Id_CLIENTS, Id_EVENTS, isPresent) values (3, 89, true);
insert into PARTICIPATES (Id_CLIENTS, Id_EVENTS, isPresent) values (41, 17, false);
insert into PARTICIPATES (Id_CLIENTS, Id_EVENTS, isPresent) values (23, 8, true);
insert into PARTICIPATES (Id_CLIENTS, Id_EVENTS, isPresent) values (43, 134, true);
insert into PARTICIPATES (Id_CLIENTS, Id_EVENTS, isPresent) values (17, 50, true);
insert into PARTICIPATES (Id_CLIENTS, Id_EVENTS, isPresent) values (31, 85, true);
insert into PARTICIPATES (Id_CLIENTS, Id_EVENTS, isPresent) values (26, 118, false);
insert into PARTICIPATES (Id_CLIENTS, Id_EVENTS, isPresent) values (26, 19, false);
insert into PARTICIPATES (Id_CLIENTS, Id_EVENTS, isPresent) values (41, 14, false);
insert into PARTICIPATES (Id_CLIENTS, Id_EVENTS, isPresent) values (44, 105, true);
insert into PARTICIPATES (Id_CLIENTS, Id_EVENTS, isPresent) values (47, 5, false);
insert into PARTICIPATES (Id_CLIENTS, Id_EVENTS, isPresent) values (67, 122, true);
insert into PARTICIPATES (Id_CLIENTS, Id_EVENTS, isPresent) values (11, 177, false);
insert into PARTICIPATES (Id_CLIENTS, Id_EVENTS, isPresent) values (48, 120, false);
insert into PARTICIPATES (Id_CLIENTS, Id_EVENTS, isPresent) values (16, 44, false);
insert into PARTICIPATES (Id_CLIENTS, Id_EVENTS, isPresent) values (10, 104, false);
insert into PARTICIPATES (Id_CLIENTS, Id_EVENTS, isPresent) values (61, 117, false);
insert into PARTICIPATES (Id_CLIENTS, Id_EVENTS, isPresent) values (59, 46, true);
insert into PARTICIPATES (Id_CLIENTS, Id_EVENTS, isPresent) values (14, 94, false);
insert into PARTICIPATES (Id_CLIENTS, Id_EVENTS, isPresent) values (66, 172, false);
insert into PARTICIPATES (Id_CLIENTS, Id_EVENTS, isPresent) values (68, 97, false);
insert into PARTICIPATES (Id_CLIENTS, Id_EVENTS, isPresent) values (2, 113, true);
insert into PARTICIPATES (Id_CLIENTS, Id_EVENTS, isPresent) values (48, 88, false);
insert into PARTICIPATES (Id_CLIENTS, Id_EVENTS, isPresent) values (32, 42, true);
insert into PARTICIPATES (Id_CLIENTS, Id_EVENTS, isPresent) values (16, 4, true);
insert into PARTICIPATES (Id_CLIENTS, Id_EVENTS, isPresent) values (14, 194, false);
insert into PARTICIPATES (Id_CLIENTS, Id_EVENTS, isPresent) values (20, 44, true);
insert into PARTICIPATES (Id_CLIENTS, Id_EVENTS, isPresent) values (45, 49, true);
insert into PARTICIPATES (Id_CLIENTS, Id_EVENTS, isPresent) values (25, 117, true);
insert into PARTICIPATES (Id_CLIENTS, Id_EVENTS, isPresent) values (37, 107, false);
insert into PARTICIPATES (Id_CLIENTS, Id_EVENTS, isPresent) values (24, 171, false);
insert into PARTICIPATES (Id_CLIENTS, Id_EVENTS, isPresent) values (24, 94, false);
insert into PARTICIPATES (Id_CLIENTS, Id_EVENTS, isPresent) values (3, 12, true);
insert into PARTICIPATES (Id_CLIENTS, Id_EVENTS, isPresent) values (34, 4, false);
insert into PARTICIPATES (Id_CLIENTS, Id_EVENTS, isPresent) values (47, 200, true);
insert into PARTICIPATES (Id_CLIENTS, Id_EVENTS, isPresent) values (49, 177, false);
insert into PARTICIPATES (Id_CLIENTS, Id_EVENTS, isPresent) values (13, 157, true);
insert into PARTICIPATES (Id_CLIENTS, Id_EVENTS, isPresent) values (46, 44, false);
insert into PARTICIPATES (Id_CLIENTS, Id_EVENTS, isPresent) values (26, 116, false);
insert into PARTICIPATES (Id_CLIENTS, Id_EVENTS, isPresent) values (52, 194, true);
insert into PARTICIPATES (Id_CLIENTS, Id_EVENTS, isPresent) values (24, 193, false);
insert into PARTICIPATES (Id_CLIENTS, Id_EVENTS, isPresent) values (4, 9, true);
insert into PARTICIPATES (Id_CLIENTS, Id_EVENTS, isPresent) values (63, 132, false);
insert into PARTICIPATES (Id_CLIENTS, Id_EVENTS, isPresent) values (61, 131, true);
insert into PARTICIPATES (Id_CLIENTS, Id_EVENTS, isPresent) values (27, 123, false);
insert into PARTICIPATES (Id_CLIENTS, Id_EVENTS, isPresent) values (4, 2, false);
insert into PARTICIPATES (Id_CLIENTS, Id_EVENTS, isPresent) values (14, 71, true);
insert into PARTICIPATES (Id_CLIENTS, Id_EVENTS, isPresent) values (34, 173, true);
insert into PARTICIPATES (Id_CLIENTS, Id_EVENTS, isPresent) values (15, 127, false);
insert into PARTICIPATES (Id_CLIENTS, Id_EVENTS, isPresent) values (64, 42, false);
insert into PARTICIPATES (Id_CLIENTS, Id_EVENTS, isPresent) values (68, 131, true);
insert into PARTICIPATES (Id_CLIENTS, Id_EVENTS, isPresent) values (31, 83, true);
insert into PARTICIPATES (Id_CLIENTS, Id_EVENTS, isPresent) values (68, 185, false);
insert into PARTICIPATES (Id_CLIENTS, Id_EVENTS, isPresent) values (1, 156, false);
insert into PARTICIPATES (Id_CLIENTS, Id_EVENTS, isPresent) values (25, 198, true);
insert into PARTICIPATES (Id_CLIENTS, Id_EVENTS, isPresent) values (16, 83, true);
insert into PARTICIPATES (Id_CLIENTS, Id_EVENTS, isPresent) values (23, 103, true);
insert into PARTICIPATES (Id_CLIENTS, Id_EVENTS, isPresent) values (7, 43, true);
insert into PARTICIPATES (Id_CLIENTS, Id_EVENTS, isPresent) values (29, 190, true);
insert into PARTICIPATES (Id_CLIENTS, Id_EVENTS, isPresent) values (59, 175, true);
insert into PARTICIPATES (Id_CLIENTS, Id_EVENTS, isPresent) values (56, 193, true);
insert into PARTICIPATES (Id_CLIENTS, Id_EVENTS, isPresent) values (21, 98, true);
insert into PARTICIPATES (Id_CLIENTS, Id_EVENTS, isPresent) values (44, 152, true);
insert into PARTICIPATES (Id_CLIENTS, Id_EVENTS, isPresent) values (37, 48, true);
insert into PARTICIPATES (Id_CLIENTS, Id_EVENTS, isPresent) values (31, 101, false);
insert into PARTICIPATES (Id_CLIENTS, Id_EVENTS, isPresent) values (18, 153, false);
insert into PARTICIPATES (Id_CLIENTS, Id_EVENTS, isPresent) values (21, 174, true);
insert into PARTICIPATES (Id_CLIENTS, Id_EVENTS, isPresent) values (33, 74, false);
insert into PARTICIPATES (Id_CLIENTS, Id_EVENTS, isPresent) values (21, 81, false);
insert into PARTICIPATES (Id_CLIENTS, Id_EVENTS, isPresent) values (28, 39, false);
insert into PARTICIPATES (Id_CLIENTS, Id_EVENTS, isPresent) values (58, 115, false);
insert into PARTICIPATES (Id_CLIENTS, Id_EVENTS, isPresent) values (63, 54, false);
insert into PARTICIPATES (Id_CLIENTS, Id_EVENTS, isPresent) values (50, 64, false);
insert into PARTICIPATES (Id_CLIENTS, Id_EVENTS, isPresent) values (2, 50, false);
insert into PARTICIPATES (Id_CLIENTS, Id_EVENTS, isPresent) values (55, 139, false);
insert into PARTICIPATES (Id_CLIENTS, Id_EVENTS, isPresent) values (31, 127, false);
insert into PARTICIPATES (Id_CLIENTS, Id_EVENTS, isPresent) values (61, 173, false);
insert into PARTICIPATES (Id_CLIENTS, Id_EVENTS, isPresent) values (36, 191, false);
insert into PARTICIPATES (Id_CLIENTS, Id_EVENTS, isPresent) values (28, 19, true);
insert into PARTICIPATES (Id_CLIENTS, Id_EVENTS, isPresent) values (2, 175, true);
insert into PARTICIPATES (Id_CLIENTS, Id_EVENTS, isPresent) values (39, 145, true);
insert into PARTICIPATES (Id_CLIENTS, Id_EVENTS, isPresent) values (13, 65, true);
insert into PARTICIPATES (Id_CLIENTS, Id_EVENTS, isPresent) values (34, 84, true);
insert into PARTICIPATES (Id_CLIENTS, Id_EVENTS, isPresent) values (43, 199, true);
insert into PARTICIPATES (Id_CLIENTS, Id_EVENTS, isPresent) values (25, 102, true);
insert into PARTICIPATES (Id_CLIENTS, Id_EVENTS, isPresent) values (29, 34, false);
insert into PARTICIPATES (Id_CLIENTS, Id_EVENTS, isPresent) values (6, 110, true);
insert into PARTICIPATES (Id_CLIENTS, Id_EVENTS, isPresent) values (42, 143, false);
insert into PARTICIPATES (Id_CLIENTS, Id_EVENTS, isPresent) values (9, 6, false);
insert into PARTICIPATES (Id_CLIENTS, Id_EVENTS, isPresent) values (58, 76, true);
insert into PARTICIPATES (Id_CLIENTS, Id_EVENTS, isPresent) values (20, 179, true);
insert into PARTICIPATES (Id_CLIENTS, Id_EVENTS, isPresent) values (49, 123, false);
insert into PARTICIPATES (Id_CLIENTS, Id_EVENTS, isPresent) values (12, 125, false);
insert into PARTICIPATES (Id_CLIENTS, Id_EVENTS, isPresent) values (21, 159, false);
insert into PARTICIPATES (Id_CLIENTS, Id_EVENTS, isPresent) values (19, 73, false);
insert into PARTICIPATES (Id_CLIENTS, Id_EVENTS, isPresent) values (34, 14, false);
insert into PARTICIPATES (Id_CLIENTS, Id_EVENTS, isPresent) values (1, 196, true);
insert into PARTICIPATES (Id_CLIENTS, Id_EVENTS, isPresent) values (46, 127, true);
insert into PARTICIPATES (Id_CLIENTS, Id_EVENTS, isPresent) values (19, 101, false);
insert into PARTICIPATES (Id_CLIENTS, Id_EVENTS, isPresent) values (49, 148, false);
insert into PARTICIPATES (Id_CLIENTS, Id_EVENTS, isPresent) values (16, 165, true);
insert into PARTICIPATES (Id_CLIENTS, Id_EVENTS, isPresent) values (54, 162, false);
insert into PARTICIPATES (Id_CLIENTS, Id_EVENTS, isPresent) values (12, 176, true);
insert into PARTICIPATES (Id_CLIENTS, Id_EVENTS, isPresent) values (48, 7, true);
insert into PARTICIPATES (Id_CLIENTS, Id_EVENTS, isPresent) values (6, 128, true);
insert into PARTICIPATES (Id_CLIENTS, Id_EVENTS, isPresent) values (49, 60, true);
insert into PARTICIPATES (Id_CLIENTS, Id_EVENTS, isPresent) values (17, 117, true);
insert into PARTICIPATES (Id_CLIENTS, Id_EVENTS, isPresent) values (65, 144, false);
insert into PARTICIPATES (Id_CLIENTS, Id_EVENTS, isPresent) values (20, 180, false);
insert into PARTICIPATES (Id_CLIENTS, Id_EVENTS, isPresent) values (1, 183, true);
insert into PARTICIPATES (Id_CLIENTS, Id_EVENTS, isPresent) values (30, 12, true);
insert into PARTICIPATES (Id_CLIENTS, Id_EVENTS, isPresent) values (48, 167, true);
insert into PARTICIPATES (Id_CLIENTS, Id_EVENTS, isPresent) values (6, 185, false);
insert into PARTICIPATES (Id_CLIENTS, Id_EVENTS, isPresent) values (61, 122, false);
insert into PARTICIPATES (Id_CLIENTS, Id_EVENTS, isPresent) values (12, 40, false);
insert into PARTICIPATES (Id_CLIENTS, Id_EVENTS, isPresent) values (44, 112, true);
insert into PARTICIPATES (Id_CLIENTS, Id_EVENTS, isPresent) values (1, 94, true);
insert into PARTICIPATES (Id_CLIENTS, Id_EVENTS, isPresent) values (56, 23, false);
insert into PARTICIPATES (Id_CLIENTS, Id_EVENTS, isPresent) values (24, 41, true);
insert into PARTICIPATES (Id_CLIENTS, Id_EVENTS, isPresent) values (24, 92, false);
insert into PARTICIPATES (Id_CLIENTS, Id_EVENTS, isPresent) values (70, 81, false);
insert into PARTICIPATES (Id_CLIENTS, Id_EVENTS, isPresent) values (47, 168, false);
insert into PARTICIPATES (Id_CLIENTS, Id_EVENTS, isPresent) values (59, 39, false);
insert into PARTICIPATES (Id_CLIENTS, Id_EVENTS, isPresent) values (28, 5, true);
insert into PARTICIPATES (Id_CLIENTS, Id_EVENTS, isPresent) values (55, 10, false);
insert into PARTICIPATES (Id_CLIENTS, Id_EVENTS, isPresent) values (58, 66, true);
insert into PARTICIPATES (Id_CLIENTS, Id_EVENTS, isPresent) values (70, 153, true);
insert into PARTICIPATES (Id_CLIENTS, Id_EVENTS, isPresent) values (29, 123, true);
insert into PARTICIPATES (Id_CLIENTS, Id_EVENTS, isPresent) values (39, 42, false);
insert into PARTICIPATES (Id_CLIENTS, Id_EVENTS, isPresent) values (68, 184, true);
insert into PARTICIPATES (Id_CLIENTS, Id_EVENTS, isPresent) values (25, 104, false);
insert into PARTICIPATES (Id_CLIENTS, Id_EVENTS, isPresent) values (22, 60, true);
insert into PARTICIPATES (Id_CLIENTS, Id_EVENTS, isPresent) values (11, 74, false);
insert into PARTICIPATES (Id_CLIENTS, Id_EVENTS, isPresent) values (32, 195, true);
insert into PARTICIPATES (Id_CLIENTS, Id_EVENTS, isPresent) values (20, 5, false);
insert into PARTICIPATES (Id_CLIENTS, Id_EVENTS, isPresent) values (58, 13, false);
insert into PARTICIPATES (Id_CLIENTS, Id_EVENTS, isPresent) values (55, 90, true);
insert into PARTICIPATES (Id_CLIENTS, Id_EVENTS, isPresent) values (13, 24, true);
insert into PARTICIPATES (Id_CLIENTS, Id_EVENTS, isPresent) values (20, 88, true);
insert into PARTICIPATES (Id_CLIENTS, Id_EVENTS, isPresent) values (41, 100, false);
insert into PARTICIPATES (Id_CLIENTS, Id_EVENTS, isPresent) values (26, 80, false);
insert into PARTICIPATES (Id_CLIENTS, Id_EVENTS, isPresent) values (26, 3, true);
insert into PARTICIPATES (Id_CLIENTS, Id_EVENTS, isPresent) values (66, 37, true);
insert into PARTICIPATES (Id_CLIENTS, Id_EVENTS, isPresent) values (60, 57, false);
insert into PARTICIPATES (Id_CLIENTS, Id_EVENTS, isPresent) values (68, 160, false);
insert into PARTICIPATES (Id_CLIENTS, Id_EVENTS, isPresent) values (1, 44, false);
insert into PARTICIPATES (Id_CLIENTS, Id_EVENTS, isPresent) values (28, 164, true);
insert into PARTICIPATES (Id_CLIENTS, Id_EVENTS, isPresent) values (48, 190, false);
insert into PARTICIPATES (Id_CLIENTS, Id_EVENTS, isPresent) values (1, 52, true);
insert into PARTICIPATES (Id_CLIENTS, Id_EVENTS, isPresent) values (43, 165, true);
insert into PARTICIPATES (Id_CLIENTS, Id_EVENTS, isPresent) values (57, 37, false);
insert into PARTICIPATES (Id_CLIENTS, Id_EVENTS, isPresent) values (43, 168, false);
insert into PARTICIPATES (Id_CLIENTS, Id_EVENTS, isPresent) values (6, 143, true);
insert into PARTICIPATES (Id_CLIENTS, Id_EVENTS, isPresent) values (67, 75, true);
insert into PARTICIPATES (Id_CLIENTS, Id_EVENTS, isPresent) values (57, 166, false);
insert into PARTICIPATES (Id_CLIENTS, Id_EVENTS, isPresent) values (64, 88, true);
insert into PARTICIPATES (Id_CLIENTS, Id_EVENTS, isPresent) values (56, 144, true);
insert into PARTICIPATES (Id_CLIENTS, Id_EVENTS, isPresent) values (55, 101, false);
insert into PARTICIPATES (Id_CLIENTS, Id_EVENTS, isPresent) values (17, 57, true);
insert into PARTICIPATES (Id_CLIENTS, Id_EVENTS, isPresent) values (7, 150, false);
insert into PARTICIPATES (Id_CLIENTS, Id_EVENTS, isPresent) values (3, 130, false);
insert into PARTICIPATES (Id_CLIENTS, Id_EVENTS, isPresent) values (5, 150, false);
insert into PARTICIPATES (Id_CLIENTS, Id_EVENTS, isPresent) values (12, 115, true);
insert into PARTICIPATES (Id_CLIENTS, Id_EVENTS, isPresent) values (46, 6, false);
insert into PARTICIPATES (Id_CLIENTS, Id_EVENTS, isPresent) values (31, 3, true);
insert into PARTICIPATES (Id_CLIENTS, Id_EVENTS, isPresent) values (29, 101, true);
insert into PARTICIPATES (Id_CLIENTS, Id_EVENTS, isPresent) values (18, 141, true);
insert into PARTICIPATES (Id_CLIENTS, Id_EVENTS, isPresent) values (62, 68, false);
insert into PARTICIPATES (Id_CLIENTS, Id_EVENTS, isPresent) values (11, 41, true);
insert into PARTICIPATES (Id_CLIENTS, Id_EVENTS, isPresent) values (31, 152, false);
insert into PARTICIPATES (Id_CLIENTS, Id_EVENTS, isPresent) values (15, 15, true);
insert into PARTICIPATES (Id_CLIENTS, Id_EVENTS, isPresent) values (35, 157, true);
insert into PARTICIPATES (Id_CLIENTS, Id_EVENTS, isPresent) values (52, 7, true);
insert into PARTICIPATES (Id_CLIENTS, Id_EVENTS, isPresent) values (62, 149, false);
insert into PARTICIPATES (Id_CLIENTS, Id_EVENTS, isPresent) values (18, 175, true);
insert into PARTICIPATES (Id_CLIENTS, Id_EVENTS, isPresent) values (40, 183, false);
insert into PARTICIPATES (Id_CLIENTS, Id_EVENTS, isPresent) values (57, 107, false);
insert into PARTICIPATES (Id_CLIENTS, Id_EVENTS, isPresent) values (63, 166, true);
insert into PARTICIPATES (Id_CLIENTS, Id_EVENTS, isPresent) values (21, 163, false);
insert into PARTICIPATES (Id_CLIENTS, Id_EVENTS, isPresent) values (67, 68, true);
insert into PARTICIPATES (Id_CLIENTS, Id_EVENTS, isPresent) values (36, 23, true);
insert into PARTICIPATES (Id_CLIENTS, Id_EVENTS, isPresent) values (60, 112, true);
insert into FORMATIONS (Id_CLIENTS, Id_EVENTS_GROUPS, counter) values (8, 7, 10);
insert into FORMATIONS (Id_CLIENTS, Id_EVENTS_GROUPS, counter) values (37, 17, 6);
insert into FORMATIONS (Id_CLIENTS, Id_EVENTS_GROUPS, counter) values (45, 19, 3);
insert into FORMATIONS (Id_CLIENTS, Id_EVENTS_GROUPS, counter) values (38, 15, 6);
insert into FORMATIONS (Id_CLIENTS, Id_EVENTS_GROUPS, counter) values (61, 15, 3);
insert into FORMATIONS (Id_CLIENTS, Id_EVENTS_GROUPS, counter) values (30, 14, 6);
insert into FORMATIONS (Id_CLIENTS, Id_EVENTS_GROUPS, counter) values (12, 17, 9);
insert into FORMATIONS (Id_CLIENTS, Id_EVENTS_GROUPS, counter) values (63, 10, 3);
insert into FORMATIONS (Id_CLIENTS, Id_EVENTS_GROUPS, counter) values (44, 14, 7);
insert into FORMATIONS (Id_CLIENTS, Id_EVENTS_GROUPS, counter) values (6, 5, 9);
insert into FORMATIONS (Id_CLIENTS, Id_EVENTS_GROUPS, counter) values (69, 7, 3);
insert into FORMATIONS (Id_CLIENTS, Id_EVENTS_GROUPS, counter) values (44, 15, 7);
insert into FORMATIONS (Id_CLIENTS, Id_EVENTS_GROUPS, counter) values (54, 10, 8);
insert into FORMATIONS (Id_CLIENTS, Id_EVENTS_GROUPS, counter) values (3, 20, 10);
insert into FORMATIONS (Id_CLIENTS, Id_EVENTS_GROUPS, counter) values (39, 1, 3);
insert into FORMATIONS (Id_CLIENTS, Id_EVENTS_GROUPS, counter) values (62, 19, 10);
insert into FORMATIONS (Id_CLIENTS, Id_EVENTS_GROUPS, counter) values (3, 3, 4);
insert into FORMATIONS (Id_CLIENTS, Id_EVENTS_GROUPS, counter) values (9, 15, 7);
insert into FORMATIONS (Id_CLIENTS, Id_EVENTS_GROUPS, counter) values (5, 9, 5);
insert into FORMATIONS (Id_CLIENTS, Id_EVENTS_GROUPS, counter) values (16, 14, 7);
insert into FORMATIONS (Id_CLIENTS, Id_EVENTS_GROUPS, counter) values (27, 15, 7);
insert into FORMATIONS (Id_CLIENTS, Id_EVENTS_GROUPS, counter) values (19, 6, 9);
insert into FORMATIONS (Id_CLIENTS, Id_EVENTS_GROUPS, counter) values (58, 6, 4);
insert into FORMATIONS (Id_CLIENTS, Id_EVENTS_GROUPS, counter) values (1, 17, 8);
insert into FORMATIONS (Id_CLIENTS, Id_EVENTS_GROUPS, counter) values (48, 14, 5);
insert into FORMATIONS (Id_CLIENTS, Id_EVENTS_GROUPS, counter) values (69, 15, 5);
insert into FORMATIONS (Id_CLIENTS, Id_EVENTS_GROUPS, counter) values (67, 1, 9);
insert into FORMATIONS (Id_CLIENTS, Id_EVENTS_GROUPS, counter) values (46, 6, 7);
insert into FORMATIONS (Id_CLIENTS, Id_EVENTS_GROUPS, counter) values (7, 5, 2);
insert into FORMATIONS (Id_CLIENTS, Id_EVENTS_GROUPS, counter) values (15, 10, 7);
insert into FORMATIONS (Id_CLIENTS, Id_EVENTS_GROUPS, counter) values (19, 14, 7);
insert into FORMATIONS (Id_CLIENTS, Id_EVENTS_GROUPS, counter) values (41, 9, 5);
insert into FORMATIONS (Id_CLIENTS, Id_EVENTS_GROUPS, counter) values (62, 10, 9);
insert into FORMATIONS (Id_CLIENTS, Id_EVENTS_GROUPS, counter) values (66, 17, 3);
insert into FORMATIONS (Id_CLIENTS, Id_EVENTS_GROUPS, counter) values (1, 14, 4);
insert into FORMATIONS (Id_CLIENTS, Id_EVENTS_GROUPS, counter) values (67, 7, 9);
insert into FORMATIONS (Id_CLIENTS, Id_EVENTS_GROUPS, counter) values (8, 14, 10);
insert into FORMATIONS (Id_CLIENTS, Id_EVENTS_GROUPS, counter) values (65, 13, 7);
insert into FORMATIONS (Id_CLIENTS, Id_EVENTS_GROUPS, counter) values (37, 9, 2);
insert into FORMATIONS (Id_CLIENTS, Id_EVENTS_GROUPS, counter) values (28, 15, 2);
insert into FORMATIONS (Id_CLIENTS, Id_EVENTS_GROUPS, counter) values (26, 11, 8);
insert into FORMATIONS (Id_CLIENTS, Id_EVENTS_GROUPS, counter) values (31, 7, 6);
insert into FORMATIONS (Id_CLIENTS, Id_EVENTS_GROUPS, counter) values (10, 1, 7);
insert into FORMATIONS (Id_CLIENTS, Id_EVENTS_GROUPS, counter) values (70, 9, 3);
insert into FORMATIONS (Id_CLIENTS, Id_EVENTS_GROUPS, counter) values (36, 2, 9);
insert into FORMATIONS (Id_CLIENTS, Id_EVENTS_GROUPS, counter) values (43, 1, 5);
insert into FORMATIONS (Id_CLIENTS, Id_EVENTS_GROUPS, counter) values (59, 6, 6);
insert into FORMATIONS (Id_CLIENTS, Id_EVENTS_GROUPS, counter) values (33, 6, 5);
insert into FORMATIONS (Id_CLIENTS, Id_EVENTS_GROUPS, counter) values (46, 14, 2);
insert into FORMATIONS (Id_CLIENTS, Id_EVENTS_GROUPS, counter) values (37, 3, 4);
insert into FORMATIONS (Id_CLIENTS, Id_EVENTS_GROUPS, counter) values (36, 5, 3);
insert into FORMATIONS (Id_CLIENTS, Id_EVENTS_GROUPS, counter) values (52, 3, 4);
insert into FORMATIONS (Id_CLIENTS, Id_EVENTS_GROUPS, counter) values (52, 13, 1);
insert into FORMATIONS (Id_CLIENTS, Id_EVENTS_GROUPS, counter) values (47, 11, 2);
insert into FORMATIONS (Id_CLIENTS, Id_EVENTS_GROUPS, counter) values (12, 2, 10);
insert into FORMATIONS (Id_CLIENTS, Id_EVENTS_GROUPS, counter) values (26, 9, 10);
insert into FORMATIONS (Id_CLIENTS, Id_EVENTS_GROUPS, counter) values (9, 19, 1);
insert into FORMATIONS (Id_CLIENTS, Id_EVENTS_GROUPS, counter) values (59, 17, 4);
insert into FORMATIONS (Id_CLIENTS, Id_EVENTS_GROUPS, counter) values (63, 11, 4);
insert into FORMATIONS (Id_CLIENTS, Id_EVENTS_GROUPS, counter) values (16, 6, 3);
insert into FORMATIONS (Id_CLIENTS, Id_EVENTS_GROUPS, counter) values (9, 20, 4);
insert into FORMATIONS (Id_CLIENTS, Id_EVENTS_GROUPS, counter) values (2, 9, 5);
insert into FORMATIONS (Id_CLIENTS, Id_EVENTS_GROUPS, counter) values (4, 1, 10);
insert into FORMATIONS (Id_CLIENTS, Id_EVENTS_GROUPS, counter) values (64, 2, 1);
insert into FORMATIONS (Id_CLIENTS, Id_EVENTS_GROUPS, counter) values (39, 17, 8);
insert into FORMATIONS (Id_CLIENTS, Id_EVENTS_GROUPS, counter) values (39, 12, 2);
insert into FORMATIONS (Id_CLIENTS, Id_EVENTS_GROUPS, counter) values (5, 13, 7);
insert into FORMATIONS (Id_CLIENTS, Id_EVENTS_GROUPS, counter) values (9, 5, 4);
insert into FORMATIONS (Id_CLIENTS, Id_EVENTS_GROUPS, counter) values (8, 12, 7);
insert into FORMATIONS (Id_CLIENTS, Id_EVENTS_GROUPS, counter) values (22, 8, 6);
insert into FORMATIONS (Id_CLIENTS, Id_EVENTS_GROUPS, counter) values (27, 2, 1);
insert into FORMATIONS (Id_CLIENTS, Id_EVENTS_GROUPS, counter) values (56, 18, 7);
insert into FORMATIONS (Id_CLIENTS, Id_EVENTS_GROUPS, counter) values (58, 7, 4);
insert into FORMATIONS (Id_CLIENTS, Id_EVENTS_GROUPS, counter) values (31, 15, 10);
insert into FORMATIONS (Id_CLIENTS, Id_EVENTS_GROUPS, counter) values (15, 18, 3);
insert into FORMATIONS (Id_CLIENTS, Id_EVENTS_GROUPS, counter) values (2, 18, 4);
insert into FORMATIONS (Id_CLIENTS, Id_EVENTS_GROUPS, counter) values (32, 16, 6);
insert into FORMATIONS (Id_CLIENTS, Id_EVENTS_GROUPS, counter) values (66, 9, 7);
insert into FORMATIONS (Id_CLIENTS, Id_EVENTS_GROUPS, counter) values (36, 18, 6);
insert into FORMATIONS (Id_CLIENTS, Id_EVENTS_GROUPS, counter) values (54, 16, 4);
insert into FORMATIONS (Id_CLIENTS, Id_EVENTS_GROUPS, counter) values (68, 20, 1);
insert into FORMATIONS (Id_CLIENTS, Id_EVENTS_GROUPS, counter) values (65, 20, 7);
insert into FORMATIONS (Id_CLIENTS, Id_EVENTS_GROUPS, counter) values (40, 4, 1);
insert into FORMATIONS (Id_CLIENTS, Id_EVENTS_GROUPS, counter) values (5, 19, 7);
insert into FORMATIONS (Id_CLIENTS, Id_EVENTS_GROUPS, counter) values (8, 3, 9);
insert into FORMATIONS (Id_CLIENTS, Id_EVENTS_GROUPS, counter) values (22, 18, 5);
insert into FORMATIONS (Id_CLIENTS, Id_EVENTS_GROUPS, counter) values (51, 6, 10);
insert into FORMATIONS (Id_CLIENTS, Id_EVENTS_GROUPS, counter) values (30, 10, 9);
insert into FORMATIONS (Id_CLIENTS, Id_EVENTS_GROUPS, counter) values (7, 13, 5);
insert into FORMATIONS (Id_CLIENTS, Id_EVENTS_GROUPS, counter) values (1, 13, 2);
insert into FORMATIONS (Id_CLIENTS, Id_EVENTS_GROUPS, counter) values (39, 13, 9);
insert into FORMATIONS (Id_CLIENTS, Id_EVENTS_GROUPS, counter) values (60, 9, 10);
insert into FORMATIONS (Id_CLIENTS, Id_EVENTS_GROUPS, counter) values (41, 1, 5);
insert into FORMATIONS (Id_CLIENTS, Id_EVENTS_GROUPS, counter) values (64, 18, 4);
insert into FORMATIONS (Id_CLIENTS, Id_EVENTS_GROUPS, counter) values (41, 3, 10);
insert into FORMATIONS (Id_CLIENTS, Id_EVENTS_GROUPS, counter) values (65, 4, 9);
insert into FORMATIONS (Id_CLIENTS, Id_EVENTS_GROUPS, counter) values (1, 7, 8);
insert into FORMATIONS (Id_CLIENTS, Id_EVENTS_GROUPS, counter) values (14, 9, 8);
insert into FORMATIONS (Id_CLIENTS, Id_EVENTS_GROUPS, counter) values (48, 7, 1);
insert into FORMATIONS (Id_CLIENTS, Id_EVENTS_GROUPS, counter) values (15, 6, 1);
insert into WATCHES (Id_CLIENTS, Id_LESSONS) values (32, 92);
insert into WATCHES (Id_CLIENTS, Id_LESSONS) values (24, 71);
insert into WATCHES (Id_CLIENTS, Id_LESSONS) values (53, 60);
insert into WATCHES (Id_CLIENTS, Id_LESSONS) values (68, 42);
insert into WATCHES (Id_CLIENTS, Id_LESSONS) values (52, 37);
insert into WATCHES (Id_CLIENTS, Id_LESSONS) values (63, 52);
insert into WATCHES (Id_CLIENTS, Id_LESSONS) values (55, 66);
insert into WATCHES (Id_CLIENTS, Id_LESSONS) values (34, 8);
insert into WATCHES (Id_CLIENTS, Id_LESSONS) values (33, 83);
insert into WATCHES (Id_CLIENTS, Id_LESSONS) values (49, 84);
insert into WATCHES (Id_CLIENTS, Id_LESSONS) values (57, 61);
insert into WATCHES (Id_CLIENTS, Id_LESSONS) values (16, 74);
insert into WATCHES (Id_CLIENTS, Id_LESSONS) values (22, 38);
insert into WATCHES (Id_CLIENTS, Id_LESSONS) values (24, 73);
insert into WATCHES (Id_CLIENTS, Id_LESSONS) values (53, 32);
insert into WATCHES (Id_CLIENTS, Id_LESSONS) values (6, 43);
insert into WATCHES (Id_CLIENTS, Id_LESSONS) values (62, 26);
insert into WATCHES (Id_CLIENTS, Id_LESSONS) values (69, 63);
insert into WATCHES (Id_CLIENTS, Id_LESSONS) values (51, 86);
insert into WATCHES (Id_CLIENTS, Id_LESSONS) values (66, 10);
insert into WATCHES (Id_CLIENTS, Id_LESSONS) values (8, 63);
insert into WATCHES (Id_CLIENTS, Id_LESSONS) values (25, 95);
insert into WATCHES (Id_CLIENTS, Id_LESSONS) values (45, 49);
insert into WATCHES (Id_CLIENTS, Id_LESSONS) values (12, 93);
insert into WATCHES (Id_CLIENTS, Id_LESSONS) values (21, 42);
insert into WATCHES (Id_CLIENTS, Id_LESSONS) values (1, 28);
insert into WATCHES (Id_CLIENTS, Id_LESSONS) values (16, 89);
insert into WATCHES (Id_CLIENTS, Id_LESSONS) values (59, 24);
insert into WATCHES (Id_CLIENTS, Id_LESSONS) values (56, 4);
insert into WATCHES (Id_CLIENTS, Id_LESSONS) values (52, 65);
insert into WATCHES (Id_CLIENTS, Id_LESSONS) values (8, 69);
insert into WATCHES (Id_CLIENTS, Id_LESSONS) values (2, 28);
insert into WATCHES (Id_CLIENTS, Id_LESSONS) values (3, 13);
insert into WATCHES (Id_CLIENTS, Id_LESSONS) values (44, 83);
insert into WATCHES (Id_CLIENTS, Id_LESSONS) values (46, 76);
insert into WATCHES (Id_CLIENTS, Id_LESSONS) values (25, 96);
insert into WATCHES (Id_CLIENTS, Id_LESSONS) values (30, 24);
insert into WATCHES (Id_CLIENTS, Id_LESSONS) values (63, 71);
insert into WATCHES (Id_CLIENTS, Id_LESSONS) values (49, 73);
insert into WATCHES (Id_CLIENTS, Id_LESSONS) values (13, 28);
insert into WATCHES (Id_CLIENTS, Id_LESSONS) values (36, 24);
insert into WATCHES (Id_CLIENTS, Id_LESSONS) values (60, 36);
insert into WATCHES (Id_CLIENTS, Id_LESSONS) values (28, 40);
insert into WATCHES (Id_CLIENTS, Id_LESSONS) values (23, 30);
insert into WATCHES (Id_CLIENTS, Id_LESSONS) values (2, 31);
insert into WATCHES (Id_CLIENTS, Id_LESSONS) values (26, 23);
insert into WATCHES (Id_CLIENTS, Id_LESSONS) values (30, 41);
insert into WATCHES (Id_CLIENTS, Id_LESSONS) values (5, 11);
insert into WATCHES (Id_CLIENTS, Id_LESSONS) values (16, 40);
insert into WATCHES (Id_CLIENTS, Id_LESSONS) values (68, 68);
insert into WATCHES (Id_CLIENTS, Id_LESSONS) values (42, 85);
insert into WATCHES (Id_CLIENTS, Id_LESSONS) values (49, 77);
insert into WATCHES (Id_CLIENTS, Id_LESSONS) values (55, 2);
insert into WATCHES (Id_CLIENTS, Id_LESSONS) values (57, 98);
insert into WATCHES (Id_CLIENTS, Id_LESSONS) values (17, 18);
insert into WATCHES (Id_CLIENTS, Id_LESSONS) values (18, 85);
insert into WATCHES (Id_CLIENTS, Id_LESSONS) values (55, 30);
insert into WATCHES (Id_CLIENTS, Id_LESSONS) values (65, 77);
insert into WATCHES (Id_CLIENTS, Id_LESSONS) values (33, 48);
insert into WATCHES (Id_CLIENTS, Id_LESSONS) values (64, 91);
insert into WATCHES (Id_CLIENTS, Id_LESSONS) values (9, 15);
insert into WATCHES (Id_CLIENTS, Id_LESSONS) values (42, 11);
insert into WATCHES (Id_CLIENTS, Id_LESSONS) values (66, 32);
insert into WATCHES (Id_CLIENTS, Id_LESSONS) values (35, 6);
insert into WATCHES (Id_CLIENTS, Id_LESSONS) values (10, 97);
insert into WATCHES (Id_CLIENTS, Id_LESSONS) values (49, 71);
insert into WATCHES (Id_CLIENTS, Id_LESSONS) values (20, 72);
insert into WATCHES (Id_CLIENTS, Id_LESSONS) values (16, 11);
insert into WATCHES (Id_CLIENTS, Id_LESSONS) values (22, 58);
insert into WATCHES (Id_CLIENTS, Id_LESSONS) values (69, 98);
insert into WATCHES (Id_CLIENTS, Id_LESSONS) values (13, 60);
insert into WATCHES (Id_CLIENTS, Id_LESSONS) values (6, 91);
insert into WATCHES (Id_CLIENTS, Id_LESSONS) values (13, 10);
insert into WATCHES (Id_CLIENTS, Id_LESSONS) values (32, 61);
insert into WATCHES (Id_CLIENTS, Id_LESSONS) values (7, 16);
insert into WATCHES (Id_CLIENTS, Id_LESSONS) values (58, 70);
insert into WATCHES (Id_CLIENTS, Id_LESSONS) values (34, 5);
insert into WATCHES (Id_CLIENTS, Id_LESSONS) values (38, 68);
insert into WATCHES (Id_CLIENTS, Id_LESSONS) values (25, 98);
insert into WATCHES (Id_CLIENTS, Id_LESSONS) values (28, 72);
insert into WATCHES (Id_CLIENTS, Id_LESSONS) values (31, 45);
insert into WATCHES (Id_CLIENTS, Id_LESSONS) values (21, 7);
insert into WATCHES (Id_CLIENTS, Id_LESSONS) values (41, 10);
insert into WATCHES (Id_CLIENTS, Id_LESSONS) values (49, 34);
insert into WATCHES (Id_CLIENTS, Id_LESSONS) values (50, 74);
insert into WATCHES (Id_CLIENTS, Id_LESSONS) values (25, 8);
insert into WATCHES (Id_CLIENTS, Id_LESSONS) values (29, 37);
insert into WATCHES (Id_CLIENTS, Id_LESSONS) values (3, 87);
insert into WATCHES (Id_CLIENTS, Id_LESSONS) values (30, 27);
insert into WATCHES (Id_CLIENTS, Id_LESSONS) values (1, 14);
insert into WATCHES (Id_CLIENTS, Id_LESSONS) values (46, 80);
insert into WATCHES (Id_CLIENTS, Id_LESSONS) values (20, 68);
insert into WATCHES (Id_CLIENTS, Id_LESSONS) values (38, 72);
insert into WATCHES (Id_CLIENTS, Id_LESSONS) values (50, 56);
insert into WATCHES (Id_CLIENTS, Id_LESSONS) values (62, 88);
insert into WATCHES (Id_CLIENTS, Id_LESSONS) values (58, 14);
insert into WATCHES (Id_CLIENTS, Id_LESSONS) values (46, 35);
insert into WATCHES (Id_CLIENTS, Id_LESSONS) values (60, 16);
insert into WATCHES (Id_CLIENTS, Id_LESSONS) values (64, 3);
insert into WATCHES (Id_CLIENTS, Id_LESSONS) values (47, 15);
insert into WATCHES (Id_CLIENTS, Id_LESSONS) values (57, 88);
insert into WATCHES (Id_CLIENTS, Id_LESSONS) values (57, 4);
insert into WATCHES (Id_CLIENTS, Id_LESSONS) values (59, 91);
insert into WATCHES (Id_CLIENTS, Id_LESSONS) values (13, 50);
insert into WATCHES (Id_CLIENTS, Id_LESSONS) values (41, 45);
insert into WATCHES (Id_CLIENTS, Id_LESSONS) values (65, 76);
insert into WATCHES (Id_CLIENTS, Id_LESSONS) values (26, 83);
insert into WATCHES (Id_CLIENTS, Id_LESSONS) values (5, 33);
insert into WATCHES (Id_CLIENTS, Id_LESSONS) values (66, 68);
insert into WATCHES (Id_CLIENTS, Id_LESSONS) values (2, 55);
insert into WATCHES (Id_CLIENTS, Id_LESSONS) values (38, 78);
insert into WATCHES (Id_CLIENTS, Id_LESSONS) values (15, 3);
insert into WATCHES (Id_CLIENTS, Id_LESSONS) values (42, 20);
insert into WATCHES (Id_CLIENTS, Id_LESSONS) values (6, 66);
insert into WATCHES (Id_CLIENTS, Id_LESSONS) values (17, 21);
insert into WATCHES (Id_CLIENTS, Id_LESSONS) values (10, 26);
insert into WATCHES (Id_CLIENTS, Id_LESSONS) values (2, 30);
insert into WATCHES (Id_CLIENTS, Id_LESSONS) values (5, 23);
insert into WATCHES (Id_CLIENTS, Id_LESSONS) values (67, 10);
insert into WATCHES (Id_CLIENTS, Id_LESSONS) values (61, 27);
insert into WATCHES (Id_CLIENTS, Id_LESSONS) values (35, 25);
insert into WATCHES (Id_CLIENTS, Id_LESSONS) values (33, 14);
insert into WATCHES (Id_CLIENTS, Id_LESSONS) values (48, 66);
insert into WATCHES (Id_CLIENTS, Id_LESSONS) values (25, 39);
insert into WATCHES (Id_CLIENTS, Id_LESSONS) values (29, 42);
insert into WATCHES (Id_CLIENTS, Id_LESSONS) values (38, 31);
insert into WATCHES (Id_CLIENTS, Id_LESSONS) values (27, 75);
insert into WATCHES (Id_CLIENTS, Id_LESSONS) values (22, 67);
insert into WATCHES (Id_CLIENTS, Id_LESSONS) values (53, 24);
insert into WATCHES (Id_CLIENTS, Id_LESSONS) values (8, 35);
insert into WATCHES (Id_CLIENTS, Id_LESSONS) values (18, 78);
insert into WATCHES (Id_CLIENTS, Id_LESSONS) values (16, 64);
insert into WATCHES (Id_CLIENTS, Id_LESSONS) values (18, 38);
insert into WATCHES (Id_CLIENTS, Id_LESSONS) values (8, 31);
insert into WATCHES (Id_CLIENTS, Id_LESSONS) values (28, 11);
insert into WATCHES (Id_CLIENTS, Id_LESSONS) values (15, 93);
insert into WATCHES (Id_CLIENTS, Id_LESSONS) values (66, 22);
insert into WATCHES (Id_CLIENTS, Id_LESSONS) values (14, 2);
insert into WATCHES (Id_CLIENTS, Id_LESSONS) values (22, 100);
insert into WATCHES (Id_CLIENTS, Id_LESSONS) values (16, 28);
insert into WATCHES (Id_CLIENTS, Id_LESSONS) values (39, 30);
insert into WATCHES (Id_CLIENTS, Id_LESSONS) values (33, 33);
insert into WATCHES (Id_CLIENTS, Id_LESSONS) values (46, 42);
insert into WATCHES (Id_CLIENTS, Id_LESSONS) values (50, 45);
insert into WATCHES (Id_CLIENTS, Id_LESSONS) values (59, 5);
insert into WATCHES (Id_CLIENTS, Id_LESSONS) values (5, 39);
insert into WATCHES (Id_CLIENTS, Id_LESSONS) values (36, 86);
insert into WATCHES (Id_CLIENTS, Id_LESSONS) values (10, 57);
insert into WATCHES (Id_CLIENTS, Id_LESSONS) values (23, 42);
insert into WATCHES (Id_CLIENTS, Id_LESSONS) values (67, 39);
insert into WATCHES (Id_CLIENTS, Id_LESSONS) values (49, 69);
insert into WATCHES (Id_CLIENTS, Id_LESSONS) values (13, 2);
insert into WATCHES (Id_CLIENTS, Id_LESSONS) values (23, 28);
insert into WATCHES (Id_CLIENTS, Id_LESSONS) values (46, 39);
insert into WATCHES (Id_CLIENTS, Id_LESSONS) values (14, 8);
insert into WATCHES (Id_CLIENTS, Id_LESSONS) values (50, 44);
insert into WATCHES (Id_CLIENTS, Id_LESSONS) values (67, 49);
insert into WATCHES (Id_CLIENTS, Id_LESSONS) values (65, 30);
insert into WATCHES (Id_CLIENTS, Id_LESSONS) values (62, 87);
insert into WATCHES (Id_CLIENTS, Id_LESSONS) values (64, 42);
insert into WATCHES (Id_CLIENTS, Id_LESSONS) values (53, 68);
insert into WATCHES (Id_CLIENTS, Id_LESSONS) values (29, 81);
insert into WATCHES (Id_CLIENTS, Id_LESSONS) values (15, 63);
insert into WATCHES (Id_CLIENTS, Id_LESSONS) values (47, 97);
insert into WATCHES (Id_CLIENTS, Id_LESSONS) values (41, 44);
insert into WATCHES (Id_CLIENTS, Id_LESSONS) values (5, 35);
insert into WATCHES (Id_CLIENTS, Id_LESSONS) values (60, 61);
insert into WATCHES (Id_CLIENTS, Id_LESSONS) values (65, 89);
insert into WATCHES (Id_CLIENTS, Id_LESSONS) values (14, 100);
insert into WATCHES (Id_CLIENTS, Id_LESSONS) values (31, 100);
insert into WATCHES (Id_CLIENTS, Id_LESSONS) values (4, 18);
insert into WATCHES (Id_CLIENTS, Id_LESSONS) values (60, 94);
insert into WATCHES (Id_CLIENTS, Id_LESSONS) values (55, 58);
insert into WATCHES (Id_CLIENTS, Id_LESSONS) values (7, 44);
insert into WATCHES (Id_CLIENTS, Id_LESSONS) values (37, 39);
insert into WATCHES (Id_CLIENTS, Id_LESSONS) values (61, 81);
insert into WATCHES (Id_CLIENTS, Id_LESSONS) values (54, 99);
insert into WATCHES (Id_CLIENTS, Id_LESSONS) values (63, 94);
insert into WATCHES (Id_CLIENTS, Id_LESSONS) values (65, 79);
insert into WATCHES (Id_CLIENTS, Id_LESSONS) values (9, 23);
insert into WATCHES (Id_CLIENTS, Id_LESSONS) values (12, 5);
insert into WATCHES (Id_CLIENTS, Id_LESSONS) values (12, 14);
insert into WATCHES (Id_CLIENTS, Id_LESSONS) values (65, 17);
insert into WATCHES (Id_CLIENTS, Id_LESSONS) values (39, 33);
insert into WATCHES (Id_CLIENTS, Id_LESSONS) values (16, 80);
insert into WATCHES (Id_CLIENTS, Id_LESSONS) values (28, 48);
insert into WATCHES (Id_CLIENTS, Id_LESSONS) values (3, 28);
insert into WATCHES (Id_CLIENTS, Id_LESSONS) values (2, 22);
insert into WATCHES (Id_CLIENTS, Id_LESSONS) values (5, 56);
insert into WATCHES (Id_CLIENTS, Id_LESSONS) values (58, 90);
insert into WATCHES (Id_CLIENTS, Id_LESSONS) values (19, 67);
insert into WATCHES (Id_CLIENTS, Id_LESSONS) values (33, 54);
insert into WATCHES (Id_CLIENTS, Id_LESSONS) values (41, 53);
insert into WATCHES (Id_CLIENTS, Id_LESSONS) values (55, 24);
insert into WATCHES (Id_CLIENTS, Id_LESSONS) values (42, 59);
insert into WATCHES (Id_CLIENTS, Id_LESSONS) values (49, 35);
insert into WATCHES (Id_CLIENTS, Id_LESSONS) values (3, 91);
insert into WATCHES (Id_CLIENTS, Id_LESSONS) values (42, 37);
insert into WATCHES (Id_CLIENTS, Id_LESSONS) values (60, 19);
insert into WATCHES (Id_CLIENTS, Id_LESSONS) values (24, 81);
insert into IS_SUBSCRIBED (Id_CLIENTS, Id_SUBSCRIPTIONS, endTime) values (1, 1, '2020-04-25 03:17:25');
insert into IS_SUBSCRIBED (Id_CLIENTS, Id_SUBSCRIPTIONS, endTime) values (2, 1, '2022-05-22 16:57:57');
insert into IS_SUBSCRIBED (Id_CLIENTS, Id_SUBSCRIPTIONS, endTime) values (3, 1, '2020-07-03 04:32:42');
insert into IS_SUBSCRIBED (Id_CLIENTS, Id_SUBSCRIPTIONS, endTime) values (4, 3, '2020-01-01 04:38:43');
insert into IS_SUBSCRIBED (Id_CLIENTS, Id_SUBSCRIPTIONS, endTime) values (5, 2, '2022-12-20 10:37:15');
insert into IS_SUBSCRIBED (Id_CLIENTS, Id_SUBSCRIPTIONS, endTime) values (6, 1, '2023-03-16 14:25:10');
insert into IS_SUBSCRIBED (Id_CLIENTS, Id_SUBSCRIPTIONS, endTime) values (7, 3, '2022-04-16 22:22:30');
insert into IS_SUBSCRIBED (Id_CLIENTS, Id_SUBSCRIPTIONS, endTime) values (8, 1, '2022-12-04 20:55:00');
insert into IS_SUBSCRIBED (Id_CLIENTS, Id_SUBSCRIPTIONS, endTime) values (9, 3, '2020-07-12 23:20:46');
insert into IS_SUBSCRIBED (Id_CLIENTS, Id_SUBSCRIPTIONS, endTime) values (10, 1, '2022-12-30 21:06:34');
insert into IS_SUBSCRIBED (Id_CLIENTS, Id_SUBSCRIPTIONS, endTime) values (11, 1, '2023-02-28 14:44:07');
insert into IS_SUBSCRIBED (Id_CLIENTS, Id_SUBSCRIPTIONS, endTime) values (12, 1, '2022-01-04 06:56:02');
insert into IS_SUBSCRIBED (Id_CLIENTS, Id_SUBSCRIPTIONS, endTime) values (13, 2, '2020-05-20 05:58:18');
insert into IS_SUBSCRIBED (Id_CLIENTS, Id_SUBSCRIPTIONS, endTime) values (14, 1, '2023-02-18 13:47:40');
insert into IS_SUBSCRIBED (Id_CLIENTS, Id_SUBSCRIPTIONS, endTime) values (15, 1, '2020-06-25 12:01:16');
insert into IS_SUBSCRIBED (Id_CLIENTS, Id_SUBSCRIPTIONS, endTime) values (16, 3, '2020-04-02 22:46:34');
insert into IS_SUBSCRIBED (Id_CLIENTS, Id_SUBSCRIPTIONS, endTime) values (17, 2, '2020-12-22 03:14:31');
insert into IS_SUBSCRIBED (Id_CLIENTS, Id_SUBSCRIPTIONS, endTime) values (18, 1, '2022-07-26 09:30:38');
insert into IS_SUBSCRIBED (Id_CLIENTS, Id_SUBSCRIPTIONS, endTime) values (19, 2, '2022-04-27 15:44:12');
insert into IS_SUBSCRIBED (Id_CLIENTS, Id_SUBSCRIPTIONS, endTime) values (20, 2, '2022-11-19 19:05:19');
insert into IS_SUBSCRIBED (Id_CLIENTS, Id_SUBSCRIPTIONS, endTime) values (21, 2, '2021-05-08 13:27:59');
insert into IS_SUBSCRIBED (Id_CLIENTS, Id_SUBSCRIPTIONS, endTime) values (22, 2, '2022-05-12 11:46:16');
insert into IS_SUBSCRIBED (Id_CLIENTS, Id_SUBSCRIPTIONS, endTime) values (23, 1, '2020-03-12 18:42:42');
insert into IS_SUBSCRIBED (Id_CLIENTS, Id_SUBSCRIPTIONS, endTime) values (24, 1, '2022-03-07 23:38:06');
insert into IS_SUBSCRIBED (Id_CLIENTS, Id_SUBSCRIPTIONS, endTime) values (25, 3, '2020-09-04 10:59:54');
insert into IS_SUBSCRIBED (Id_CLIENTS, Id_SUBSCRIPTIONS, endTime) values (26, 3, '2020-01-01 06:58:49');
insert into IS_SUBSCRIBED (Id_CLIENTS, Id_SUBSCRIPTIONS, endTime) values (27, 1, '2021-08-08 17:35:54');
insert into IS_SUBSCRIBED (Id_CLIENTS, Id_SUBSCRIPTIONS, endTime) values (28, 2, '2023-01-14 04:13:58');
insert into IS_SUBSCRIBED (Id_CLIENTS, Id_SUBSCRIPTIONS, endTime) values (29, 1, '2021-10-20 03:24:32');
insert into IS_SUBSCRIBED (Id_CLIENTS, Id_SUBSCRIPTIONS, endTime) values (30, 1, '2020-05-28 09:56:49');
insert into IS_SUBSCRIBED (Id_CLIENTS, Id_SUBSCRIPTIONS, endTime) values (31, 1, '2021-10-20 07:36:12');
insert into IS_SUBSCRIBED (Id_CLIENTS, Id_SUBSCRIPTIONS, endTime) values (32, 2, '2020-08-04 08:26:54');
insert into IS_SUBSCRIBED (Id_CLIENTS, Id_SUBSCRIPTIONS, endTime) values (33, 1, '2022-07-26 21:02:25');
insert into IS_SUBSCRIBED (Id_CLIENTS, Id_SUBSCRIPTIONS, endTime) values (34, 1, '2022-03-01 11:23:07');
insert into IS_SUBSCRIBED (Id_CLIENTS, Id_SUBSCRIPTIONS, endTime) values (35, 1, '2022-09-26 10:30:41');
insert into IS_SUBSCRIBED (Id_CLIENTS, Id_SUBSCRIPTIONS, endTime) values (36, 1, '2020-08-30 10:02:05');
insert into IS_SUBSCRIBED (Id_CLIENTS, Id_SUBSCRIPTIONS, endTime) values (37, 3, '2022-05-11 07:00:30');
insert into IS_SUBSCRIBED (Id_CLIENTS, Id_SUBSCRIPTIONS, endTime) values (38, 2, '2021-04-06 13:07:41');
insert into IS_SUBSCRIBED (Id_CLIENTS, Id_SUBSCRIPTIONS, endTime) values (39, 3, '2020-04-20 07:50:18');
insert into IS_SUBSCRIBED (Id_CLIENTS, Id_SUBSCRIPTIONS, endTime) values (40, 1, '2023-05-24 09:27:38');
insert into IS_SUBSCRIBED (Id_CLIENTS, Id_SUBSCRIPTIONS, endTime) values (41, 1, '2023-02-06 08:27:48');
insert into IS_SUBSCRIBED (Id_CLIENTS, Id_SUBSCRIPTIONS, endTime) values (42, 2, '2020-11-09 03:05:48');
insert into IS_SUBSCRIBED (Id_CLIENTS, Id_SUBSCRIPTIONS, endTime) values (43, 2, '2022-03-10 21:22:44');
insert into IS_SUBSCRIBED (Id_CLIENTS, Id_SUBSCRIPTIONS, endTime) values (44, 3, '2021-10-13 16:19:00');
insert into IS_SUBSCRIBED (Id_CLIENTS, Id_SUBSCRIPTIONS, endTime) values (45, 1, '2021-09-27 22:06:20');
insert into IS_SUBSCRIBED (Id_CLIENTS, Id_SUBSCRIPTIONS, endTime) values (46, 3, '2022-10-19 02:56:58');
insert into IS_SUBSCRIBED (Id_CLIENTS, Id_SUBSCRIPTIONS, endTime) values (47, 2, '2021-01-06 03:26:17');
insert into IS_SUBSCRIBED (Id_CLIENTS, Id_SUBSCRIPTIONS, endTime) values (48, 2, '2020-08-03 17:08:43');
insert into IS_SUBSCRIBED (Id_CLIENTS, Id_SUBSCRIPTIONS, endTime) values (49, 1, '2021-01-16 23:25:10');
insert into IS_SUBSCRIBED (Id_CLIENTS, Id_SUBSCRIPTIONS, endTime) values (50, 2, '2021-03-22 05:03:36');
insert into IS_SUBSCRIBED (Id_CLIENTS, Id_SUBSCRIPTIONS, endTime) values (51, 1, '2020-10-06 18:49:10');
insert into IS_SUBSCRIBED (Id_CLIENTS, Id_SUBSCRIPTIONS, endTime) values (52, 1, '2022-05-04 03:40:33');
insert into IS_SUBSCRIBED (Id_CLIENTS, Id_SUBSCRIPTIONS, endTime) values (53, 2, '2022-01-01 05:33:43');
insert into IS_SUBSCRIBED (Id_CLIENTS, Id_SUBSCRIPTIONS, endTime) values (54, 3, '2020-07-10 08:18:58');
insert into IS_SUBSCRIBED (Id_CLIENTS, Id_SUBSCRIPTIONS, endTime) values (55, 1, '2022-03-11 11:59:47');
insert into IS_SUBSCRIBED (Id_CLIENTS, Id_SUBSCRIPTIONS, endTime) values (56, 2, '2021-12-19 18:49:48');
insert into IS_SUBSCRIBED (Id_CLIENTS, Id_SUBSCRIPTIONS, endTime) values (57, 2, '2022-08-08 12:10:59');
insert into IS_SUBSCRIBED (Id_CLIENTS, Id_SUBSCRIPTIONS, endTime) values (58, 3, '2023-05-13 14:02:07');
insert into IS_SUBSCRIBED (Id_CLIENTS, Id_SUBSCRIPTIONS, endTime) values (59, 1, '2021-06-01 20:02:47');
insert into IS_SUBSCRIBED (Id_CLIENTS, Id_SUBSCRIPTIONS, endTime) values (60, 1, '2023-04-04 16:54:22');
insert into IS_SUBSCRIBED (Id_CLIENTS, Id_SUBSCRIPTIONS, endTime) values (61, 3, '2022-03-18 23:45:25');
insert into IS_SUBSCRIBED (Id_CLIENTS, Id_SUBSCRIPTIONS, endTime) values (62, 2, '2020-04-27 09:22:26');
insert into IS_SUBSCRIBED (Id_CLIENTS, Id_SUBSCRIPTIONS, endTime) values (63, 3, '2023-01-14 17:52:49');
insert into IS_SUBSCRIBED (Id_CLIENTS, Id_SUBSCRIPTIONS, endTime) values (64, 1, '2021-09-17 14:36:41');
insert into IS_SUBSCRIBED (Id_CLIENTS, Id_SUBSCRIPTIONS, endTime) values (65, 2, '2022-03-15 03:26:30');
insert into IS_SUBSCRIBED (Id_CLIENTS, Id_SUBSCRIPTIONS, endTime) values (66, 2, '2023-03-27 20:54:56');
insert into IS_SUBSCRIBED (Id_CLIENTS, Id_SUBSCRIPTIONS, endTime) values (67, 1, '2022-05-25 22:16:08');
insert into IS_SUBSCRIBED (Id_CLIENTS, Id_SUBSCRIPTIONS, endTime) values (68, 2, '2020-12-03 21:28:49');
insert into IS_SUBSCRIBED (Id_CLIENTS, Id_SUBSCRIPTIONS, endTime) values (69, 2, '2023-03-27 23:40:20');
insert into IS_SUBSCRIBED (Id_CLIENTS, Id_SUBSCRIPTIONS, endTime) values (70, 1, '2021-07-01 11:53:52');
insert into CONTAINS_ITEM (Id_ORDERS, Id_SHOP_ITEMS) values (182, 2);
insert into CONTAINS_ITEM (Id_ORDERS, Id_SHOP_ITEMS) values (22, 48);
insert into CONTAINS_ITEM (Id_ORDERS, Id_SHOP_ITEMS) values (154, 20);
insert into CONTAINS_ITEM (Id_ORDERS, Id_SHOP_ITEMS) values (158, 41);
insert into CONTAINS_ITEM (Id_ORDERS, Id_SHOP_ITEMS) values (99, 47);
insert into CONTAINS_ITEM (Id_ORDERS, Id_SHOP_ITEMS) values (84, 8);
insert into CONTAINS_ITEM (Id_ORDERS, Id_SHOP_ITEMS) values (138, 39);
insert into CONTAINS_ITEM (Id_ORDERS, Id_SHOP_ITEMS) values (81, 43);
insert into CONTAINS_ITEM (Id_ORDERS, Id_SHOP_ITEMS) values (113, 40);
insert into CONTAINS_ITEM (Id_ORDERS, Id_SHOP_ITEMS) values (111, 3);
insert into CONTAINS_ITEM (Id_ORDERS, Id_SHOP_ITEMS) values (82, 38);
insert into CONTAINS_ITEM (Id_ORDERS, Id_SHOP_ITEMS) values (158, 33);
insert into CONTAINS_ITEM (Id_ORDERS, Id_SHOP_ITEMS) values (4, 26);
insert into CONTAINS_ITEM (Id_ORDERS, Id_SHOP_ITEMS) values (90, 2);
insert into CONTAINS_ITEM (Id_ORDERS, Id_SHOP_ITEMS) values (38, 12);
insert into CONTAINS_ITEM (Id_ORDERS, Id_SHOP_ITEMS) values (139, 27);
insert into CONTAINS_ITEM (Id_ORDERS, Id_SHOP_ITEMS) values (189, 3);
insert into CONTAINS_ITEM (Id_ORDERS, Id_SHOP_ITEMS) values (132, 27);
insert into CONTAINS_ITEM (Id_ORDERS, Id_SHOP_ITEMS) values (30, 27);
insert into CONTAINS_ITEM (Id_ORDERS, Id_SHOP_ITEMS) values (164, 17);
insert into CONTAINS_ITEM (Id_ORDERS, Id_SHOP_ITEMS) values (28, 30);
insert into CONTAINS_ITEM (Id_ORDERS, Id_SHOP_ITEMS) values (166, 8);
insert into CONTAINS_ITEM (Id_ORDERS, Id_SHOP_ITEMS) values (130, 26);
insert into CONTAINS_ITEM (Id_ORDERS, Id_SHOP_ITEMS) values (158, 4);
insert into CONTAINS_ITEM (Id_ORDERS, Id_SHOP_ITEMS) values (81, 6);
insert into CONTAINS_ITEM (Id_ORDERS, Id_SHOP_ITEMS) values (145, 13);
insert into CONTAINS_ITEM (Id_ORDERS, Id_SHOP_ITEMS) values (170, 46);
insert into CONTAINS_ITEM (Id_ORDERS, Id_SHOP_ITEMS) values (171, 9);
insert into CONTAINS_ITEM (Id_ORDERS, Id_SHOP_ITEMS) values (191, 26);
insert into CONTAINS_ITEM (Id_ORDERS, Id_SHOP_ITEMS) values (172, 44);
insert into CONTAINS_ITEM (Id_ORDERS, Id_SHOP_ITEMS) values (88, 43);
insert into CONTAINS_ITEM (Id_ORDERS, Id_SHOP_ITEMS) values (129, 21);
insert into CONTAINS_ITEM (Id_ORDERS, Id_SHOP_ITEMS) values (74, 29);
insert into CONTAINS_ITEM (Id_ORDERS, Id_SHOP_ITEMS) values (63, 37);
insert into CONTAINS_ITEM (Id_ORDERS, Id_SHOP_ITEMS) values (77, 1);
insert into CONTAINS_ITEM (Id_ORDERS, Id_SHOP_ITEMS) values (56, 26);
insert into CONTAINS_ITEM (Id_ORDERS, Id_SHOP_ITEMS) values (84, 34);
insert into CONTAINS_ITEM (Id_ORDERS, Id_SHOP_ITEMS) values (73, 2);
insert into CONTAINS_ITEM (Id_ORDERS, Id_SHOP_ITEMS) values (83, 7);
insert into CONTAINS_ITEM (Id_ORDERS, Id_SHOP_ITEMS) values (114, 48);
insert into CONTAINS_ITEM (Id_ORDERS, Id_SHOP_ITEMS) values (1, 3);
insert into CONTAINS_ITEM (Id_ORDERS, Id_SHOP_ITEMS) values (194, 35);
insert into CONTAINS_ITEM (Id_ORDERS, Id_SHOP_ITEMS) values (71, 30);
insert into CONTAINS_ITEM (Id_ORDERS, Id_SHOP_ITEMS) values (196, 20);
insert into CONTAINS_ITEM (Id_ORDERS, Id_SHOP_ITEMS) values (46, 50);
insert into CONTAINS_ITEM (Id_ORDERS, Id_SHOP_ITEMS) values (109, 33);
insert into CONTAINS_ITEM (Id_ORDERS, Id_SHOP_ITEMS) values (18, 19);
insert into CONTAINS_ITEM (Id_ORDERS, Id_SHOP_ITEMS) values (144, 7);
insert into CONTAINS_ITEM (Id_ORDERS, Id_SHOP_ITEMS) values (66, 37);
insert into CONTAINS_ITEM (Id_ORDERS, Id_SHOP_ITEMS) values (75, 3);
insert into CONTAINS_ITEM (Id_ORDERS, Id_SHOP_ITEMS) values (89, 44);
insert into CONTAINS_ITEM (Id_ORDERS, Id_SHOP_ITEMS) values (181, 20);
insert into CONTAINS_ITEM (Id_ORDERS, Id_SHOP_ITEMS) values (195, 21);
insert into CONTAINS_ITEM (Id_ORDERS, Id_SHOP_ITEMS) values (27, 17);
insert into CONTAINS_ITEM (Id_ORDERS, Id_SHOP_ITEMS) values (188, 16);
insert into CONTAINS_ITEM (Id_ORDERS, Id_SHOP_ITEMS) values (23, 29);
insert into CONTAINS_ITEM (Id_ORDERS, Id_SHOP_ITEMS) values (89, 15);
insert into CONTAINS_ITEM (Id_ORDERS, Id_SHOP_ITEMS) values (193, 27);
insert into CONTAINS_ITEM (Id_ORDERS, Id_SHOP_ITEMS) values (29, 27);
insert into CONTAINS_ITEM (Id_ORDERS, Id_SHOP_ITEMS) values (89, 43);
insert into CONTAINS_ITEM (Id_ORDERS, Id_SHOP_ITEMS) values (102, 12);
insert into CONTAINS_ITEM (Id_ORDERS, Id_SHOP_ITEMS) values (96, 24);
insert into CONTAINS_ITEM (Id_ORDERS, Id_SHOP_ITEMS) values (188, 1);
insert into CONTAINS_ITEM (Id_ORDERS, Id_SHOP_ITEMS) values (150, 4);
insert into CONTAINS_ITEM (Id_ORDERS, Id_SHOP_ITEMS) values (23, 14);
insert into CONTAINS_ITEM (Id_ORDERS, Id_SHOP_ITEMS) values (98, 12);
insert into CONTAINS_ITEM (Id_ORDERS, Id_SHOP_ITEMS) values (20, 7);
insert into CONTAINS_ITEM (Id_ORDERS, Id_SHOP_ITEMS) values (144, 42);
insert into CONTAINS_ITEM (Id_ORDERS, Id_SHOP_ITEMS) values (20, 33);
insert into CONTAINS_ITEM (Id_ORDERS, Id_SHOP_ITEMS) values (52, 43);
insert into CONTAINS_ITEM (Id_ORDERS, Id_SHOP_ITEMS) values (22, 31);
insert into CONTAINS_ITEM (Id_ORDERS, Id_SHOP_ITEMS) values (183, 50);
insert into CONTAINS_ITEM (Id_ORDERS, Id_SHOP_ITEMS) values (91, 14);
insert into CONTAINS_ITEM (Id_ORDERS, Id_SHOP_ITEMS) values (46, 13);
insert into CONTAINS_ITEM (Id_ORDERS, Id_SHOP_ITEMS) values (78, 21);
insert into CONTAINS_ITEM (Id_ORDERS, Id_SHOP_ITEMS) values (96, 2);
insert into CONTAINS_ITEM (Id_ORDERS, Id_SHOP_ITEMS) values (120, 33);
insert into CONTAINS_ITEM (Id_ORDERS, Id_SHOP_ITEMS) values (60, 4);
insert into CONTAINS_ITEM (Id_ORDERS, Id_SHOP_ITEMS) values (158, 35);
insert into CONTAINS_ITEM (Id_ORDERS, Id_SHOP_ITEMS) values (180, 25);
insert into CONTAINS_ITEM (Id_ORDERS, Id_SHOP_ITEMS) values (74, 47);
insert into CONTAINS_ITEM (Id_ORDERS, Id_SHOP_ITEMS) values (67, 31);
insert into CONTAINS_ITEM (Id_ORDERS, Id_SHOP_ITEMS) values (20, 28);
insert into CONTAINS_ITEM (Id_ORDERS, Id_SHOP_ITEMS) values (55, 15);
insert into CONTAINS_ITEM (Id_ORDERS, Id_SHOP_ITEMS) values (137, 20);
insert into CONTAINS_ITEM (Id_ORDERS, Id_SHOP_ITEMS) values (184, 25);
insert into CONTAINS_ITEM (Id_ORDERS, Id_SHOP_ITEMS) values (55, 30);
insert into CONTAINS_ITEM (Id_ORDERS, Id_SHOP_ITEMS) values (131, 36);
insert into CONTAINS_ITEM (Id_ORDERS, Id_SHOP_ITEMS) values (107, 25);
insert into CONTAINS_ITEM (Id_ORDERS, Id_SHOP_ITEMS) values (154, 36);
insert into CONTAINS_ITEM (Id_ORDERS, Id_SHOP_ITEMS) values (63, 6);
insert into CONTAINS_ITEM (Id_ORDERS, Id_SHOP_ITEMS) values (191, 6);
insert into CONTAINS_ITEM (Id_ORDERS, Id_SHOP_ITEMS) values (43, 50);
insert into CONTAINS_ITEM (Id_ORDERS, Id_SHOP_ITEMS) values (25, 18);
insert into CONTAINS_ITEM (Id_ORDERS, Id_SHOP_ITEMS) values (125, 4);
insert into CONTAINS_ITEM (Id_ORDERS, Id_SHOP_ITEMS) values (117, 40);
insert into CONTAINS_ITEM (Id_ORDERS, Id_SHOP_ITEMS) values (40, 38);
insert into CONTAINS_ITEM (Id_ORDERS, Id_SHOP_ITEMS) values (162, 14);
insert into CONTAINS_ITEM (Id_ORDERS, Id_SHOP_ITEMS) values (190, 13);
insert into CONTAINS_ITEM (Id_ORDERS, Id_SHOP_ITEMS) values (9, 40);
insert into CONTAINS_ITEM (Id_ORDERS, Id_SHOP_ITEMS) values (14, 31);
insert into CONTAINS_ITEM (Id_ORDERS, Id_SHOP_ITEMS) values (7, 5);
insert into CONTAINS_ITEM (Id_ORDERS, Id_SHOP_ITEMS) values (87, 45);
insert into CONTAINS_ITEM (Id_ORDERS, Id_SHOP_ITEMS) values (62, 25);
insert into CONTAINS_ITEM (Id_ORDERS, Id_SHOP_ITEMS) values (97, 1);
insert into CONTAINS_ITEM (Id_ORDERS, Id_SHOP_ITEMS) values (114, 26);
insert into CONTAINS_ITEM (Id_ORDERS, Id_SHOP_ITEMS) values (80, 35);
insert into CONTAINS_ITEM (Id_ORDERS, Id_SHOP_ITEMS) values (187, 31);
insert into CONTAINS_ITEM (Id_ORDERS, Id_SHOP_ITEMS) values (123, 28);
insert into CONTAINS_ITEM (Id_ORDERS, Id_SHOP_ITEMS) values (85, 29);
insert into CONTAINS_ITEM (Id_ORDERS, Id_SHOP_ITEMS) values (33, 19);
insert into CONTAINS_ITEM (Id_ORDERS, Id_SHOP_ITEMS) values (108, 26);
insert into CONTAINS_ITEM (Id_ORDERS, Id_SHOP_ITEMS) values (102, 43);
insert into CONTAINS_ITEM (Id_ORDERS, Id_SHOP_ITEMS) values (56, 6);
insert into CONTAINS_ITEM (Id_ORDERS, Id_SHOP_ITEMS) values (4, 5);
insert into CONTAINS_ITEM (Id_ORDERS, Id_SHOP_ITEMS) values (164, 3);
insert into CONTAINS_ITEM (Id_ORDERS, Id_SHOP_ITEMS) values (56, 7);
insert into CONTAINS_ITEM (Id_ORDERS, Id_SHOP_ITEMS) values (149, 26);
insert into CONTAINS_ITEM (Id_ORDERS, Id_SHOP_ITEMS) values (159, 13);
insert into CONTAINS_ITEM (Id_ORDERS, Id_SHOP_ITEMS) values (98, 23);
insert into CONTAINS_ITEM (Id_ORDERS, Id_SHOP_ITEMS) values (140, 20);
insert into CONTAINS_ITEM (Id_ORDERS, Id_SHOP_ITEMS) values (47, 44);
insert into CONTAINS_ITEM (Id_ORDERS, Id_SHOP_ITEMS) values (193, 14);
insert into CONTAINS_ITEM (Id_ORDERS, Id_SHOP_ITEMS) values (143, 20);
insert into CONTAINS_ITEM (Id_ORDERS, Id_SHOP_ITEMS) values (17, 38);
insert into CONTAINS_ITEM (Id_ORDERS, Id_SHOP_ITEMS) values (37, 8);
insert into CONTAINS_ITEM (Id_ORDERS, Id_SHOP_ITEMS) values (88, 39);
insert into CONTAINS_ITEM (Id_ORDERS, Id_SHOP_ITEMS) values (153, 36);
insert into CONTAINS_ITEM (Id_ORDERS, Id_SHOP_ITEMS) values (121, 47);
insert into CONTAINS_ITEM (Id_ORDERS, Id_SHOP_ITEMS) values (164, 24);
insert into CONTAINS_ITEM (Id_ORDERS, Id_SHOP_ITEMS) values (175, 5);
insert into CONTAINS_ITEM (Id_ORDERS, Id_SHOP_ITEMS) values (33, 43);
insert into CONTAINS_ITEM (Id_ORDERS, Id_SHOP_ITEMS) values (137, 34);
insert into CONTAINS_ITEM (Id_ORDERS, Id_SHOP_ITEMS) values (110, 26);
insert into CONTAINS_ITEM (Id_ORDERS, Id_SHOP_ITEMS) values (175, 39);
insert into CONTAINS_ITEM (Id_ORDERS, Id_SHOP_ITEMS) values (145, 16);
insert into CONTAINS_ITEM (Id_ORDERS, Id_SHOP_ITEMS) values (122, 34);
insert into CONTAINS_ITEM (Id_ORDERS, Id_SHOP_ITEMS) values (116, 47);
insert into CONTAINS_ITEM (Id_ORDERS, Id_SHOP_ITEMS) values (46, 36);
insert into CONTAINS_ITEM (Id_ORDERS, Id_SHOP_ITEMS) values (131, 44);
insert into CONTAINS_ITEM (Id_ORDERS, Id_SHOP_ITEMS) values (167, 4);
insert into CONTAINS_ITEM (Id_ORDERS, Id_SHOP_ITEMS) values (150, 9);
insert into CONTAINS_ITEM (Id_ORDERS, Id_SHOP_ITEMS) values (57, 26);
insert into CONTAINS_ITEM (Id_ORDERS, Id_SHOP_ITEMS) values (178, 37);
insert into CONTAINS_ITEM (Id_ORDERS, Id_SHOP_ITEMS) values (169, 43);
insert into CONTAINS_ITEM (Id_ORDERS, Id_SHOP_ITEMS) values (102, 28);
insert into CONTAINS_ITEM (Id_ORDERS, Id_SHOP_ITEMS) values (135, 50);
insert into CONTAINS_ITEM (Id_ORDERS, Id_SHOP_ITEMS) values (191, 3);
insert into CONTAINS_ITEM (Id_ORDERS, Id_SHOP_ITEMS) values (185, 50);
insert into CONTAINS_ITEM (Id_ORDERS, Id_SHOP_ITEMS) values (40, 20);
insert into CONTAINS_ITEM (Id_ORDERS, Id_SHOP_ITEMS) values (14, 9);
insert into CONTAINS_ITEM (Id_ORDERS, Id_SHOP_ITEMS) values (193, 34);
insert into CONTAINS_ITEM (Id_ORDERS, Id_SHOP_ITEMS) values (19, 41);
insert into CONTAINS_ITEM (Id_ORDERS, Id_SHOP_ITEMS) values (45, 48);
insert into CONTAINS_ITEM (Id_ORDERS, Id_SHOP_ITEMS) values (198, 40);
insert into CONTAINS_ITEM (Id_ORDERS, Id_SHOP_ITEMS) values (165, 39);
insert into CONTAINS_ITEM (Id_ORDERS, Id_SHOP_ITEMS) values (62, 46);
insert into CONTAINS_ITEM (Id_ORDERS, Id_SHOP_ITEMS) values (154, 46);
insert into CONTAINS_ITEM (Id_ORDERS, Id_SHOP_ITEMS) values (111, 32);
insert into CONTAINS_ITEM (Id_ORDERS, Id_SHOP_ITEMS) values (17, 7);
insert into CONTAINS_ITEM (Id_ORDERS, Id_SHOP_ITEMS) values (132, 26);
insert into CONTAINS_ITEM (Id_ORDERS, Id_SHOP_ITEMS) values (193, 12);
insert into CONTAINS_ITEM (Id_ORDERS, Id_SHOP_ITEMS) values (94, 21);
insert into CONTAINS_ITEM (Id_ORDERS, Id_SHOP_ITEMS) values (189, 4);
insert into CONTAINS_ITEM (Id_ORDERS, Id_SHOP_ITEMS) values (20, 11);
insert into CONTAINS_ITEM (Id_ORDERS, Id_SHOP_ITEMS) values (2, 1);
insert into CONTAINS_ITEM (Id_ORDERS, Id_SHOP_ITEMS) values (159, 36);
insert into CONTAINS_ITEM (Id_ORDERS, Id_SHOP_ITEMS) values (126, 24);
insert into CONTAINS_ITEM (Id_ORDERS, Id_SHOP_ITEMS) values (128, 40);
insert into CONTAINS_ITEM (Id_ORDERS, Id_SHOP_ITEMS) values (75, 33);
insert into CONTAINS_ITEM (Id_ORDERS, Id_SHOP_ITEMS) values (106, 31);
insert into CONTAINS_ITEM (Id_ORDERS, Id_SHOP_ITEMS) values (187, 13);
insert into CONTAINS_ITEM (Id_ORDERS, Id_SHOP_ITEMS) values (110, 23);
insert into CONTAINS_ITEM (Id_ORDERS, Id_SHOP_ITEMS) values (174, 50);
insert into CONTAINS_ITEM (Id_ORDERS, Id_SHOP_ITEMS) values (116, 44);
insert into CONTAINS_ITEM (Id_ORDERS, Id_SHOP_ITEMS) values (200, 41);
insert into CONTAINS_ITEM (Id_ORDERS, Id_SHOP_ITEMS) values (17, 47);
insert into CONTAINS_ITEM (Id_ORDERS, Id_SHOP_ITEMS) values (129, 22);
insert into CONTAINS_ITEM (Id_ORDERS, Id_SHOP_ITEMS) values (56, 12);
insert into CONTAINS_ITEM (Id_ORDERS, Id_SHOP_ITEMS) values (27, 43);
insert into CONTAINS_ITEM (Id_ORDERS, Id_SHOP_ITEMS) values (107, 48);
insert into CONTAINS_ITEM (Id_ORDERS, Id_SHOP_ITEMS) values (122, 47);
insert into CONTAINS_ITEM (Id_ORDERS, Id_SHOP_ITEMS) values (1, 23);
insert into CONTAINS_ITEM (Id_ORDERS, Id_SHOP_ITEMS) values (37, 20);
insert into CONTAINS_ITEM (Id_ORDERS, Id_SHOP_ITEMS) values (168, 10);
insert into CONTAINS_ITEM (Id_ORDERS, Id_SHOP_ITEMS) values (64, 33);
insert into CONTAINS_ITEM (Id_ORDERS, Id_SHOP_ITEMS) values (143, 30);
insert into CONTAINS_ITEM (Id_ORDERS, Id_SHOP_ITEMS) values (70, 11);
insert into CONTAINS_ITEM (Id_ORDERS, Id_SHOP_ITEMS) values (138, 38);
insert into CONTAINS_ITEM (Id_ORDERS, Id_SHOP_ITEMS) values (26, 43);
insert into CONTAINS_ITEM (Id_ORDERS, Id_SHOP_ITEMS) values (39, 44);
insert into CONTAINS_ITEM (Id_ORDERS, Id_SHOP_ITEMS) values (120, 5);
insert into CONTAINS_ITEM (Id_ORDERS, Id_SHOP_ITEMS) values (65, 28);
insert into CONTAINS_ITEM (Id_ORDERS, Id_SHOP_ITEMS) values (68, 47);
insert into CONTAINS_ITEM (Id_ORDERS, Id_SHOP_ITEMS) values (127, 9);
insert into CONTAINS_ITEM (Id_ORDERS, Id_SHOP_ITEMS) values (180, 12);
insert into CONTAINS_ITEM (Id_ORDERS, Id_SHOP_ITEMS) values (3, 12);
insert into CONTAINS_ITEM (Id_ORDERS, Id_SHOP_ITEMS) values (198, 5);
insert into CONTAINS_ITEM (Id_ORDERS, Id_SHOP_ITEMS) values (147, 34);
insert into CONTAINS_ITEM (Id_ORDERS, Id_SHOP_ITEMS) values (176, 42);
insert into CONTAINS_FOOD (Id_ORDERS, Id_FOODS) values (39, 3);
insert into CONTAINS_FOOD (Id_ORDERS, Id_FOODS) values (144, 2);
insert into CONTAINS_FOOD (Id_ORDERS, Id_FOODS) values (127, 7);
insert into CONTAINS_FOOD (Id_ORDERS, Id_FOODS) values (92, 2);
insert into CONTAINS_FOOD (Id_ORDERS, Id_FOODS) values (128, 15);
insert into CONTAINS_FOOD (Id_ORDERS, Id_FOODS) values (35, 14);
insert into CONTAINS_FOOD (Id_ORDERS, Id_FOODS) values (82, 26);
insert into CONTAINS_FOOD (Id_ORDERS, Id_FOODS) values (42, 41);
insert into CONTAINS_FOOD (Id_ORDERS, Id_FOODS) values (114, 18);
insert into CONTAINS_FOOD (Id_ORDERS, Id_FOODS) values (183, 50);
insert into CONTAINS_FOOD (Id_ORDERS, Id_FOODS) values (128, 7);
insert into CONTAINS_FOOD (Id_ORDERS, Id_FOODS) values (106, 22);
insert into CONTAINS_FOOD (Id_ORDERS, Id_FOODS) values (120, 46);
insert into CONTAINS_FOOD (Id_ORDERS, Id_FOODS) values (49, 42);
insert into CONTAINS_FOOD (Id_ORDERS, Id_FOODS) values (25, 47);
insert into CONTAINS_FOOD (Id_ORDERS, Id_FOODS) values (100, 22);
insert into CONTAINS_FOOD (Id_ORDERS, Id_FOODS) values (47, 48);
insert into CONTAINS_FOOD (Id_ORDERS, Id_FOODS) values (41, 14);
insert into CONTAINS_FOOD (Id_ORDERS, Id_FOODS) values (73, 23);
insert into CONTAINS_FOOD (Id_ORDERS, Id_FOODS) values (127, 46);
insert into CONTAINS_FOOD (Id_ORDERS, Id_FOODS) values (173, 26);
insert into CONTAINS_FOOD (Id_ORDERS, Id_FOODS) values (159, 7);
insert into CONTAINS_FOOD (Id_ORDERS, Id_FOODS) values (108, 31);
insert into CONTAINS_FOOD (Id_ORDERS, Id_FOODS) values (175, 10);
insert into CONTAINS_FOOD (Id_ORDERS, Id_FOODS) values (55, 18);
insert into CONTAINS_FOOD (Id_ORDERS, Id_FOODS) values (43, 14);
insert into CONTAINS_FOOD (Id_ORDERS, Id_FOODS) values (61, 13);
insert into CONTAINS_FOOD (Id_ORDERS, Id_FOODS) values (43, 43);
insert into CONTAINS_FOOD (Id_ORDERS, Id_FOODS) values (11, 35);
insert into CONTAINS_FOOD (Id_ORDERS, Id_FOODS) values (172, 9);
insert into CONTAINS_FOOD (Id_ORDERS, Id_FOODS) values (167, 4);
insert into CONTAINS_FOOD (Id_ORDERS, Id_FOODS) values (36, 45);
insert into CONTAINS_FOOD (Id_ORDERS, Id_FOODS) values (106, 19);
insert into CONTAINS_FOOD (Id_ORDERS, Id_FOODS) values (21, 28);
insert into CONTAINS_FOOD (Id_ORDERS, Id_FOODS) values (78, 5);
insert into CONTAINS_FOOD (Id_ORDERS, Id_FOODS) values (11, 49);
insert into CONTAINS_FOOD (Id_ORDERS, Id_FOODS) values (178, 42);
insert into CONTAINS_FOOD (Id_ORDERS, Id_FOODS) values (168, 49);
insert into CONTAINS_FOOD (Id_ORDERS, Id_FOODS) values (53, 16);
insert into CONTAINS_FOOD (Id_ORDERS, Id_FOODS) values (142, 17);
insert into CONTAINS_FOOD (Id_ORDERS, Id_FOODS) values (38, 2);
insert into CONTAINS_FOOD (Id_ORDERS, Id_FOODS) values (193, 28);
insert into CONTAINS_FOOD (Id_ORDERS, Id_FOODS) values (144, 46);
insert into CONTAINS_FOOD (Id_ORDERS, Id_FOODS) values (145, 8);
insert into CONTAINS_FOOD (Id_ORDERS, Id_FOODS) values (102, 25);
insert into CONTAINS_FOOD (Id_ORDERS, Id_FOODS) values (9, 27);
insert into CONTAINS_FOOD (Id_ORDERS, Id_FOODS) values (110, 39);
insert into CONTAINS_FOOD (Id_ORDERS, Id_FOODS) values (188, 26);
insert into CONTAINS_FOOD (Id_ORDERS, Id_FOODS) values (83, 23);
insert into CONTAINS_FOOD (Id_ORDERS, Id_FOODS) values (28, 35);
insert into CONTAINS_FOOD (Id_ORDERS, Id_FOODS) values (151, 23);
insert into CONTAINS_FOOD (Id_ORDERS, Id_FOODS) values (79, 45);
insert into CONTAINS_FOOD (Id_ORDERS, Id_FOODS) values (10, 11);
insert into CONTAINS_FOOD (Id_ORDERS, Id_FOODS) values (132, 18);
insert into CONTAINS_FOOD (Id_ORDERS, Id_FOODS) values (80, 34);
insert into CONTAINS_FOOD (Id_ORDERS, Id_FOODS) values (107, 15);
insert into CONTAINS_FOOD (Id_ORDERS, Id_FOODS) values (95, 28);
insert into CONTAINS_FOOD (Id_ORDERS, Id_FOODS) values (198, 26);
insert into CONTAINS_FOOD (Id_ORDERS, Id_FOODS) values (4, 20);
insert into CONTAINS_FOOD (Id_ORDERS, Id_FOODS) values (46, 44);
insert into CONTAINS_FOOD (Id_ORDERS, Id_FOODS) values (173, 37);
insert into CONTAINS_FOOD (Id_ORDERS, Id_FOODS) values (164, 12);
insert into CONTAINS_FOOD (Id_ORDERS, Id_FOODS) values (30, 29);
insert into CONTAINS_FOOD (Id_ORDERS, Id_FOODS) values (91, 47);
insert into CONTAINS_FOOD (Id_ORDERS, Id_FOODS) values (12, 36);
insert into CONTAINS_FOOD (Id_ORDERS, Id_FOODS) values (74, 11);
insert into CONTAINS_FOOD (Id_ORDERS, Id_FOODS) values (53, 34);
insert into CONTAINS_FOOD (Id_ORDERS, Id_FOODS) values (142, 43);
insert into CONTAINS_FOOD (Id_ORDERS, Id_FOODS) values (199, 40);
insert into CONTAINS_FOOD (Id_ORDERS, Id_FOODS) values (75, 15);
insert into CONTAINS_FOOD (Id_ORDERS, Id_FOODS) values (16, 32);
insert into CONTAINS_FOOD (Id_ORDERS, Id_FOODS) values (184, 4);
insert into CONTAINS_FOOD (Id_ORDERS, Id_FOODS) values (2, 25);
insert into CONTAINS_FOOD (Id_ORDERS, Id_FOODS) values (131, 14);
insert into CONTAINS_FOOD (Id_ORDERS, Id_FOODS) values (46, 33);
insert into CONTAINS_FOOD (Id_ORDERS, Id_FOODS) values (50, 12);
insert into CONTAINS_FOOD (Id_ORDERS, Id_FOODS) values (61, 30);
insert into CONTAINS_FOOD (Id_ORDERS, Id_FOODS) values (13, 32);
insert into CONTAINS_FOOD (Id_ORDERS, Id_FOODS) values (37, 41);
insert into CONTAINS_FOOD (Id_ORDERS, Id_FOODS) values (181, 20);
insert into CONTAINS_FOOD (Id_ORDERS, Id_FOODS) values (150, 22);
insert into CONTAINS_FOOD (Id_ORDERS, Id_FOODS) values (109, 19);
insert into CONTAINS_FOOD (Id_ORDERS, Id_FOODS) values (32, 26);
insert into CONTAINS_FOOD (Id_ORDERS, Id_FOODS) values (110, 41);
insert into CONTAINS_FOOD (Id_ORDERS, Id_FOODS) values (142, 8);
insert into CONTAINS_FOOD (Id_ORDERS, Id_FOODS) values (42, 26);
insert into CONTAINS_FOOD (Id_ORDERS, Id_FOODS) values (44, 9);
insert into CONTAINS_FOOD (Id_ORDERS, Id_FOODS) values (146, 32);
insert into CONTAINS_FOOD (Id_ORDERS, Id_FOODS) values (23, 10);
insert into CONTAINS_FOOD (Id_ORDERS, Id_FOODS) values (78, 34);
insert into CONTAINS_FOOD (Id_ORDERS, Id_FOODS) values (193, 11);
insert into CONTAINS_FOOD (Id_ORDERS, Id_FOODS) values (1, 39);
insert into CONTAINS_FOOD (Id_ORDERS, Id_FOODS) values (180, 43);
insert into CONTAINS_FOOD (Id_ORDERS, Id_FOODS) values (130, 19);
insert into CONTAINS_FOOD (Id_ORDERS, Id_FOODS) values (89, 49);
insert into CONTAINS_FOOD (Id_ORDERS, Id_FOODS) values (110, 17);
insert into CONTAINS_FOOD (Id_ORDERS, Id_FOODS) values (37, 38);
insert into CONTAINS_FOOD (Id_ORDERS, Id_FOODS) values (20, 44);
insert into CONTAINS_FOOD (Id_ORDERS, Id_FOODS) values (193, 12);
insert into CONTAINS_FOOD (Id_ORDERS, Id_FOODS) values (130, 29);
insert into CONTAINS_FOOD (Id_ORDERS, Id_FOODS) values (73, 6);
insert into CONTAINS_FOOD (Id_ORDERS, Id_FOODS) values (90, 44);
insert into CONTAINS_FOOD (Id_ORDERS, Id_FOODS) values (115, 41);
insert into CONTAINS_FOOD (Id_ORDERS, Id_FOODS) values (143, 6);
insert into CONTAINS_FOOD (Id_ORDERS, Id_FOODS) values (99, 26);
insert into CONTAINS_FOOD (Id_ORDERS, Id_FOODS) values (62, 6);
insert into CONTAINS_FOOD (Id_ORDERS, Id_FOODS) values (117, 23);
insert into CONTAINS_FOOD (Id_ORDERS, Id_FOODS) values (140, 28);
insert into CONTAINS_FOOD (Id_ORDERS, Id_FOODS) values (58, 47);
insert into CONTAINS_FOOD (Id_ORDERS, Id_FOODS) values (3, 44);
insert into CONTAINS_FOOD (Id_ORDERS, Id_FOODS) values (90, 15);
insert into CONTAINS_FOOD (Id_ORDERS, Id_FOODS) values (32, 43);
insert into CONTAINS_FOOD (Id_ORDERS, Id_FOODS) values (194, 15);
insert into CONTAINS_FOOD (Id_ORDERS, Id_FOODS) values (89, 29);
insert into CONTAINS_FOOD (Id_ORDERS, Id_FOODS) values (2, 14);
insert into CONTAINS_FOOD (Id_ORDERS, Id_FOODS) values (75, 21);
insert into CONTAINS_FOOD (Id_ORDERS, Id_FOODS) values (155, 24);
insert into CONTAINS_FOOD (Id_ORDERS, Id_FOODS) values (60, 32);
insert into CONTAINS_FOOD (Id_ORDERS, Id_FOODS) values (120, 40);
insert into CONTAINS_FOOD (Id_ORDERS, Id_FOODS) values (177, 43);
insert into CONTAINS_FOOD (Id_ORDERS, Id_FOODS) values (132, 3);
insert into CONTAINS_FOOD (Id_ORDERS, Id_FOODS) values (64, 40);
insert into CONTAINS_FOOD (Id_ORDERS, Id_FOODS) values (164, 38);
insert into CONTAINS_FOOD (Id_ORDERS, Id_FOODS) values (108, 9);
insert into CONTAINS_FOOD (Id_ORDERS, Id_FOODS) values (136, 20);
insert into CONTAINS_FOOD (Id_ORDERS, Id_FOODS) values (96, 33);
insert into CONTAINS_FOOD (Id_ORDERS, Id_FOODS) values (178, 24);
insert into CONTAINS_FOOD (Id_ORDERS, Id_FOODS) values (183, 26);
insert into CONTAINS_FOOD (Id_ORDERS, Id_FOODS) values (132, 34);
insert into CONTAINS_FOOD (Id_ORDERS, Id_FOODS) values (67, 6);
insert into CONTAINS_FOOD (Id_ORDERS, Id_FOODS) values (188, 16);
insert into CONTAINS_FOOD (Id_ORDERS, Id_FOODS) values (52, 21);
insert into CONTAINS_FOOD (Id_ORDERS, Id_FOODS) values (124, 1);
insert into CONTAINS_FOOD (Id_ORDERS, Id_FOODS) values (123, 28);
insert into CONTAINS_FOOD (Id_ORDERS, Id_FOODS) values (11, 6);
insert into CONTAINS_FOOD (Id_ORDERS, Id_FOODS) values (88, 33);
insert into CONTAINS_FOOD (Id_ORDERS, Id_FOODS) values (128, 43);
insert into CONTAINS_FOOD (Id_ORDERS, Id_FOODS) values (109, 5);
insert into CONTAINS_FOOD (Id_ORDERS, Id_FOODS) values (6, 18);
insert into CONTAINS_FOOD (Id_ORDERS, Id_FOODS) values (136, 29);
insert into CONTAINS_FOOD (Id_ORDERS, Id_FOODS) values (96, 23);
insert into CONTAINS_FOOD (Id_ORDERS, Id_FOODS) values (162, 32);
insert into CONTAINS_FOOD (Id_ORDERS, Id_FOODS) values (157, 24);
insert into CONTAINS_FOOD (Id_ORDERS, Id_FOODS) values (165, 29);
insert into CONTAINS_FOOD (Id_ORDERS, Id_FOODS) values (35, 17);
insert into CONTAINS_FOOD (Id_ORDERS, Id_FOODS) values (190, 29);
insert into CONTAINS_FOOD (Id_ORDERS, Id_FOODS) values (69, 3);
insert into CONTAINS_FOOD (Id_ORDERS, Id_FOODS) values (63, 50);
insert into CONTAINS_FOOD (Id_ORDERS, Id_FOODS) values (53, 44);
insert into CONTAINS_FOOD (Id_ORDERS, Id_FOODS) values (178, 29);
insert into CONTAINS_FOOD (Id_ORDERS, Id_FOODS) values (93, 5);
insert into CONTAINS_FOOD (Id_ORDERS, Id_FOODS) values (122, 4);
insert into CONTAINS_FOOD (Id_ORDERS, Id_FOODS) values (160, 19);
insert into CONTAINS_FOOD (Id_ORDERS, Id_FOODS) values (162, 26);
insert into CONTAINS_FOOD (Id_ORDERS, Id_FOODS) values (153, 16);
insert into CONTAINS_FOOD (Id_ORDERS, Id_FOODS) values (128, 23);
insert into CONTAINS_FOOD (Id_ORDERS, Id_FOODS) values (33, 29);
insert into CONTAINS_FOOD (Id_ORDERS, Id_FOODS) values (73, 1);
insert into CONTAINS_FOOD (Id_ORDERS, Id_FOODS) values (81, 29);
insert into CONTAINS_FOOD (Id_ORDERS, Id_FOODS) values (60, 5);
insert into CONTAINS_FOOD (Id_ORDERS, Id_FOODS) values (185, 3);
insert into CONTAINS_FOOD (Id_ORDERS, Id_FOODS) values (62, 27);
insert into CONTAINS_FOOD (Id_ORDERS, Id_FOODS) values (167, 37);
insert into CONTAINS_FOOD (Id_ORDERS, Id_FOODS) values (135, 15);
insert into CONTAINS_FOOD (Id_ORDERS, Id_FOODS) values (194, 19);
insert into CONTAINS_FOOD (Id_ORDERS, Id_FOODS) values (130, 47);
insert into CONTAINS_FOOD (Id_ORDERS, Id_FOODS) values (152, 26);
insert into CONTAINS_FOOD (Id_ORDERS, Id_FOODS) values (106, 47);
insert into CONTAINS_FOOD (Id_ORDERS, Id_FOODS) values (10, 17);
insert into CONTAINS_FOOD (Id_ORDERS, Id_FOODS) values (189, 41);
insert into CONTAINS_FOOD (Id_ORDERS, Id_FOODS) values (63, 40);
insert into CONTAINS_FOOD (Id_ORDERS, Id_FOODS) values (83, 10);
insert into CONTAINS_FOOD (Id_ORDERS, Id_FOODS) values (3, 32);
insert into CONTAINS_FOOD (Id_ORDERS, Id_FOODS) values (167, 24);
insert into CONTAINS_FOOD (Id_ORDERS, Id_FOODS) values (185, 35);
insert into CONTAINS_FOOD (Id_ORDERS, Id_FOODS) values (132, 20);
insert into CONTAINS_FOOD (Id_ORDERS, Id_FOODS) values (103, 38);
insert into CONTAINS_FOOD (Id_ORDERS, Id_FOODS) values (136, 2);
insert into CONTAINS_FOOD (Id_ORDERS, Id_FOODS) values (110, 43);
insert into CONTAINS_FOOD (Id_ORDERS, Id_FOODS) values (93, 43);
insert into CONTAINS_FOOD (Id_ORDERS, Id_FOODS) values (8, 47);
insert into CONTAINS_FOOD (Id_ORDERS, Id_FOODS) values (53, 12);
insert into CONTAINS_FOOD (Id_ORDERS, Id_FOODS) values (6, 10);
insert into CONTAINS_FOOD (Id_ORDERS, Id_FOODS) values (47, 17);
insert into CONTAINS_FOOD (Id_ORDERS, Id_FOODS) values (67, 32);
insert into CONTAINS_FOOD (Id_ORDERS, Id_FOODS) values (193, 5);
insert into CONTAINS_FOOD (Id_ORDERS, Id_FOODS) values (115, 3);
insert into CONTAINS_FOOD (Id_ORDERS, Id_FOODS) values (47, 37);
insert into CONTAINS_FOOD (Id_ORDERS, Id_FOODS) values (161, 30);
insert into CONTAINS_FOOD (Id_ORDERS, Id_FOODS) values (14, 19);
insert into CONTAINS_FOOD (Id_ORDERS, Id_FOODS) values (168, 33);
insert into CONTAINS_FOOD (Id_ORDERS, Id_FOODS) values (101, 23);
insert into CONTAINS_FOOD (Id_ORDERS, Id_FOODS) values (142, 4);
insert into CONTAINS_FOOD (Id_ORDERS, Id_FOODS) values (68, 39);
insert into CONTAINS_FOOD (Id_ORDERS, Id_FOODS) values (97, 40);
insert into CONTAINS_FOOD (Id_ORDERS, Id_FOODS) values (129, 32);
insert into CONTAINS_FOOD (Id_ORDERS, Id_FOODS) values (103, 11);
insert into CONTAINS_FOOD (Id_ORDERS, Id_FOODS) values (182, 4);
insert into CONTAINS_FOOD (Id_ORDERS, Id_FOODS) values (48, 7);
insert into CONTAINS_FOOD (Id_ORDERS, Id_FOODS) values (164, 42);
